id,type,phase,x_A,y_A,z_A,pe_atom_eV,sxx_bar_A3,syy_bar_A3,szz_bar_A3,sxy_bar_A3,sxz_bar_A3,syz_bar_A3,hydrostatic_raw_bar_A3,displacement_A,dx_A,dy_A,dz_A,neighbor_count,strain_trace,von_mises_strain_proxy,d2min_A2
1,1,Al_slab,4.2630245818968096,6.18978376814651,5.622370313897476,-2.9905,1284750.0,1266570.0,257894.0,208928.0,21764.7,60337.6,-936404.6666666666,0.7157620540245936,0.07712196167890449,-0.09323919039611628,-0.7054601153733495,9,0.027737392352232937,0.07178384347742982,0.04412319721271107
2,1,Al_slab,6.043521562172639,6.401710832016934,8.208265662223301,-3.28751,627145.0,453183.0,-4670.96,-16629.6,-17010.4,-179858.0,-358552.3466666667,0.6444336296360544,0.2088420841960285,-0.20619045689717463,-0.5737291890422629,12,0.025893271575552435,0.0100688337340009,0.03912165581574525
3,1,Al_slab,4.224911005799955,6.239470424267299,12.93423407790494,-3.32383,-75928.2,-292808.0,-804889.0,-84293.5,-284092.0,54642.2,391208.39999999997,0.4913043047717254,0.024445957794405615,-0.03501674951893374,-0.48944472853210996,12,-0.0339358485024448,0.03355704782757305,0.010464280894747281
4,1,Al_slab,5.101117501812904,0.4490557395472496,5.812429888226757,-3.04316,1152420.0,1586440.0,-135921.0,185295.0,-4804.92,-301855.0,-867646.3333333334,0.5292673602666813,-0.029849258410892275,-0.11659107780360418,-0.5154022516370826,9,-0.04057865474288869,0.0450452305201922,0.024894770365046767
5,1,Al_slab,3.6506867040567017,0.14982048233448905,10.44689589316351,-3.30808,142209.0,547750.0,514224.0,13324.4,-271267.0,-118442.0,-401394.3333333333,0.6921063803933949,0.1638349868018669,-0.10048349823589395,-0.6648852573663788,12,0.02737153821787297,0.055670996141710956,0.04719641886399186
6,1,Al_slab,5.72494765762938,6.557741890294779,15.149694266485698,-3.30217,-444623.0,82024.1,-370192.0,94940.0,707.627,-111479.0,244263.63333333333,0.5997336292838498,-0.13789164118765915,-0.018764175214823986,-0.583364574784122,12,-0.015369175908788835,0.015566666432347432,0.04351315751084478
7,1,Al_slab,4.0716793793039265,6.162441866573329,19.906107156594988,-3.32837,-8630.86,-17928.5,-543911.0,-12275.1,-377232.0,-153338.0,190156.78666666665,0.48325230781361045,-0.17911742532632058,-0.05237161760700194,-0.4457655825889617,12,-0.02286572847756818,0.02656810788538077,0.011912128246344925
8,1,Al_slab,11.878035039344724,6.201525622709941,5.636291529967894,-2.90308,2097290.0,2095840.0,427656.0,-122581.0,-29975.0,-353764.0,-1540262.0,0.6971866668895926,0.03450042261090757,-0.08150253787888496,-0.6915463148969775,9,0.07618858515521887,0.04271898140224299,0.0235871371898783
9,1,Al_slab,6.818418875694699,0.7562516570564808,8.226986461220909,-3.28226,747155.0,714183.0,925669.0,130967.0,65704.8,-90002.8,-795669.0,0.572314836257047,0.03867283328296178,-0.13426607460780882,-0.5549966711388539,12,0.0564539881839079,0.03002188918724325,0.025347695446073654
10,1,Al_slab,5.05185407757639,0.6033857428840989,12.872747254915737,-3.3152,-165645.0,507573.0,285303.0,-137606.0,-176403.0,-58083.8,-209077.0,0.5607193107951279,-0.0936557340382409,0.04627809423431106,-0.5509020665911154,12,0.01567583179344545,0.053660309915250524,0.03292292651693667
11,1,Al_slab,3.319908469115689,0.17028896070478633,17.675673297661383,-3.31464,-97074.2,586091.0,-76699.3,311248.0,467810.0,-276631.0,-137439.16666666666,0.422048150474085,-0.20643498118594603,-0.033576688577975716,-0.36658129500220227,12,0.017975756497243034,0.034297930595435185,0.0305298131575211
12,1,Al_slab,5.738112280632459,6.385847856859964,22.005190870162807,-3.29942,218421.0,795678.0,-188448.0,-115064.0,-29720.0,98942.1,-275217.0,0.6925484199688542,-0.18475976911688452,-0.11904619232036408,-0.6567458761280918,12,0.016730499011036848,0.036128762310869963,0.03819998234328142
13,1,Al_slab,4.157866669120527,5.806897336099163,26.79183236089421,-3.27576,-384392.0,-346404.0,-62025.1,217917.0,117971.0,94991.3,264273.7,0.6101901291328001,-0.1667918954108698,-0.3184006914176498,-0.493085648768158,12,-0.009754135956489551,0.02300181421820941,0.04688297869458916
14,1,Al_slab,10.110916851281473,1.5033543691786357,5.607690546837509,-2.88306,2266940.0,2033180.0,405910.0,-168964.0,169257.0,121813.0,-1568676.6666666667,0.7210340490355981,0.03237607383211305,-0.015191512503485827,-0.7201465876193147,9,0.09988559415966969,0.07311494093229536,0.05057262076052568
15,1,Al_slab,13.571021790891246,6.551792481511271,8.053096631118564,-3.27318,211544.0,530164.0,721287.0,-110000.0,-135239.0,-214071.0,-487665.0,0.7352670992876755,0.07871609782166188,-0.05610737260779253,-0.7288850704862142,12,0.02742776815760506,0.027580575080756585,0.0824500102576745
16,1,Al_slab,8.538447364838241,1.1120576186851063,10.782520879360947,-3.26929,585477.0,706054.0,235719.0,220682.0,171144.0,1578.83,-509083.3333333333,0.3571398371657818,0.10402157210745955,-0.09116612067820129,-0.3292675420802684,12,0.0388661709130369,0.02750876745367571,0.06460118152005473
17,1,Al_slab,11.791712366988243,6.121755325951209,12.912745737984384,-3.3254,451389.0,-25600.1,-621536.0,-224202.0,-32010.3,150587.0,65249.033333333326,0.5373662835878568,-0.06636363465166185,-0.15274880522273904,-0.510907225664182,12,-0.004707515239087523,0.04547238248722044,0.019370823635732875
18,1,Al_slab,6.6488266172791874,0.7876262501116896,15.196330697715528,-3.33318,-85565.9,10242.9,227554.0,126205.0,-237669.0,-129589.0,-50743.666666666664,0.5643251389411714,-0.15908597146286318,-0.0715559198557365,-0.5366882395378987,12,0.005838589235430791,0.04273376496629988,0.018154878061614716
19,1,Al_slab,5.208890903285178,0.14397015769734534,19.927788506823703,-3.25329,56390.9,-44042.1,-678092.0,268845.0,481833.0,-113652.0,221914.4,0.552210129165367,0.013197986245216934,-0.3535058933336129,-0.4240229042048398,12,-0.0017354225650509925,0.0307153845823133,0.08550193314593368
20,1,Al_slab,7.327651837912709,6.5958267593075846,24.515084926943167,-3.31146,519252.0,181984.0,833854.0,146772.0,95179.4,374297.0,-511696.6666666667,0.5656343428452725,-0.2682850867084871,-0.19672693136849384,-0.45745364413255984,12,0.030115584510137294,0.04915668347876628,0.03037236029241833
21,1,Al_slab,5.937852187386017,6.358563496285135,29.144464535119905,-3.30483,-396256.0,-380997.0,398797.0,115291.0,73117.9,318422.0,126152.0,0.4633856357507479,-0.05741441089472765,-0.05213784874608863,-0.4568495130454515,12,-0.0035943184844230425,0.03672613778344028,0.03729668931770802
22,1,Al_slab,4.144291966102253,5.799266113704059,33.98022389454,-3.29044,218295.0,258546.0,585269.0,73045.3,294012.0,-277163.0,-354036.6666666667,0.4563308043961012,-0.26705327384788813,-0.22514527660496156,-0.2936493766218362,12,0.012582972073086895,0.02318788788560435,0.028656695382218305
23,1,Al_slab,12.912614621992265,0.34848385664257275,5.849511990317032,-3.02846,975896.0,1056000.0,25556.1,-433062.0,-146617.0,-59086.7,-685817.3666666667,0.5397521696839396,0.12402350014482975,-0.217163712980721,-0.4783204970046473,9,-0.02369702534381135,0.04992231522750052,0.029890188830876057
24,1,Al_slab,12.379805465078949,3.2576981864184464,5.902478757365802,-2.99913,1339640.0,2075310.0,-53896.8,174987.0,-118388.0,-164140.0,-1120351.0666666667,0.46125718128462767,0.06374180477300226,-0.1666363413397236,-0.42535573271772353,9,-0.010257388185160976,0.035078496541784986,0.029534381099750626
25,1,Al_slab,11.692906662925978,1.5704773557571707,8.346355823436785,-3.27764,-299936.0,194985.0,210551.0,101213.0,138193.0,126705.0,-35200.0,0.5152262707568636,-0.03440618031561549,-0.2729459445268374,-0.43563153719682285,12,0.006971399916760435,0.0284110374190758,0.04695692471262994
26,1,Al_slab,15.062578879224837,6.662104701298539,10.501076037488826,-3.29699,295890.0,391446.0,-92104.6,130710.0,213757.0,290203.0,-198410.46666666667,0.6685100437327585,-0.08442302251242007,-0.2584831062767981,-0.6107085357279196,12,0.011435593633214225,0.024020887885405073,0.07352924615009988
27,1,Al_slab,10.730949512101786,3.0919965235412845,10.604473912727908,-3.30373,-159156.0,-189181.0,-605944.0,132482.0,-268327.0,-257061.0,318093.6666666667,0.5110056987684585,0.058992939455203335,-0.017012631029435177,-0.5073038809764139,12,-0.013475434464517155,0.021799549734172224,0.030268506281444646
28,1,Al_slab,10.045509890472896,1.4055651845581327,13.00529610069403,-3.30185,338118.0,832431.0,-177062.0,44008.8,-496344.0,226506.0,-331162.3333333333,0.4338228022550865,-0.04757712345044318,-0.10445878635293093,-0.41836228682125487,12,0.01990080816299855,0.02929661860320462,0.027470447478137563
29,1,Al_slab,13.466922991579914,6.641558801903311,15.193962144280958,-3.33216,416366.0,-114466.0,-267282.0,-185664.0,156203.0,444880.0,-11539.333333333334,0.5456236689954327,-0.053586765606112856,0.06501523424484645,-0.5390794617085692,12,-0.006065805506844102,0.03790025486585486,0.02501975922497139
30,1,Al_slab,8.269530659556898,1.0416631353620636,17.56167907973429,-3.32663,508582.0,-392426.0,123091.0,281817.0,41728.7,30895.7,-79749.0,0.534752643229076,-0.20443972327455914,-0.11512239906196343,-0.4805326442835316,12,0.009403795703180395,0.04363437098592746,0.017251153987859678
31,1,Al_slab,11.818531489208002,6.148627811075792,19.894813699242906,-3.3277,-175925.0,273218.0,571202.0,285010.0,-26010.4,184714.0,-222831.66666666666,0.4703319831679807,-0.08985409328072436,-0.06629336336583336,-0.45688467503853764,12,0.004548338009747299,0.035477195074481487,0.021802018614152343
32,1,Al_slab,6.785823584802775,0.696137016822123,22.376313782286655,-3.31777,635535.0,-140242.0,199224.0,307781.0,66562.6,52694.6,-231505.66666666666,0.3105673508965813,-0.08177151760365485,-0.09160820939745828,-0.285260292229232,12,0.006609774115887368,0.03172098309033815,0.03845905635393432
33,1,Al_slab,5.16762524726557,0.30292296203196306,26.925566026591053,-3.31099,375987.0,472856.0,445639.0,117960.0,286450.0,-171187.0,-431494.0,0.38547499344294234,-0.09881585064636676,-0.1066011165949336,-0.3570190473512369,12,0.026470778852910715,0.029045591202564863,0.019679210358632362
34,1,Al_slab,7.481175760745535,6.65797834460605,31.713888882739127,-3.31833,-107809.0,-69895.2,130245.0,259880.0,194859.0,-303179.0,15819.733333333337,0.2707226921473673,-0.18065069413485815,-0.0420220988229211,-0.19720610021657237,12,-0.004001641575352544,0.041723485314071815,0.03151578128616927
35,1,Al_slab,5.8662719139371005,6.227902448977795,36.32728606714559,-3.29521,-387359.0,387051.0,51159.9,489210.0,-121923.0,-299525.0,-16950.633333333335,0.3861946732008983,-0.19085654854234502,-0.08604862283674919,-0.32452386352185414,12,-0.025926436428703292,0.03754968989469537,0.04045380435617648
36,1,Al_slab,14.888952403997857,2.1251319008984106,5.983764820650946,-2.95954,1540280.0,1146110.0,-83304.6,246482.0,211815.0,247331.0,-867695.1333333333,0.5070740563454393,-0.13715835210608418,-0.34630766337278684,-0.34406785283638713,9,-0.04097303667094809,0.0845178850773362,0.10534148298519724
37,1,Al_slab,14.43694467344952,0.6907450726427159,8.324647797339958,-3.30093,710746.0,-9277.65,-477910.0,-78463.1,70317.6,496584.0,-74519.45,0.4990718903375139,-0.00042476310730244377,-0.1997786076100333,-0.4573413159148849,12,0.012042410522179359,0.042337160159523574,0.02394921441558849
38,1,Al_slab,13.936250962573498,3.608088839446319,8.212567390103898,-3.30404,590579.0,769886.0,267331.0,132462.0,6630.96,-257713.0,-542598.6666666666,0.5873421757601418,-0.02858556030319372,-0.1411248800383862,-0.5694185327182115,12,0.0206436335203366,0.03058982015385049,0.03725711697598832
39,1,Al_slab,13.359736847046452,1.9497638986765222,10.677768765589445,-3.32138,630854.0,-27913.2,116086.0,338293.0,-137031.0,-122843.0,-239675.6,0.48108029585558165,-0.022265230623338187,-0.2063447234218112,-0.4340096377751994,12,0.022224557108370346,0.02861894160892292,0.026751349512483303
40,1,Al_slab,12.68642688675943,0.42964049410605215,12.966180134044873,-3.32061,305530.0,-8819.29,31768.8,102088.0,164029.0,125878.0,-109493.17,0.48905228430116854,-0.11672829890899548,-0.127477004599378,-0.4574890756207992,12,0.007112426203176647,0.01986740432574496,0.03364968324941713
41,1,Al_slab,12.382659660634529,3.3487539847957786,12.936950929267514,-3.32488,477834.0,272101.0,-59061.0,265826.0,249927.0,398480.0,-230291.33333333334,0.49405268376099054,0.052043465111031736,-0.06705573955638089,-0.48670633842515443,12,0.0006080944847997038,0.024532811741984153,0.014588663466266956
42,1,Al_slab,11.697912469871913,1.8501432287688566,15.154768604492793,-3.31494,700214.0,539036.0,163539.0,67883.5,185702.0,-15887.4,-467596.3333333333,0.5823933477623593,-0.05761351062044894,0.03808558031783815,-0.5782838260609484,12,0.01793209312798938,0.02100713452766216,0.03054679153605538
43,1,Al_slab,11.187159081741981,0.14717908445191757,17.549266023670725,-3.31025,90758.4,-164610.0,110014.0,80907.8,-31607.2,-366492.0,-12054.133333333331,0.49622173180686285,0.0030448474686846005,-0.0567004876032359,-0.49296226095599843,12,-0.004431418805870391,0.02809993220053469,0.019808594692154118
44,1,Al_slab,10.673589105930288,2.934754686154822,17.540265025309065,-3.3071,843100.0,892912.0,987106.0,390881.0,-23219.4,-163078.0,-907706.0,0.5193438304108264,-0.03795309062173226,-0.12782677974391232,-0.5019341505400376,12,0.06717761167721026,0.036906877993320264,0.022198173187360847
45,1,Al_slab,10.01511206439579,1.3511713621929864,19.942898145086925,-3.32021,771492.0,615076.0,759354.0,171470.0,80439.9,-211468.0,-715307.3333333334,0.4398660888223284,-0.12827362131110398,-0.09924911222660393,-0.40887365761787464,12,0.048237692388841014,0.028040369022618812,0.013440890073405508
46,1,Al_slab,13.443772030326423,6.194679620482387,22.343412654474026,-3.2925,439652.0,154072.0,731715.0,155649.0,75757.4,61688.5,-441813.0,0.46479245961717375,-0.136708483228146,-0.3103527523879066,-0.31784271301335915,12,0.025449686681787487,0.03034633918965397,0.05396731948258827
47,1,Al_slab,8.378359618181932,1.0081373948127208,24.71736218667123,-3.31461,640086.0,920992.0,676754.0,121471.0,-145766.0,-264427.0,-745944.0,0.3087847149231579,-0.16287698748894816,-0.06744277542240962,-0.2535163883460463,12,0.049129250466408925,0.018063365282300854,0.023345382774546647
48,1,Al_slab,11.905516613421103,5.84646835116586,27.04712615442042,-3.27444,595713.0,178238.0,43101.2,12145.8,177349.0,116088.0,-272350.73333333334,0.3717358662730079,-0.07544336416730957,-0.280086819444394,-0.23248059413720057,12,0.028406040891824302,0.02483917659946639,0.04560192362664795
49,1,Al_slab,6.819827896312457,0.4419200110786934,29.404047174329264,-3.2755,1065570.0,686374.0,535820.0,126868.0,113315.0,238025.0,-762588.0,0.337251763423687,-0.12059245785591165,-0.2552309963888767,-0.18453549664765845,12,0.05943947058824839,0.03317848079743075,0.04954826355137756
50,1,Al_slab,5.275436973743262,0.22794226794368946,33.95260114780196,-3.31062,302018.0,186392.0,-274533.0,34726.7,-204594.0,-114865.0,-71292.33333333333,0.27318858887809516,-0.043741231757120864,-0.10774139404847863,-0.2472053837319592,12,-0.011610495118520525,0.01893674041605012,0.039521725657818
51,1,Al_slab,7.407746041535615,6.337056950399946,38.50965135138836,-3.19828,100867.0,126680.0,-701699.0,199305.0,-846243.0,245100.0,158050.66666666666,0.5838717826906045,-0.13526716404405636,-0.27695730874284497,-0.4958867835380403,14,-0.0007869380705695095,0.06469426423581463,0.09971916014856465
52,1,Al_slab,2.5043953134457206,1.4660389019194349,5.748652578973095,-2.95522,1741150.0,1836040.0,112356.0,254289.0,-316381.0,13184.5,-1229848.6666666667,0.587514488405539,0.08348209028593877,-0.052503395617861555,-0.5791782179403046,9,0.010921706157569822,0.031044198989387598,0.035042508025608404
53,1,Al_slab,17.418426596714454,4.292708104518488,5.954167089895247,-3.00492,1281320.0,1368480.0,1267.4,555580.0,-357398.0,-85280.8,-883689.1333333333,0.41319911209621696,0.15478972059746351,-0.08453088556930588,-0.37366854031257457,9,-0.02640007357506735,0.06269408497293846,0.03585611960431248
54,1,Al_slab,16.78310017138386,2.628661958755783,8.406776316233517,-3.26845,666537.0,520356.0,480081.0,298039.0,238987.0,158235.0,-555658.0,0.4249692705153498,0.10821213521813176,-0.16764981753230668,-0.3752100123334472,12,0.031317440751301384,0.044999248774602894,0.033842934329895005
55,1,Al_slab,0.9829604046039019,1.1345508956681765,10.674296188459968,-3.31221,726849.0,352708.0,198551.0,116841.0,-188322.0,287573.0,-426036.0,0.4884683031326236,0.20615618233123587,-0.06864925872328233,-0.4374793605744376,12,0.01589784137778416,0.04301706588752509,0.029430501317038366
56,1,Al_slab,15.7194532698399,3.9562997160248017,10.623244069310507,-3.32783,832422.0,56128.9,-156145.0,227378.0,401631.0,168146.0,-244135.30000000002,0.5097193903277164,0.09992301197725338,-0.10561142833445558,-0.48854424032896837,12,0.005163335614911557,0.040089570865137376,0.012050113982163935
57,1,Al_slab,15.023089518854185,2.453196129767871,12.890429650218374,-3.3038,561143.0,221595.0,571022.0,500359.0,-204882.0,61514.4,-451253.3333333333,0.5336164425073125,-0.017586941359608588,-0.009700831768206799,-0.5332383154563995,12,0.022392216661113573,0.03619417262827379,0.024259197056163518
58,1,Al_slab,14.427646174154178,0.8446296820852274,15.31913236226241,-3.3267,-198983.0,-410603.0,121890.0,37409.6,146911.0,112306.0,162565.33333333334,0.41590992659102766,-0.0379252628255653,-0.014520936012490717,-0.41392255784613496,12,-0.00469139042688882,0.03361157148108914,0.014414326395941604
59,1,Al_slab,13.96000358687078,3.739286266962898,15.394672130805398,-3.31542,-22797.6,574078.0,-109179.0,312697.0,34173.3,-44215.3,-147367.13333333333,0.34067246770230547,-0.03304612575894694,0.021441066411121312,-0.33838729954573665,12,-0.0009314582975648023,0.021738150745738073,0.024997703909310887
60,1,Al_slab,13.381788993466268,2.215028923789368,17.642528034010063,-3.32749,300988.0,292206.0,85221.3,-8144.71,203522.0,223325.0,-226138.43333333335,0.41532296387121276,-0.03980739465978366,0.10537400549298459,-0.3997559938456625,12,0.004600093690950158,0.012287759204701255,0.024112378762319194
61,1,Al_slab,12.784398313562422,0.519544122963145,19.83043336627614,-3.29822,75432.9,394266.0,469682.0,42441.8,-67731.8,-210467.0,-313126.9666666667,0.5264255027219629,-0.06917574695180839,0.022089309854625427,-0.5213929308495437,12,0.02329968008113592,0.03600762956701277,0.03175274566660747
62,1,Al_slab,12.274239658159592,3.3604495697016263,20.00381621567106,-3.3051,403371.0,261736.0,186294.0,290545.0,-56402.5,-593703.0,-283800.3333333333,0.36393688527818174,-0.10673947611999955,0.004344471399587491,-0.3479049672997938,12,0.03050335822584338,0.035474814425321397,0.027463324245991527
63,1,Al_slab,11.646486111821984,1.5992401311338618,22.41715203340357,-3.2926,289737.0,903416.0,658655.0,443098.0,-29487.9,-9598.21,-617269.3333333334,0.32898193731871966,-0.16914448303339924,-0.14131306761782558,-0.24423324069786642,12,0.04320347973524841,0.036522564872086986,0.03665371434943352
64,1,Al_slab,15.252453501120803,6.6324158833797116,24.659878635295055,-3.31383,447124.0,661341.0,-228161.0,75037.8,228448.0,146002.0,-293434.6666666667,0.34972078808333995,-0.0024734740212985235,-0.15995128845259537,-0.3109889015162004,12,0.007225794272051389,0.037010511920514015,0.02271036611254078
65,1,Al_slab,10.6977753555827,2.941491725614287,24.639997647996527,-3.32338,618287.0,870383.0,-157237.0,-79086.0,232550.0,-370026.0,-443811.0,0.3429724816394027,-0.08106248657854209,-0.039654161623686957,-0.3308875094311005,12,0.028573282817634382,0.019327373799296034,0.014248091733063009
66,1,Al_slab,10.157989607110073,1.2512082831839275,26.899258700690957,-3.3082,1337940.0,824249.0,516229.0,107904.0,-60902.6,63954.1,-892806.0,0.399952416969468,-0.059130691066863854,-0.11008954755921009,-0.37992866268798764,12,0.05719172992654342,0.029692954629350753,0.016256345436523826
67,1,Al_slab,13.67544775103294,6.271792689834916,29.216139567009595,-3.30244,303960.0,386557.0,597536.0,-27011.9,-365423.0,396441.0,-429351.0,0.39619326890924395,0.014007850921830194,-0.1395688794586203,-0.37053125958306055,12,0.031039032345088424,0.052076187543538585,0.021302005699192297
68,1,Al_slab,8.505084550424431,0.9444549232378968,31.756712171140283,-3.25544,1062450.0,386633.0,-157522.0,178492.0,-24955.6,-114767.0,-430520.3333333333,0.17948440395858892,-0.1181189344511324,-0.03830056181800512,-0.12959797665443773,12,0.04516364808631701,0.055610049915472186,0.05397792105434936
69,1,Al_slab,11.948197014861613,5.88018767755091,33.824541945309214,-3.31887,432938.0,158230.0,110297.0,310561.0,288302.0,332967.0,-233821.66666666666,0.41842438140788807,-0.1371969971013911,-0.1707611767218653,-0.3565060553027095,13,0.01800649490981876,0.018205178180163747,0.03755960610050803
70,1,Al_slab,6.842082019059225,0.5659622300394894,36.185060755734604,-3.26018,633375.0,-190080.0,50945.2,-175107.0,-74042.3,343808.0,-164746.73333333334,0.3559548159842273,-0.17720142701655028,-0.0727679027108512,-0.3000138623809363,13,0.030326131503378817,0.03974004238249993,0.028955515602147954
71,1,Al_slab,4.7791480121888705,3.4285533031777127,5.623743899339887,-2.96841,1470230.0,1733180.0,63695.9,160815.0,-27533.2,77855.7,-1089035.3,0.7143778025942817,0.12071094999198805,0.004213884745899232,-0.7040928593351977,9,0.0028725528935223954,0.037175833234017804,0.034986667623489405
72,1,Al_slab,4.13095972950583,1.8915753780883946,8.037553963570524,-3.288,120256.0,393144.0,322434.0,250500.0,-24858.0,-111989.0,-278611.3333333333,0.7484979311431355,0.06127487161591283,0.04815693434021706,-0.7444296156850285,12,0.012081169912084855,0.030370549424839438,0.0782891493625236
73,1,Al_slab,3.7728405904568145,4.644754716900467,8.258789850999243,-3.31352,74419.6,-224045.0,-92307.6,211024.0,-300873.0,27496.2,80644.33333333333,0.5548742135062434,0.17568398750033332,-0.05734362241474855,-0.5231942644166789,12,0.0033505684833177174,0.04574216050381739,0.01997356785107127
74,1,Al_slab,3.214629053065799,3.1387095309488435,10.684509099387027,-3.31004,-255074.0,615052.0,330563.0,397531.0,-295647.0,127847.0,-230180.33333333334,0.4728326263215346,0.20029712702086533,0.029698428607797034,-0.4272818235772906,12,0.013543302655964928,0.04362060253012408,0.03426315687652556
75,1,Al_slab,2.3948703727141902,1.4976696101090048,12.999033494843175,-3.30909,254360.0,160074.0,63222.4,138316.0,-417466.0,271854.0,-159218.80000000002,0.4267410847507838,-0.04057896980973208,-0.012327968030840575,-0.4246284515051801,12,0.01714080268450746,0.0466125042645608,0.02147844401988842
76,1,Al_slab,17.38606984757756,4.368561396381455,12.964010791567489,-3.3179,-336430.0,228061.0,26890.6,333535.0,-489569.0,-205245.0,27159.466666666664,0.4721476627728752,0.10787876325834843,-0.0001226045984230595,-0.459658104320864,12,-0.0070977232705673465,0.04259349181309541,0.01969435907089469
77,1,Al_slab,16.533342545149655,2.696369194858064,15.402224070082323,-3.3005,363354.0,267471.0,140728.0,218491.0,-100360.0,-72765.4,-257184.33333333334,0.37813106283880343,-0.16974739898826027,-0.06858320558559283,-0.33085535379063735,12,0.017932495761544653,0.03319097740863988,0.04347231671187899
78,1,Al_slab,0.788467126895142,1.1195705359351813,17.655497363503144,-3.32478,-298802.0,269736.0,-346517.0,42834.0,-225142.0,237024.0,125194.33333333333,0.3895943785943569,-0.027905878887345525,-0.03717249940779799,-0.3868116428491071,12,-0.021535280469340168,0.023777310468698548,0.0226924587627612
79,1,Al_slab,15.570611904464636,4.054610769328845,17.626925231779236,-3.32473,-165466.0,-91371.7,-382139.0,200887.0,10917.4,-269839.0,212992.2333333333,0.42651728772254394,-0.08855098724731823,0.039156414454675215,-0.41538234747130787,12,-0.02385509309753986,0.02606145379816746,0.012364421113352913
80,1,Al_slab,14.95741443710482,2.2826124906080625,19.96521336202842,-3.32855,-438557.0,-246954.0,-607629.0,132826.0,-170750.0,-563092.0,431046.6666666667,0.4265079275938466,-0.1336813865237758,-0.12058634186367811,-0.3866487208738895,12,-0.028975564482231597,0.025979726880988752,0.016347801589428734
81,1,Al_slab,14.345635512608059,0.666926935017964,22.302181776696024,-3.32365,106018.0,276702.0,-586606.0,114556.0,-259084.0,-49560.2,67962.0,0.41991288695020323,-0.18006809515322783,-0.12061675487891821,-0.3596580489537544,12,-0.009523861890175733,0.03337430965105945,0.021865406590744065
82,1,Al_slab,14.012640392369917,3.595687850970805,22.105042627214942,-3.27244,-472144.0,-536429.0,-255552.0,351408.0,-227707.0,-399907.0,421375.0,0.5602749865702892,-0.04056794971086574,-0.050533757768724374,-0.5565147269914483,12,-0.013879187649729396,0.032573936194100296,0.06663976444349697
83,1,Al_slab,13.400838707919124,1.9132359993787034,24.674125837731076,-3.32329,-419139.0,-193104.0,384597.0,-161484.0,-15090.8,-258746.0,75882.0,0.33061478814069606,-0.08906788032301448,-0.1143323690242759,-0.2971551113902961,12,-0.009994572964207693,0.02354220478522268,0.02450768759639962
84,1,Al_slab,12.893517924868227,0.15729434466538694,26.921964539915606,-3.31919,-41649.9,382046.0,-339023.0,51228.2,-245430.0,290724.0,-457.69999999999226,0.44016605044576174,-0.03485117465297449,-0.25003943858577393,-0.36057152791372715,12,-0.00903566725240268,0.030415443419491407,0.02026438767284802
85,1,Al_slab,12.485923688217227,3.190325301772439,27.014166969446833,-3.30626,215565.0,-128588.0,-61943.2,3671.99,181139.0,-97934.3,-8344.6,0.2781788413463987,0.030538950083442984,-0.07617344650667324,-0.26579775459533295,12,0.00010073420861189675,0.024031576423766004,0.03780536027983773
86,1,Al_slab,11.746899414698811,1.591721875419396,29.25265736093253,-3.3264,666725.0,529788.0,115948.0,177909.0,91677.3,68840.8,-437487.0,0.3705262073981734,-0.14933149936956447,-0.05239193574524981,-0.3350296385900471,12,0.016607715192594297,0.03362538693245833,0.02829264788921634
87,1,Al_slab,15.26921516477552,6.642989935076415,31.557857052957868,-3.32628,304331.0,649913.0,515685.0,138033.0,-212000.0,72231.7,-489976.3333333333,0.3546651970199455,-0.07315690712017159,-0.04993574920540892,-0.3434266877648006,12,0.023208144403287223,0.043195559730106484,0.01984162288173355
88,1,Al_slab,11.00667668595316,2.8656254023090786,31.565959149587908,-3.2833,898092.0,450412.0,117586.0,-108566.0,61812.6,-84904.1,-488696.6666666667,0.34626112409268156,0.13979673271435722,-0.017993655809509956,-0.31627498783641883,12,0.03342419746610448,0.04122912383211397,0.08814503023131866
89,1,Al_slab,10.207598863681246,1.4035351348893061,33.80632285986701,-3.27687,231091.0,528895.0,-458025.0,25983.3,-166225.0,-291711.0,-100653.66666666667,0.4244714651121752,-0.10490260231074085,0.15412726683513414,-0.38133483232041954,12,-0.010442673993297236,0.016642816589616412,0.0852275229950491
90,1,Al_slab,13.907032473950801,6.242967338170985,36.17833891529867,-3.21714,257020.0,258672.0,739637.0,-558617.0,385344.0,-102298.0,-418443.0,0.4385602688281423,0.1401319437662973,-0.10753996705453962,-0.40141412931883735,14,0.07658876318716556,0.05831300934217522,0.12114669195523431
91,1,Al_slab,8.749039762994022,1.0534157751754425,38.74126313303208,-3.30153,1048620.0,673012.0,1536270.0,736526.0,-141603.0,298861.0,-1085967.3333333333,0.5168132728275475,-0.06184394303088144,0.2944317395411611,-0.4202157022671571,11,-0.022759392397254885,0.05291365633186633,0.23586318340316115
92,1,Al_slab,7.324037498866346,2.375268308730808,5.574510161659915,-2.9352,2011870.0,2019940.0,524048.0,236015.0,161493.0,32251.0,-1518619.3333333333,0.7607401594054924,-0.04445293059005806,-0.09617388487098388,-0.7533260323147424,9,0.1104891005330828,0.07610364782535237,0.03244314971792251
93,1,Al_slab,6.900140811448296,5.277779894363996,5.818783868151236,-3.02344,1483450.0,1336330.0,-295192.0,-30288.4,435433.0,-78555.3,-841529.3333333334,0.5117469877788745,0.004181320397428583,-0.052345293520821734,-0.5090456426556509,9,-0.048118416884444404,0.0673911105023666,0.015709295757505733
94,1,Al_slab,6.465992386861325,3.596481724480225,8.173089355890976,-3.31295,532455.0,267495.0,339671.0,-73062.4,-182454.0,156962.0,-379873.6666666667,0.647524202067896,0.15878391500324618,-0.15272432994752583,-0.60889288026876,12,0.008250287643260301,0.0294040545512856,0.027970335435920993
95,1,Al_slab,5.6692059876522665,2.08414488007471,10.559630707032674,-3.29206,-25343.8,774578.0,254810.0,93679.4,-76544.8,112433.0,-334681.39999999997,0.5595650402104307,-0.05516744804841345,-0.0719703529144029,-0.5521683214409379,12,0.01511798936024844,0.0377221475877967,0.03377581513576013
96,1,Al_slab,5.367439118000684,5.007557326985398,10.645176443929785,-3.33481,52871.3,111133.0,4862.72,98518.6,-5853.94,168519.0,-56289.00666666666,0.4807702791569413,0.11559593643904797,-0.007231010236581348,-0.46661049419229883,12,-0.0034541942839257933,0.04594199287131324,0.011587453836201323
97,1,Al_slab,4.746753818267314,3.5365326502783443,12.953577949524936,-3.31948,24948.4,-197646.0,-326340.0,345647.0,-306604.0,13396.0,166345.86666666667,0.4909101488687095,0.07378394394652599,0.12073452818519215,-0.4700764592934786,12,-0.021715118255727583,0.041716724042246855,0.03636990709344187
98,1,Al_slab,4.063607221315106,1.7719045340412154,15.247815098737039,-3.31163,269457.0,587834.0,447578.0,-50222.5,-86530.2,-238561.0,-434956.3333333333,0.48810833053778496,-0.03424082153489039,-0.040162743220999,-0.48524659971808504,12,0.028873093877233358,0.028934409717017145,0.02767083823986731
99,1,Al_slab,3.5149541701445766,4.811459457670154,15.177671975647979,-3.28202,-504449.0,-73993.1,-392635.0,174669.0,-311799.0,-46691.9,323692.36666666664,0.5834709839995068,-0.11038504513272374,0.14074817635888337,-0.5553768826950289,12,-0.022626877974694093,0.043311845581253366,0.04316185707649211
100,1,Al_slab,2.918051734362007,3.111381574274651,17.55032290174088,-3.33098,90381.4,629635.0,496892.0,-176325.0,-309662.0,-282933.0,-405636.1333333333,0.5127010103076229,-0.1357769299320588,0.04883316150865413,-0.4919779198355876,12,0.018798871867004685,0.04091046445815461,0.02205234044663527
101,1,Al_slab,2.3080552374189107,1.2969548990622357,19.89312199791865,-3.29218,-60603.6,341548.0,-804206.0,-242318.0,-16686.1,-11968.0,174420.53333333333,0.515343070731213,-0.17769642094062466,-0.1533535322909727,-0.4587866134374998,12,-0.00722022366265751,0.04474181074004903,0.01560751775272703
102,1,Al_slab,17.121992075051317,4.243047646798477,20.00522785866004,-3.32272,26704.4,532908.0,74597.8,196688.0,77270.3,-169075.0,-211403.40000000002,0.4089270960385889,-0.20655853539481936,-0.06592153623845666,-0.34671211745490277,12,0.00873647440934433,0.03738095917040603,0.018351486124125547
103,1,Al_slab,16.545261033599523,2.63599770528948,22.205732814221093,-3.31007,-37077.6,-530200.0,-260079.0,134018.0,-117692.0,349490.0,275785.5333333333,0.5088752413513432,-0.2179949568336745,-0.05728722815100439,-0.45623500911947446,12,-0.022027685882028747,0.019199218278677387,0.024702030692035696
104,1,Al_slab,0.71150927240567,0.9830544289434674,24.369756920479187,-3.28113,-212606.0,137599.0,-121087.0,143809.0,-98695.1,-282260.0,65364.666666666664,0.6333915985754089,-0.1729964444425924,-0.09168647291902576,-0.6023709306065506,12,-0.002923527734232212,0.021831946004398067,0.051539140110235054
105,1,Al_slab,15.472062471215063,3.6620656797276117,24.671178049451395,-3.27004,-184544.0,-543688.0,-580615.0,156259.0,531303.0,-358811.0,436282.3333333333,0.4790458797986169,-0.2555212527020547,-0.27147844616720285,-0.3008210392180785,12,-0.01908413402743603,0.013675119746315297,0.07057017607702083
106,1,Al_slab,15.19231104909693,1.9523923921361273,26.844653395643377,-3.30144,303075.0,380114.0,-261467.0,184670.0,-313037.0,136127.0,-140574.0,0.5684989869114488,0.026529632442450414,-0.36074002972473673,-0.4385817001152787,12,-0.002044399160249344,0.022171468521402664,0.07595253341423747
107,1,Al_slab,14.415116222803169,0.3883285645314777,29.189341701530815,-3.30939,95700.6,160695.0,-349899.0,-125616.0,2244.75,132455.0,31167.8,0.5434143002670875,-0.19189919401627975,-0.30329276555703866,-0.40802855222574047,12,-0.008313904670647632,0.04991172749269611,0.04928720433834169
108,1,Al_slab,14.139182883196106,3.5468462397491898,29.26985995069738,-3.29047,5807.24,178905.0,15149.3,257251.0,-53782.3,248707.0,-66620.51333333332,0.32211615576975816,0.004495191060655656,-0.004106829058467376,-0.32205860494683236,12,0.010699866983067463,0.02819714617164848,0.047288537471934455
109,1,Al_slab,13.619674535027912,1.870396690553938,31.46367777322822,-3.3038,-60812.6,631438.0,270599.0,436857.0,-68277.4,28542.5,-280408.13333333336,0.44349215037509815,0.04126473149405818,-0.05717863405945467,-0.43785056033554065,12,0.026539788890710736,0.030384430321077616,0.033253305044507235
110,1,Al_slab,12.820620991133508,0.16445606748569971,33.899666510320394,-3.30692,574728.0,845262.0,411879.0,176404.0,-18556.5,-349941.0,-610623.0,0.3976338336332193,-0.2017648669092491,-0.1410279736318318,-0.31227346154331315,12,0.05993254302474382,0.0365472443730766,0.020476670642865326
111,1,Al_slab,12.462967015802773,3.0869767443831124,33.971869845520494,-3.32337,303549.0,336400.0,215509.0,-317817.0,-200725.0,-143566.0,-285152.6666666667,0.25061752906657914,-0.09041836431693895,-0.08437054729464988,-0.21797998995065626,12,0.009209213020528906,0.028634560246032763,0.042330473818531285
112,1,Al_slab,11.761659039400797,1.45115471682386,36.18652337985637,-3.24421,672823.0,705715.0,686126.0,-233539.0,271729.0,-254622.0,-688221.3333333334,0.379464781505315,-0.24490823924730518,-0.05179175405830017,-0.28518606025404836,12,0.05876982953693011,0.04404943352499576,0.10076834884554457
113,1,Al_slab,15.192226633566513,6.517628135429771,38.886615258611414,-3.46625,-201811.0,-75584.9,892404.0,-719511.0,-1119530.0,-210251.0,-205002.69999999998,0.27140965537380235,-0.2565957628500044,-0.08797377342665236,-0.009079135786322468,12,-0.0024316021947792255,0.044014314263374925,0.181500823816938
114,1,Al_slab,11.355209415008428,2.6492847225523404,38.829776433886394,-3.31724,1026710.0,1640150.0,973742.0,878956.0,928669.0,-705701.0,-1213534.0,0.3960369986712319,0.3356264481195001,-0.011106670822133236,0.2099448344267003,14,0.024359719900716947,0.0548332158571129,0.4845035958924451
115,1,Al_slab,9.700295699947837,4.347799004483592,5.8294231464263575,-2.97177,1852620.0,1601260.0,-231499.0,122933.0,170887.0,-179631.0,-1074127.0,0.5081009058022433,0.0942843424439239,-0.02943266184549742,-0.4984081777656399,9,0.007470009078852757,0.032420425905916,0.029453362968955406
116,1,Al_slab,9.199549081645754,2.6662223288258486,8.401837287704096,-3.24014,85608.0,-26071.2,187921.0,321350.0,-173817.0,-114943.0,-82485.93333333333,0.4412084553324998,0.1822859748086216,-0.13008777954581907,-0.38014983106375233,12,0.026707040769458956,0.03862764840249032,0.06527857888635412
117,1,Al_slab,8.760687954924794,5.4309428305874565,8.224990087658233,-3.30697,-336907.0,118528.0,-180419.0,226440.0,373887.0,-128573.0,132932.66666666666,0.6380392468711489,0.2159528318493926,-0.22406176233173095,-0.5570051899443396,12,-0.019125975153796104,0.03826266827153682,0.04253232885744246
118,1,Al_slab,7.946819045449875,3.995536212100065,10.547506540814426,-3.32582,57751.5,255163.0,198733.0,151148.0,-108589.0,104769.0,-170549.16666666666,0.5683604380116092,-0.015078052183407744,-0.06636538402653969,-0.5642711011934889,12,0.0015068344856744575,0.02286053076337351,0.028463598975520032
119,1,Al_slab,7.2548962428721735,2.3462352225546996,12.814003858016438,-3.30149,285231.0,782854.0,-41090.5,195055.0,23560.8,-87164.3,-342331.5,0.6337963694255762,-0.12813454421115722,-0.11665722791660116,-0.6096478226416089,12,0.021077139764763442,0.030117021715368984,0.04170629571423437
120,1,Al_slab,6.989991238070919,5.370035465152658,13.062523706339807,-3.30553,-16578.4,399611.0,435309.0,117051.0,-57493.1,-107649.0,-272780.5333333333,0.37294947861453925,0.07949655897450647,0.04842630922948122,-0.3611460968700619,12,0.020726096804000504,0.04846356289079811,0.054602592373891784
121,1,Al_slab,6.085451282890958,3.6471425884019366,15.334240483883265,-3.31865,138548.0,454567.0,289964.0,13398.4,-221456.0,-58955.4,-294359.6666666667,0.47590492800633993,-0.24989969307686088,-0.07069987021908243,-0.3987946492266605,12,0.008688679473467964,0.03555381127114617,0.03971573220905539
122,1,Al_slab,5.6308445592726715,1.984263283588826,17.686386439812264,-3.33181,183029.0,279196.0,371147.0,-37772.6,-77495.8,-186143.0,-277790.6666666667,0.40003581856523,-0.13302464040866102,-0.12539374045514595,-0.3558223026089955,12,0.016286108216534645,0.03186764584546467,0.022389796765800926
123,1,Al_slab,5.0290957545081305,4.908198587785904,17.598629171678596,-3.31699,20067.3,406577.0,138026.0,62134.8,25088.8,-388128.0,-188223.43333333335,0.5188579248772714,-0.26227325238767385,-0.06018548155274672,-0.44362596305920127,12,0.008574822837366436,0.033359357626425536,0.02256545612364076
124,1,Al_slab,4.451515806463416,3.2436169301578825,19.936929690716916,-3.32055,360407.0,794485.0,-60805.9,-113024.0,136012.0,1534.15,-364695.3666666667,0.508581943034166,-0.27166890139349675,-0.1124927837881584,-0.414966232833045,12,0.02339666000917706,0.0406932281720881,0.027418486512566082
125,1,Al_slab,4.0049629046685284,1.5053194594216774,22.065141963124894,-3.31203,578152.0,653458.0,481538.0,-123251.0,7168.91,69861.8,-571049.3333333334,0.659287205409285,-0.152757550152141,-0.23510753860546688,-0.5966985800039915,12,0.02941427388910478,0.02945285163695623,0.040328663309977454
126,1,Al_slab,3.5378597704137493,4.494628386504789,22.23763588476629,-3.3291,34513.3,407241.0,-262843.0,121001.0,-11627.8,-239809.0,-59637.1,0.46113634223416533,-0.14755749916388217,-0.10445179197421961,-0.424220854889267,12,-0.007788975091317818,0.02484976844792497,0.013960842633999613
127,1,Al_slab,2.9997051402542305,2.732137557863015,24.519834667693292,-3.3262,561117.0,697642.0,769562.0,45255.0,91559.9,-91391.5,-676107.0,0.5308262958295725,-0.12200738364933493,-0.24865253461978076,-0.452838460939823,12,0.0395941684061738,0.024638276239728387,0.023408327742915253
128,1,Al_slab,2.547421274659826,1.2213368367922517,26.998283097357003,-3.28183,-32855.9,215285.0,-57994.0,397474.0,233969.0,203353.0,-41478.36666666667,0.31917504270779673,-0.01115253520132865,-0.13926752216037253,-0.2869719256607119,12,0.006913499815817792,0.04035252077317794,0.05253974760875562
129,1,Al_slab,17.399599089122614,4.045256246528668,26.913046709366487,-3.32005,-85739.1,-279289.0,-152817.0,-103857.0,-44354.7,-287046.0,172615.03333333333,0.4102646861930879,-0.0037888378319373057,-0.1740675854228533,-0.37148786406833517,12,-0.010861820568368818,0.016287779302737143,0.031112395175364422
130,1,Al_slab,16.566226922055797,2.385223373222508,29.17270145068629,-3.31246,-215624.0,-106865.0,-482927.0,559216.0,193948.0,-43164.9,268472.0,0.5507446556739566,-0.27836545411135916,-0.21222417543245833,-0.42519789401267616,12,-0.02168871701041808,0.028207846606210858,0.07184265308939329
131,1,Al_slab,0.7986039132368075,0.8663136807802502,31.536878778988445,-3.31668,97871.7,426807.0,563183.0,379785.0,301117.0,-112158.0,-362620.56666666665,0.4365296430685021,-0.17173580248986872,-0.11029723315861117,-0.3858749328192097,12,1.3882059725855989e-05,0.03854717569755873,0.021416263681858755
132,1,Al_slab,15.954128726080967,3.7548881766075746,31.508359923002008,-3.27473,-33617.5,132592.0,373858.0,-146694.0,134953.0,23619.8,-157610.83333333334,0.4263318400747542,0.1332171078603679,-0.07810761489406293,-0.3973804732625972,12,-0.004803901072375938,0.03272813734923558,0.0683771522452048
133,1,Al_slab,15.243654687417138,2.1458861198450108,33.80567325078577,-3.27434,188029.0,640305.0,-37009.3,418433.0,423085.0,-594396.0,-263774.89999999997,0.4231793035363216,-0.04461529797029051,-0.07273904325381153,-0.4144867063188258,12,0.04268298590193076,0.03428415475651861,0.03949560587098342
134,1,Al_slab,14.55792638160852,0.32925844077127103,36.20655813711008,-3.27615,306581.0,392658.0,-172124.0,198102.0,40165.4,-377424.0,-175705.0,0.45572242372135646,-0.15786571361473636,-0.27006125437336553,-0.33140347438381207,13,0.023946334024724347,0.04693494828484432,0.03766706811798522
135,1,Al_slab,14.35668609110863,3.2572818383871125,36.04417483077207,-3.20265,202689.0,934833.0,-352376.0,-20830.7,-5563.34,-252453.0,-261715.33333333334,0.4937734021175798,0.09138146419121894,-0.18677775482266767,-0.44785675270608744,13,0.058532908436501385,0.04537129792322562,0.10082082826862718
136,1,Al_slab,13.802108067388417,1.6914267644686716,38.35906054601103,-3.18596,-272413.0,605336.0,340538.0,726310.0,399644.0,-101695.0,-224487.0,0.4201308571978788,0.08609792080560116,-0.23678786711490932,-0.3361972504199713,14,0.01938563887331113,0.038444114758258145,0.09840119113398356
137,1,Al_slab,11.346760163722536,4.609833617945803,8.297046211182781,-3.30408,-477083.0,410892.0,-169600.0,277650.0,-4862.52,-97566.9,78597.0,0.5021413915176354,0.09197263939320344,-0.09227755070670707,-0.48494521784824934,12,-0.011630155312897905,0.04248672620534852,0.015643489853780498
138,1,Al_slab,10.302036861514711,5.765935315371647,10.646185209780773,-3.29995,3082.16,-159575.0,-476695.0,145434.0,-51139.4,139511.0,211062.6133333333,0.5177027688006409,0.10262006714416923,-0.2017587551307498,-0.4655949778200643,12,-0.011742578470344323,0.018039543668268505,0.028519261797392195
139,1,Al_slab,9.62031018390702,4.333207746334185,12.85543363043177,-3.28387,621687.0,583631.0,228610.0,-38572.2,-24385.7,194528.0,-477976.0,0.5693384328748153,-0.00024455988445737587,-0.035501037274333846,-0.5682304705762089,12,0.04475386914825741,0.033143047924018204,0.02715799466598008
140,1,Al_slab,8.802117288576857,2.6966560813653873,15.252568008183504,-3.30387,904758.0,461530.0,577354.0,333208.0,-26098.4,-130331.0,-647880.6666666666,0.5428546102831928,-0.24333023293895195,-0.06829422620259296,-0.48043462022525146,12,0.045610435739565025,0.03217818465240506,0.031095807941567476
141,1,Al_slab,8.410208563918326,5.59238273968737,15.47468324928784,-3.28778,654600.0,689788.0,396176.0,20141.1,-347397.0,-78124.1,-580188.0,0.3068730035721629,-0.16267058037046134,-0.031248716125832136,-0.25832700273843834,12,0.03310964989323506,0.03674103850494021,0.06242752640706909
142,1,Al_slab,7.858123613130923,3.824081089601519,17.567386409465627,-3.32938,695797.0,352567.0,-270942.0,-34767.0,159027.0,-156212.0,-259140.66666666666,0.5316287693677418,-0.14327405040862473,-0.1914095880286406,-0.47483056400117357,12,0.0011162159316875364,0.020484812435487186,0.02119335146900815
143,1,Al_slab,7.246307066120114,2.3158222595010547,19.969441301329496,-3.31683,498718.0,-47049.6,308905.0,78428.5,150866.0,-176958.0,-253524.46666666667,0.43445087483562783,-0.18697609967519213,-0.08746047849048999,-0.3822802185542819,12,0.0054181911416316675,0.026081577577451207,0.024304658679996663
144,1,Al_slab,6.82338311236311,5.021605049984573,19.80638460365691,-3.32065,151837.0,-27033.3,40022.2,251079.0,39884.4,-233020.0,-54941.96666666667,0.6117039936034145,-0.13732086038771385,-0.2403709605096589,-0.5454782841107502,12,0.0009959149060417838,0.03642698450174392,0.027750098090783663
145,1,Al_slab,6.236592253906106,3.348269779882891,22.26483301925994,-3.29731,864163.0,205010.0,-104199.0,138999.0,285260.0,-239255.0,-321658.0,0.5210655425021034,-0.15842546401823743,-0.2981565801252595,-0.3968794850601718,12,0.019937433857167397,0.03476510168437193,0.039771185544034304
146,1,Al_slab,5.699653278941712,1.921151667166785,24.57507117301715,-3.32195,-19330.1,-355520.0,-140835.0,390440.0,341812.0,-35877.7,171895.03333333333,0.4316471883984243,-0.1310100295007306,-0.10721353010149405,-0.3970653930848904,12,-0.017428831196794947,0.045370773577044714,0.011296864427148764
147,1,Al_slab,5.162610431791148,4.7052143948577925,24.43490735290953,-3.33001,-17209.4,471125.0,57938.4,149341.0,-18425.9,-368283.0,-170618.0,0.6003614792559274,-0.19606107387504412,-0.18161646796500452,-0.5375959632002889,12,-0.006813111720933018,0.03408756452998524,0.018952921698669103
148,1,Al_slab,4.816168806533279,3.1068783058128635,26.878376134849862,-3.3139,-691115.0,-498092.0,133796.0,543497.0,512216.0,-301435.0,351803.6666666667,0.43740612355233094,0.02136263874076059,-0.16067766950489307,-0.4062640042011907,12,-0.03067048004025108,0.039094740923864876,0.029406929946817418
149,1,Al_slab,4.009810961708643,1.5381957061155374,29.283692941073454,-3.31765,73488.9,-306437.0,-727743.0,76557.6,-187669.0,-382050.0,320230.36666666664,0.40098234559954044,-0.22000344565709626,-0.11136955144776461,-0.31619953888618824,12,-0.02264845122986603,0.01816163359325852,0.02534562859471706
150,1,Al_slab,3.7746047215511713,4.328738971350058,29.049262748238068,-3.28821,-164028.0,-453016.0,-563428.0,464817.0,-109800.0,155044.0,393490.6666666667,0.5801738159341394,0.01170771253912493,-0.17701797722602833,-0.5523850304828031,12,-0.011510985065489976,0.019847505157674982,0.05568351702263804
151,1,Al_slab,3.076216763028863,2.763422695788494,31.46451323523521,-3.3062,-1260720.0,-129921.0,151769.0,810553.0,79622.9,-359262.0,412957.3333333333,0.49665194276566793,-0.12716650998668744,-0.12468462577205709,-0.4636222331670474,12,-0.017595928214234946,0.04534033261130756,0.02566319778181426
152,1,Al_slab,2.4892523680396144,1.1714715394739412,33.97418484574381,-3.28938,322209.0,563541.0,429876.0,294494.0,26895.4,-105395.0,-438542.0,0.3457864396034815,-0.1385675895874483,-0.0986370967924013,-0.3010614689161386,14,0.023964182606781126,0.028518679102534295,0.02049557480357821
153,1,Al_slab,17.417610125091525,3.994293682275659,33.98670079557407,-3.29854,-366415.0,85816.5,456233.0,-301759.0,-81006.8,-426112.0,-58544.833333333336,0.3081002913498432,-0.09616611093028382,-0.12128102648148698,-0.2663996645155535,12,0.014040432985867546,0.06654675623341695,0.021700046231028346
154,1,Al_slab,1.5904635423371678,2.259205476450297,36.66540950651638,-3.22654,-140849.0,-309333.0,954508.0,343455.0,398589.0,211250.0,-168108.66666666666,0.29677993601775177,-0.06335198899074192,-0.2897841361681195,-0.009487377873497849,14,-0.05026467277328439,0.038593405066232774,0.11249319630950226
155,1,Al_slab,0.8233287309440678,0.6574311213087951,38.95308944367409,-3.10068,12758.4,1446380.0,316068.0,564672.0,-380477.0,354716.0,-591735.4666666667,0.37897737881713195,-0.15402428106468147,-0.2955344347729672,-0.18044326632222862,15,0.014156491697914997,0.05154351374731225,0.05121906188461762
156,1,Al_slab,16.219605491663827,3.6731832681256513,38.90674215119879,-3.4702,456648.0,595238.0,449454.0,-427789.0,1508280.0,-29702.4,-500446.6666666667,0.26322535012240894,0.17865237391261599,-0.1426512295021971,-0.13046662777876605,14,0.028788788762138418,0.05502973082144785,0.09805717570902013
157,1,Al_slab,14.829542642173058,5.181253301722613,5.912300140948023,-2.91376,1657600.0,2085990.0,-408079.0,175737.0,187450.0,-359485.0,-1111837.0,0.5205643185082205,0.2759548867981447,-0.1488785038615239,-0.41553736443803135,9,-0.011123110970090666,0.06925269710174865,0.054070272044727356
158,1,Al_slab,12.943523562325074,4.798398242945,10.65868085956784,-3.31108,-75670.5,434700.0,291184.0,-125331.0,17259.2,20797.6,-216737.83333333334,0.5032771320272944,0.034043202504552256,-0.21640001433604897,-0.4531003926065509,12,0.010267182954903475,0.022868567448810908,0.0267877840128293
159,1,Al_slab,11.263006201340419,4.763993297472496,15.221138602928418,-3.28841,846727.0,424266.0,356387.0,176442.0,-237298.0,198000.0,-542460.0,0.5206849484297246,-0.019983730545146003,0.09325612722677512,-0.5118757278572872,12,0.033893510662026505,0.030326640222187853,0.036317377099364494
160,1,Al_slab,10.053309198165731,5.829226597743345,17.644779054282886,-3.30591,560078.0,287549.0,-402160.0,38694.0,-28806.9,-283043.0,-148489.0,0.4482117467624727,-0.18563264525098508,-0.09205068643695657,-0.39744302997973685,12,0.0013382275415630973,0.03219733102475446,0.02327362842475551
161,1,Al_slab,9.445530106405796,4.127552162146189,19.893102237405714,-3.3042,160984.0,-681571.0,-248620.0,172712.0,94162.8,-208974.0,256402.33333333334,0.5422328568103304,-0.22523298554939863,-0.18150849730175356,-0.4586297402398323,12,-0.02157708880445297,0.036137664982701066,0.02809033476432912
162,1,Al_slab,9.14341399644799,2.5734668642091307,22.310867275790855,-3.29665,316526.0,607438.0,498867.0,248184.0,-33169.3,42761.3,-474277.0,0.3725593840565505,0.03811610267850084,-0.12012060120803936,-0.35059763052624504,12,0.025530590416424803,0.023106301345137494,0.04412839322729834
163,1,Al_slab,8.54070177638921,5.326964817018825,22.13509027528013,-3.30358,549117.0,157613.0,-107429.0,255654.0,202547.0,-128727.0,-199767.0,0.5802014875544034,-0.09183665110357353,-0.22525299398820753,-0.5267455594248247,12,0.023220008111788593,0.023401747838198428,0.028227863050684143
164,1,Al_slab,7.87670307742472,3.848224253665984,24.656517867114083,-3.30464,490563.0,8946.1,70594.3,145479.0,266701.0,-383676.0,-190034.46666666667,0.37865781447305213,-0.19152598566743606,-0.08604734662498581,-0.3151117125947955,12,0.009400216384518156,0.023708665645236833,0.02206285093353018
165,1,Al_slab,7.285728713235454,2.237280588214378,26.983482155074224,-3.27155,-67719.6,725970.0,405079.0,234111.0,76826.2,-211201.0,-354443.1333333333,0.37756900214835126,-0.2180501351367745,-0.07816705094156484,-0.2981650584780766,12,0.03337386935064601,0.027934511651022075,0.027943852570903035
166,1,Al_slab,6.934895270170381,5.049060607705763,26.777997842969878,-3.30499,326245.0,-214721.0,-61364.5,141036.0,532178.0,-308162.0,-16719.833333333332,0.5299032403835815,-0.09550061124127751,-0.12423887444921446,-0.5062032985838343,12,0.002614303285606523,0.037220589659419434,0.03458693189672931
167,1,Al_slab,6.317244319301941,3.4782779824830623,29.383058370727337,-3.29906,-187877.0,757250.0,-408287.0,186591.0,-278075.0,-176590.0,-53695.333333333336,0.2708569045481055,-0.1475902878201163,-0.07698794869894598,-0.21366662218906637,12,-0.0019722262716923566,0.03933425822932412,0.03150873902107901
168,1,Al_slab,5.54921411048385,1.9097936948385137,31.57264912860405,-3.28603,-345856.0,-346513.0,-322664.0,31305.2,188735.0,-64043.8,338344.3333333333,0.48549145857768694,-0.35117333360712966,-0.03073672904944602,-0.3338180636252126,12,-0.030327553039765087,0.022166425466318633,0.05174516465586679
169,1,Al_slab,5.278757768874369,4.742117658390797,31.604808200630238,-3.31973,-225491.0,86122.5,489160.0,461093.0,248545.0,-206281.0,-116597.16666666667,0.3574216246484402,-0.1500195352246516,-0.05341254842381194,-0.31998665048433494,12,-0.00294374336432468,0.038208241477733204,0.01821820189888855
170,1,Al_slab,4.685585807242293,3.013184227459344,33.904167196090796,-3.33133,-571511.0,-306113.0,-153778.0,40197.6,164337.0,-431907.0,343800.6666666667,0.4418496526096659,-0.18313031616414488,-0.17775404470999856,-0.36069086819898644,12,-0.0249050941774277,0.0302081154128325,0.014757976382733943
171,1,Al_slab,4.100208114954889,1.3675841340837396,36.32906348533304,-3.32773,-412061.0,130179.0,39654.4,276804.0,50306.2,-76491.0,80742.53333333334,0.37775116183542334,-0.19492705275637867,-0.1860997903315933,-0.26470030678157735,13,-0.017982147308458263,0.02519055177105684,0.02860821666188381
172,1,Al_slab,3.5446683219341364,4.265709874854759,36.30950467745592,-3.26752,-353382.0,-5381.58,460748.0,297050.0,-162352.0,192726.0,-33994.806666666664,0.5521657093396083,-0.34324160069119847,-0.1852934113644782,-0.39081776549994623,13,-0.05008081022395694,0.048480692657462444,0.0788079617145142
173,1,Al_slab,3.3605041666759377,2.5282247794475525,38.938234668024656,-3.39212,-583364.0,1464540.0,763322.0,311903.0,-771127.0,-123514.0,-548166.0,0.3085715892341121,0.025176677152934247,-0.26957526770252205,-0.148026131656259,13,-0.017682390092541023,0.0690196937534453,0.0710234315632621
174,1,Al_slab,16.322376264081026,5.4114332798516545,8.39213544230324,-3.30961,-39229.7,-169453.0,-684248.0,127611.0,127083.0,-75807.9,297643.56666666665,0.4750872436701474,0.1200166224037993,-0.24356468777712692,-0.3898463060141939,12,-0.031052609584634516,0.02541635960773416,0.03915488721335472
175,1,Al_slab,14.743237847173113,5.16060074135734,12.956167833833897,-3.30831,256278.0,-196497.0,453302.0,-107230.0,42750.1,-22476.1,-171027.66666666666,0.524509205920237,0.17508326229145688,-0.16099500018283308,-0.4674787356410856,12,0.005276782439638916,0.03648701018912544,0.04918243405366784
176,1,Al_slab,12.934742629481956,5.120657012995069,17.46839217300101,-3.28944,178101.0,-84871.5,-242519.0,329059.0,15611.5,-339847.0,49763.166666666664,0.5938595256687995,-0.014335304799507396,0.15228511046499893,-0.5738230392678041,12,-0.00022196257940654274,0.031388298872754815,0.056114768179267166
177,1,Al_slab,11.225316369419868,4.514815635425663,22.19416599744028,-3.32116,13344.7,351991.0,511712.0,-40216.0,247436.0,-104104.0,-292349.23333333334,0.4891961637127619,-0.11748300654171473,-0.08445251270260458,-0.46730975044762246,12,0.006187687234500583,0.01738383067531468,0.028441813762389898
178,1,Al_slab,10.083201675369661,5.852035063792822,24.595673237571102,-3.30023,856807.0,418995.0,410351.0,62697.8,274464.0,60189.6,-562051.0,0.4368355074493608,-0.22258808376199998,0.012000912820000487,-0.37568042752742414,12,0.03822437861653161,0.025167224134828952,0.04164998424333032
179,1,Al_slab,9.673503180230822,4.036354432619197,26.936552458122495,-3.32178,362400.0,560154.0,354943.0,-49136.9,-80156.8,-201422.0,-425832.3333333333,0.3966355809628858,-0.06849071598661106,-0.1841930568565031,-0.344531165085634,12,0.026130165331263,0.028914536612403372,0.0242302577889375
180,1,Al_slab,9.045976519698156,2.58671492036192,29.35380736569705,-3.31138,900968.0,1126140.0,888925.0,196893.0,144889.0,46034.2,-972011.0,0.2689526574961977,-0.13310692496918186,-0.013925668716419093,-0.23328985029425553,12,0.0599246798348807,0.02409943109366394,0.026629560607483064
181,1,Al_slab,8.452195277141838,5.4093610375915535,29.29627924089749,-3.31501,-48589.3,103042.0,574997.0,118050.0,-123880.0,1858.15,-209816.56666666665,0.3903021090623971,-0.2505328179674162,-0.05118468884183969,-0.2948714484110404,12,0.014934265184095352,0.029039017343919598,0.024831073988126243
182,1,Al_slab,7.791622356401423,3.7212030700136474,31.57692741686581,-3.26609,-18061.9,439882.0,-317525.0,232233.0,-264201.0,-44046.0,-34765.033333333326,0.4826092361838486,-0.33895296948806486,-0.11950353824135718,-0.32208921694613935,12,0.015060535433937705,0.028242297488822975,0.0475161477939457
183,1,Al_slab,7.365267278525426,2.077889236765924,33.8653665486047,-3.32109,-136049.0,-157980.0,-498690.0,113278.0,102150.0,-272422.0,264239.6666666667,0.41042640825035104,-0.20441168818961053,-0.1365372012527355,-0.3286689687129396,12,-0.024740831164650867,0.02226862045915867,0.016206770064157067
184,1,Al_slab,6.817183276867398,4.843265482914176,34.04453089239556,-3.31015,59560.5,330328.0,-171808.0,68753.9,-364771.0,-242969.0,-72693.5,0.4064231358364714,-0.26228300474130956,-0.2423314337481859,-0.1940692324521578,12,0.006012619044904133,0.0244047993225641,0.03736177870334797
185,1,Al_slab,6.281722240952499,3.2022985854724735,36.294514361089625,-3.30619,848240.0,-103899.0,-326165.0,139203.0,236142.0,-317791.0,-139392.0,0.44078933239561513,-0.23164755682291194,-0.23425291268886553,-0.29284845546550287,12,-0.009315524912570594,0.033591522415983656,0.028764183907087588
186,1,Al_slab,5.9176486435214795,1.6137643324084028,38.800575699726686,-3.25294,585481.0,-165851.0,969731.0,657014.0,296547.0,-65206.3,-463120.3333333333,0.28674716365268316,-0.15995695800536325,-0.19353559420037336,-0.13849794664917425,13,-0.029355084125550324,0.0434080527840594,0.08070384952897992
187,1,Al_slab,5.334290515960582,4.388827072162354,38.55805633690012,-3.24062,161229.0,607615.0,127785.0,-247839.0,108997.0,-256773.0,-298876.3333333333,0.7377080326413192,-0.12409229116097278,-0.3833908493560729,-0.61792046521213,13,-0.03357798922087396,0.05374240279844254,0.2195202853134258
188,1,Al_slab,17.99242365207986,5.980900285242927,10.618475105482556,-3.32066,467989.0,-216910.0,-115512.0,206307.0,-117857.0,202406.0,-45189.0,0.5117105219034184,0.13537226139672853,0.01321377677454283,-0.4933025493288649,12,-0.00850719368290942,0.04097653799862171,0.0260250819354523
189,1,Al_slab,16.211013663379013,5.640781785681344,15.344982393389543,-3.3259,-146334.0,227720.0,-428985.0,120447.0,163285.0,-75643.9,115866.33333333333,0.38894904605914615,-0.01956066051254268,0.017157003336684795,-0.3880777991938444,12,-0.016342647764008067,0.019719321057823033,0.020101316405189366
190,1,Al_slab,14.524352761228723,5.218849408133647,19.878017677815226,-3.33894,250637.0,272384.0,-144677.0,173078.0,242243.0,-17567.4,-126114.66666666667,0.48496156744244684,-0.09421799657757289,-0.04307846075270661,-0.47376675404287383,12,-0.0027741711891727805,0.039700900191931614,0.016338661916909396
191,1,Al_slab,12.925490178809296,4.75157975885088,24.646974997393542,-3.30782,72375.9,374988.0,-9034.21,14761.2,-32600.3,200316.0,-146109.89666666667,0.36264233410600666,-0.09148889509171987,-0.1352159894124485,-0.32381457775702666,12,0.014308580547826244,0.035397389343657645,0.021352471545803452
192,1,Al_slab,11.328166317389705,4.394289151167224,29.215447245346454,-3.31485,809382.0,-159184.0,-294849.0,-61040.6,69459.5,256907.0,-118449.66666666667,0.39793281422805615,-0.09255558091682303,-0.11348976457101313,-0.37000548971363395,12,-0.010444283350214745,0.05161109413583686,0.018626283250883797
193,1,Al_slab,10.077919222724068,5.705518823395282,31.571241069833054,-3.30497,487708.0,629729.0,-280007.0,97031.3,18722.2,313731.0,-279143.3333333333,0.4407719920908125,-0.3025874039630274,-0.049262574799768366,-0.3166922965572674,12,0.023221189112727636,0.03721304768611814,0.04537759980223351
194,1,Al_slab,9.605675562228694,4.100644025485454,33.84351987252899,-3.311,882192.0,-3576.38,497356.0,174272.0,334740.0,121168.0,-458657.2066666667,0.3805639296633768,-0.2198310269057195,-0.04107146721718103,-0.3079226505975754,12,0.02321882807723097,0.04748697211774214,0.032475153739216736
195,1,Al_slab,9.134422136718857,2.3392861605338844,36.03933998461648,-3.2427,157500.0,656312.0,-673976.0,142431.0,-38681.9,-189863.0,-46612.0,0.39881986018285437,-0.13181462407117905,-0.14668846105445568,-0.3466477767860638,13,0.03828217261034994,0.06685820991901838,0.06486460102009216
196,1,Al_slab,8.533694555060507,5.205761132774459,36.10444094381931,-3.26098,561704.0,162475.0,-886635.0,287292.0,10834.7,-16160.6,54152.0,0.46202503573701204,-0.1986677136238093,-0.1817701325910086,-0.3754435937782432,13,0.00643315453978599,0.04169806064030018,0.03494791836101782
197,1,Al_slab,8.324626994556025,3.6062796141965157,38.247692958097204,-3.18976,1042210.0,-772422.0,-1667240.0,239421.0,85650.8,-159430.0,465817.3333333333,0.37573940485012597,-0.04410626923889715,0.03930044129774535,-0.37106631844557825,15,0.00404003962756827,0.05441639174550106,0.10020276124724385
198,1,Al_slab,17.837749600821404,6.023315855091264,17.59511545726741,-3.32561,-597003.0,97728.8,-409247.0,297831.0,23923.4,-104319.0,302840.39999999997,0.4624608906777321,-0.058874357083208644,0.10207506661010513,-0.44719633972229994,12,-0.02443769712935706,0.02605235265871039,0.018621514678565824
199,1,Al_slab,16.16978480753862,5.343784463995548,22.348872044741757,-3.31836,-255260.0,-20390.4,82097.1,124195.0,-60968.7,-551518.0,64517.76666666667,0.39467851747869176,-0.12106580554582537,-0.20815781351016052,-0.3127051767422273,12,-0.005207900492770201,0.02799456905545552,0.0304117884711792
200,1,Al_slab,14.653985033089823,4.8990365662170365,26.761828861584018,-3.28457,-179492.0,254584.0,-815791.0,-190730.0,219243.0,-216764.0,246899.66666666666,0.5877962074644653,-0.03949721551041921,-0.27287762554154865,-0.5191167045620267,12,-0.014192847526591557,0.020186785188538593,0.05323045938403989
201,1,Al_slab,13.032630320046447,4.806872597254001,31.50571523537262,-3.32007,823143.0,338417.0,-95297.0,-230483.0,161895.0,-154551.0,-355421.0,0.3932458644043624,-0.07462714766355205,0.012976750690056882,-0.385881721054865,12,0.029175728991031935,0.038148549707809315,0.025905027552734033
202,1,Al_slab,11.685971188528393,4.419625258772077,36.25212981577654,-3.23235,1128080.0,1066640.0,740797.0,59907.6,366020.0,-53517.3,-978505.6666666666,0.21425714347653388,0.11958351067822014,-0.049743283110552206,-0.17067956318780372,14,0.0648811932206883,0.047332387437899096,0.0817278105624004
203,1,Al_slab,10.546519916717015,5.778791151703318,38.38456508973299,-3.15406,1277410.0,586875.0,130255.0,37907.6,323149.0,115021.0,-664846.6666666666,0.18429266995531976,-0.02273675491747084,0.036253049569613616,-0.17925552870688932,13,0.05060550916741735,0.04308708677463613,0.07996835489851814
204,1,Al_slab,17.84375001962703,5.707829242948723,24.492834907830794,-3.3169,-232457.0,403519.0,-545250.0,277229.0,-101296.0,-145168.0,124729.33333333333,0.5117804665795643,-0.12109793104576028,-0.13169768070151203,-0.47948958066539404,12,-0.010518073433229413,0.0326383625278956,0.016862044614775137
205,1,Al_slab,16.307196970305835,5.313590666611682,29.129139685860363,-3.32708,-460423.0,177344.0,-375317.0,-326745.0,147847.0,95493.7,219465.33333333334,0.4929555598175056,-0.06504644136254356,-0.14319214896478183,-0.46719391359039264,12,-0.025449608065548412,0.038680854057723826,0.02124222105280633
206,1,Al_slab,14.576860369304857,4.980895137815337,33.90046293933835,-3.27647,514943.0,458223.0,-97026.3,-91909.1,205432.0,-147296.0,-292046.56666666665,0.3966295038833642,-0.21637249097032016,-0.0922500783617437,-0.3193553374288811,13,0.007709651189290678,0.04214618067556991,0.052538263976857805
207,1,Al_slab,13.309269270541808,4.82399968963863,38.69526587765424,-3.30528,315126.0,1991320.0,1755020.0,-1010090.0,773291.0,1396030.0,-1353822.0,0.3272160687710711,0.12467082937364359,0.13906027137274624,-0.26868156038518975,14,0.050230052786424895,0.08210353776113752,0.14384011543057565
208,1,Al_slab,17.87243255831169,5.6362004496049884,31.413087357510165,-3.30175,-91107.0,143122.0,164270.0,-249470.0,35867.1,276593.0,-72095.0,0.5497573514599796,-0.1820217743266319,-0.10585353792796859,-0.5078348625915794,12,0.0028118012683702176,0.04788830752086475,0.035922897209414585
209,1,Al_slab,16.39556667587883,5.077979441814591,36.37980823359472,-3.24109,-1114350.0,454445.0,483789.0,72038.9,250499.0,-239887.0,58705.333333333336,0.3108922131371465,-0.10419495616624273,-0.2435197540214702,-0.16277441045861707,12,0.020432150626413792,0.06772749717151198,0.046614881358956604
210,1,Al_slab,18.068562368934728,5.503393287202061,39.012668401450206,-3.35446,771071.0,455674.0,806395.0,-700857.0,-330986.0,-436518.0,-677713.3333333334,0.18054795691054798,-0.01766764538463405,-0.15401707328668035,-0.09254274789167027,13,-0.003151165157911029,0.04267557806383093,0.06542185712041969
211,2,Fe4Al13_slab,14.424282259507743,1.2362627063716634,102.22691589249419,-2.83132,-1458050.0,14199.5,-591683.0,1061330.0,-1344730.0,-324695.0,678511.1666666666,0.45615104462850825,-0.0783705103881438,-0.18854829135365073,0.4078987379789254,7,-0.029171015793745037,0.06687744204579524,0.02538279593573612
212,1,Fe4Al13_slab,14.99125261967006,0.9057056269094782,99.54766194631657,-3.76449,-56939.6,657818.0,1391520.0,114931.0,-9570.05,400634.0,-664132.7999999999,0.48753703987649233,-0.1630602039185689,-0.18251582172781192,0.42165354257801363,14,-0.0022751157012274037,0.025766153873411402,0.026938067933958844
213,1,Fe4Al13_slab,3.416395217349487,0.14666228659536698,103.20421730211848,-2.98691,-77515.9,-66709.8,-1532210.0,26259.2,-399881.0,-459972.0,558811.9,0.5719452459164828,-0.33366476182068094,-0.28445739533885306,0.3672508424532879,7,-0.10827170227078708,0.06735644081233869,0.02955656198436154
214,1,Fe4Al13_slab,2.3588359290907523,0.8078744616409061,99.05157508462261,-3.639,269424.0,1205900.0,249665.0,543309.0,636162.0,618738.0,-574996.3333333334,0.6538454204425945,-0.18788271874923046,-0.38334823296869924,0.4952353482021721,13,0.07677684699784804,0.09557347915480176,0.08707979467450516
215,1,Fe4Al13_slab,1.4788331861072073,1.4119300761001512,101.66389257247886,-3.35023,1034330.0,690417.0,-137498.0,231113.0,-357419.0,-615235.0,-529083.0,0.5641757786611289,-0.22630470131797373,-0.17099555449100381,0.48768946239752603,11,0.011849031679278199,0.042163037422995826,0.014874115499417888
216,2,Fe4Al13_slab,0.5196423792687749,0.2840798385352972,97.03084832116218,-3.42028,1866060.0,3037760.0,1613520.0,39455.3,-182446.0,-23558.6,-2172446.6666666665,0.7190823419457809,-0.3297549096792328,-0.35203906734622975,0.5333006742004613,12,-0.6119849756772651,0.4289637629356852,2.797799755282504
217,1,Fe4Al13_slab,14.930383903173503,1.2782398198107758,94.70895505191065,-3.62843,-519571.0,-444111.0,683994.0,666346.0,-1036830.0,-125402.0,93229.33333333333,0.5061247427416655,-0.05024917512242586,0.06913882027174956,0.4988557899295784,12,0.008031688417924898,0.03659719194332363,0.030260253934902708
218,1,Fe4Al13_slab,5.8647645274341125,1.5996156778950308,102.90847679231221,-3.59751,259612.0,219400.0,33828.6,59118.8,202291.0,-291832.0,-170946.86666666667,0.6617802283024173,-0.37591405025291635,-0.1493769861653682,0.5237635090368542,9,-0.03906654792777353,0.0644333508717471,0.028710648953861963
219,1,Fe4Al13_slab,6.714103049462336,0.8754756631183951,100.28787410952926,-3.86844,668106.0,849950.0,-611639.0,-142684.0,-672059.0,87052.8,-302139.0,0.7815258424248819,-0.4271566369318691,-0.41015576008816157,0.5099922571662034,14,0.019750109334100707,0.02345024584808145,0.09768579969051751
220,1,Fe4Al13_slab,5.784066244480201,6.601450757386312,94.75676742270477,-3.63433,-1980250.0,-2322990.0,-625807.0,966359.0,-635473.0,430447.0,1643015.6666666667,0.4406213453198919,-0.1247034672504039,0.12620562582383243,0.4033216523045269,13,-0.4685206664050874,0.40891213522610953,3.0657797514065965
221,1,Fe4Al13_slab,4.721558016315104,2.441410347202466,98.91027922000357,-3.69951,-621483.0,-2146950.0,395609.0,-231968.0,-254825.0,-445088.0,790941.3333333334,0.5172305456306533,-0.14217371270829382,-0.16570084111015948,0.46888943686492723,12,-0.02415458049221464,0.05784517270967204,0.043384404874638065
222,2,Fe4Al13_slab,4.252244186933433,1.0076145633147748,101.00810273929466,-2.93551,599003.0,-1617750.0,424843.0,-1607320.0,-341116.0,377554.0,197968.0,0.5759623197956754,-0.2563503771600022,-0.21137688783100897,0.4704645462149273,12,-0.013546425256762196,0.03215761754967852,0.02479233430737766
223,1,Fe4Al13_slab,4.153974431630429,1.3931426347881026,93.83057359154778,-3.78181,-621659.0,694372.0,183878.0,1054160.0,-256027.0,-336097.0,-85530.33333333333,0.5401271383281342,-0.07954638113627865,0.16097711531518644,0.5094075648745928,15,0.012542209545132299,0.06070122697122697,0.044989986384123846
224,1,Fe4Al13_slab,2.2070510542085704,2.511952134036556,95.49637211109548,-3.47252,543029.0,-751314.0,171439.0,440006.0,-78840.5,-589167.0,12282.0,0.7827307141943283,0.03757936276321194,0.040734483934178556,0.7807662033259959,13,-0.3776284905026228,0.3848824905672373,2.702619409552194
225,1,Fe4Al13_slab,0.6337780400461441,0.8104699426517016,90.78099617659933,-3.59876,-211909.0,-568906.0,-696221.0,148849.0,311568.0,-216148.0,492345.3333333333,0.37956941759989127,0.04553289856362407,0.22637643239274174,0.3012530643539577,12,0.009594918860031054,0.031332357156530447,0.04596034613920621
226,1,Fe4Al13_slab,3.2511790317269496,1.8902945023238389,90.9577909481177,-3.7923,507606.0,51751.7,715973.0,346612.0,226704.0,93046.0,-425110.23333333334,0.5570037160277677,0.004799222869842797,0.13295352175021224,0.5408821204133147,14,-0.015672239648213182,0.03510188995265792,0.019821320514015858
227,2,Fe4Al13_slab,1.676247990266604,1.686596485450306,93.0495238664876,-2.90463,-832483.0,-2348350.0,488794.0,-1463410.0,-615388.0,629359.0,897346.3333333334,0.6205415663125785,-0.002792800821441727,0.10208644330054018,0.6120803818776466,13,-0.024239423195619447,0.0358544508706678,0.024363454883052246
228,1,Fe4Al13_slab,0.7078361254676521,0.8163733303568451,88.27082642553123,-3.41306,1415780.0,192495.0,-1884630.0,-499849.0,348320.0,168347.0,92118.33333333333,0.5728118113119497,0.11286188291971554,0.3218837616609408,0.46018084547414156,15,-0.5015934618264712,0.3501021744853554,2.8172119958444943
229,1,Fe4Al13_slab,8.196705706774125,0.02754991361480564,95.73258325687534,-3.60175,1573920.0,925041.0,-235850.0,393603.0,-422719.0,699166.0,-754370.3333333334,0.6444585421218396,-0.30655023913841717,-0.31983267385090586,0.468039340371476,16,-0.3994712251517073,0.3233850911018773,2.572116262837367
230,1,Fe4Al13_slab,7.372297656433016,1.2765066208768323,89.10161040742679,-3.71083,-1646770.0,-1344580.0,369175.0,384052.0,29836.4,54430.8,874058.3333333334,0.4037499376358727,0.05858250493762895,0.12533357976099646,0.37930673081359595,12,0.032925532989933504,0.015816559415311616,0.015350799450852303
231,1,Fe4Al13_slab,9.03885273081681,6.620642442051939,90.11542050209245,-3.76372,-177290.0,1487190.0,660839.0,362630.0,-217074.0,-838127.0,-656913.0,0.46188330555210255,0.01115989954879384,0.18417097700467003,0.42342968226016353,14,0.02001226048667848,0.01909708082816112,0.011244777865259348
232,1,Fe4Al13_slab,11.941507151182833,4.606950526396784,103.71279595004336,-2.94321,888325.0,2512810.0,1109890.0,437182.0,-105087.0,-307657.0,-1503675.0,0.823556396003813,-0.3479455066220467,-0.41507263484143847,0.6203980735190128,7,0.013504533965662646,0.08489504838500987,0.023724404735742822
233,1,Fe4Al13_slab,3.555406825878152,2.9586579099566532,102.68559576854629,-3.46557,766699.0,867797.0,937081.0,-294662.0,-750648.0,342245.0,-857192.3333333334,0.7394677110129949,-0.28108605478710214,-0.2618855830637714,0.6318378485168239,10,0.03932268682552953,0.05046782230770745,0.0218049866721709
234,1,Fe4Al13_slab,8.169010694291195,2.876262709456615,101.98214142535697,-3.59128,1471750.0,2267460.0,791921.0,459841.0,-394567.0,-237993.0,-1510377.0,0.7523050253865455,-0.2862085666679199,-0.3773441991278279,0.5845159219151553,11,0.039952417663558615,0.03389076529190379,0.05016230195114224
235,1,Fe4Al13_slab,6.0071670742723775,4.475472623260438,103.4036258907188,-2.91767,424488.0,741519.0,42237.3,82504.1,-31662.7,844988.0,-402748.10000000003,0.6500924003387213,-0.2690929928152279,-0.10674829795543506,0.5820772208904259,7,0.0035179940556915312,0.055121254561486296,0.01526161651409666
236,2,Fe4Al13_slab,7.975135990362653,0.3047458389952866,102.49644499331043,-2.57199,1044760.0,-11808.1,-831373.0,-809383.0,-107378.0,-1056740.0,-67192.96666666667,0.6981893183403431,-0.43173338863993477,-0.3595417677457857,0.4144928499072904,9,-0.055492284694931726,0.08402237931024881,0.0654178702170749
237,2,Fe4Al13_slab,5.7008327281325,3.2586722249586226,101.0078584932127,-2.96248,304254.0,-712565.0,119406.0,-2150910.0,-989376.0,550235.0,96301.66666666667,0.6434094989686044,-0.23815340439354848,-0.3332275661799971,0.4962037167097293,12,-0.01847392871933151,0.033327650521357034,0.026723653747191742
238,1,Fe4Al13_slab,7.205497699399549,3.6124972236153217,98.86384827323907,-3.6751,317091.0,950016.0,776558.0,599153.0,218602.0,59669.1,-681221.6666666666,0.5718612151199848,-0.27980860932724294,-0.17557794493430778,0.466802717170225,14,-0.005192709079969715,0.06987070307922398,0.057238300366850424
239,2,Fe4Al13_slab,6.625393734083149,1.3115853451147998,97.5418837721731,-3.04887,-903823.0,-729551.0,1462340.0,-503734.0,-611907.0,-280240.0,57011.333333333336,0.48619197283469967,-0.13526518567809465,-0.2088300620404151,0.41770320705084885,12,0.013860516369925358,0.06778971316291965,0.06151364072298149
240,1,Fe4Al13_slab,4.878753211634801,2.9382557989312996,96.24739999806137,-3.47432,795809.0,466224.0,-575579.0,-204594.0,-78948.6,890405.0,-228818.0,0.6434977502943723,0.015493826904189816,0.3738906889760347,0.5235026730197347,14,-0.035050424839000005,0.07700391620189494,0.19409767107914827
241,1,Fe4Al13_slab,12.339362945710828,1.7909531879717449,103.35267931760096,-2.84809,1956290.0,1883380.0,-148828.0,-393977.0,-171487.0,944440.0,-1230280.6666666667,0.6110382296733677,-0.30688336136009653,-0.38433314377570893,0.36259944186136295,7,-0.0596504574868455,0.13086080641418663,0.012775060195822502
242,1,Fe4Al13_slab,10.175152909842353,1.1712249468547782,101.08818000094901,-3.53227,815887.0,-634492.0,134943.0,409347.0,218761.0,-458559.0,-105446.0,0.7449022737251174,-0.07183532012244065,-0.11366182637527689,0.7326664134575793,13,-0.0007267396562037343,0.061480721935728254,0.10939435890525716
243,1,Fe4Al13_slab,14.228640478917217,6.0119946545003184,99.14867872234949,-3.58918,-1152420.0,-3191020.0,-633089.0,-1576040.0,237542.0,-604646.0,1658843.0,0.8158951022478294,-0.3593310575489763,0.026942579686910943,0.7320110015242562,15,0.041571677012672614,0.01995888528251543,0.13290302474599744
244,2,Fe4Al13_slab,11.542575160068878,1.4337895899888722,98.8909544287642,-2.91937,-278759.0,-1658080.0,514829.0,-1828810.0,-433337.0,665617.0,474003.3333333333,0.6764998023361725,-0.2742060658285883,-0.03652922563260774,0.6173561627605011,12,0.027331608138181585,0.03671392631206839,0.024128372341296292
245,1,Fe4Al13_slab,10.083811837165111,3.7683232683482033,99.95385633982156,-3.71906,1145250.0,1388290.0,816106.0,-251157.0,-86442.8,204844.0,-1116548.6666666667,0.8024810300799544,-0.4088758342652347,-0.057443557473158435,0.6881108875006419,14,0.05224022414705565,0.04813028309752307,0.09813476497080129
246,1,Fe4Al13_slab,9.026218194036135,1.7394385859022934,97.99173448261146,-3.6748,78084.3,1262650.0,981050.0,733338.0,-261403.0,-272448.0,-773928.1,0.480707878045138,-0.22312473692197263,-0.0759147886708742,0.41896582276984873,13,0.05647143595073778,0.06280096704924298,0.03903438503956172
247,1,Fe4Al13_slab,11.02755899614155,0.5625475590007813,96.35451895923384,-3.47579,995521.0,-432036.0,1613460.0,178969.0,-140749.0,-413504.0,-725648.3333333334,0.5766526912952376,-0.28902135015407815,0.01966238377251739,0.4986064341718191,13,0.01611813073210644,0.04291502583559416,0.030822476984169102
248,1,Fe4Al13_slab,7.801456267867686,3.0013202452262857,95.82670687033874,-3.60892,35141.4,-58347.9,-386263.0,-596019.0,-1147890.0,-1048460.0,136489.83333333334,0.3796205576873186,0.06087958773513156,-0.1871325085825859,0.32463343612083406,15,-0.2744024430101065,0.3590992805153534,2.934666142348616
249,1,Fe4Al13_slab,11.366133060631462,3.167895401089836,97.19072289287408,-3.67143,-1421280.0,-2302000.0,-254035.0,699267.0,-571349.0,18543.2,1325771.6666666667,0.6256120509372594,-0.1817899611119369,-0.028596519942177157,0.597934015894765,12,-0.01768366308750402,0.042938952311612176,0.032633728584991833
250,2,Fe4Al13_slab,9.227151493402182,4.391291757064749,97.22594748469324,-3.03546,215779.0,-1423290.0,539775.0,-223824.0,668831.0,-1138460.0,222578.66666666666,0.41769805736031845,-0.1973976950184415,-0.06252886384010738,0.3627615722631816,12,0.008467278935273215,0.0464738253793871,0.049877293190957045
251,1,Fe4Al13_slab,8.325005583023255,3.4168374570278868,92.96978730876054,-3.74345,176749.0,1006160.0,-44283.4,-96338.7,85629.8,-727962.0,-379541.8666666667,0.3566369669218771,-0.06499841727157826,0.1693837432278058,0.3070411689945871,14,-0.3241924925653884,0.3360814936895258,2.720340173951533
252,2,Fe4Al13_slab,8.983957579986262,2.0121854438878874,90.98926751422312,-2.89242,-73577.5,-1938150.0,400963.0,-1668400.0,-347157.0,19008.0,536921.5,0.40099189536387103,-0.0023474283333975417,0.21219108465621936,0.3402409930037038,13,0.025237422286481737,0.03995624496759079,0.018017098252752876
253,1,Fe4Al13_slab,10.311110527644473,4.049998128575607,91.17909314689041,-3.65627,-1138670.0,-2922390.0,-180090.0,-2189220.0,56308.1,-149020.0,1413716.6666666667,0.5259215063098936,-0.0231709459131082,0.10963025100891378,0.5138460334852084,14,0.014655955239215368,0.025952917488179645,0.018259096498466278
254,1,Fe4Al13_slab,6.285823386485902,2.0833043329638126,91.68692732319452,-3.92939,1245470.0,452351.0,-487543.0,-454486.0,-743897.0,579738.0,-403426.0,0.49062827573355206,-0.02889005546318035,0.3055256189317832,0.3827996418767441,14,0.009758943817451904,0.03205086897601475,0.03189907225139994
255,1,Fe4Al13_slab,8.564907737216188,0.4862723061191205,93.12862318389884,-3.71686,-1072000.0,-963065.0,282009.0,-535753.0,1635.09,-313862.0,584352.0,0.5490403941811967,-0.034971179755869365,0.10519746778548862,0.5377321487512603,12,0.018393988757013258,0.07530636873134502,0.025506296252511853
256,1,Fe4Al13_slab,10.405923825050365,4.066035993554289,94.89394609455633,-3.5574,1443790.0,1636440.0,-375110.0,12254.4,-648611.0,620324.0,-901706.6666666666,0.50058409619791,-0.04263747621839364,0.03720730523433868,0.4973752099021453,14,-0.019928337179818678,0.0443229143647565,0.04422287880691152
257,1,Fe4Al13_slab,7.4431145086496,4.097422995575069,90.18280144434078,-3.76759,-194372.0,-270835.0,-105944.0,732816.0,876060.0,674953.0,190383.66666666666,0.48041149010616174,-0.0016272912233707788,0.2501537322511225,0.4101410269530845,15,0.010767755937221568,0.024628793182008328,0.0188301875925046
258,1,Fe4Al13_slab,9.569784195667097,2.8670920961796895,88.62265447701193,-3.52138,-612316.0,527756.0,-370002.0,-159919.0,411195.0,291722.0,151520.66666666666,0.34704278100474983,0.030502228739559108,0.22575349239840792,0.2618084539493566,13,0.05600133367928595,0.0257771601357833,0.03794554680830145
259,1,Fe4Al13_slab,12.850365912673093,2.3619489176500723,100.85540176188981,-3.57559,-1713830.0,-1545060.0,-821636.0,44886.1,621867.0,409758.0,1360175.3333333333,0.5279626982049948,0.0005402175229693903,-0.09100894654673919,0.5200593144145954,13,-0.003908443863429589,0.062278574640627214,0.06752624075399534
260,2,Fe4Al13_slab,10.697331801692977,3.144636973416504,102.37688028439564,-3.21507,-1473520.0,-609640.0,-120359.0,-395344.0,22859.0,119988.0,734506.3333333334,0.6816191538439336,-0.29059349701866743,-0.22265392970628417,0.5749654928460757,9,-0.010311735054349125,0.059545845676296894,0.03525547844917243
261,1,Fe4Al13_slab,12.48844176012647,5.0833874434529385,100.98155161653408,-3.60254,-35930.3,-1275500.0,-251920.0,-424846.0,1013450.0,4542.57,521116.76666666666,0.6783663640657683,-0.23582329325468443,-0.3027843394296825,0.5593656604140591,13,-0.019892590136135757,0.042098573990997964,0.050557814474349295
262,2,Fe4Al13_slab,13.112916260820608,3.714391050075205,98.84912332529834,-3.03684,-67462.6,-2339340.0,-1499540.0,-1148400.0,-734821.0,281292.0,1302114.2,0.4658161493835803,-0.10829828476714987,-0.13390291837392176,0.4328119395233756,12,0.017921726290800133,0.04341994509008762,0.05311717088072842
263,1,Fe4Al13_slab,15.03851024345959,3.851815353349614,100.68143826059604,-3.65944,-191064.0,844049.0,-124951.0,-738781.0,345118.0,555823.0,-176011.33333333334,0.3447782867630047,-0.1075418475309089,-0.05156252526619243,0.3234936228753895,12,-0.0047950948269089855,0.03797433389860762,0.08396853381918835
264,1,Fe4Al13_slab,11.451356821858504,5.603977978226211,98.26754322803926,-3.69591,775714.0,-318324.0,459241.0,704942.0,446626.0,-258965.0,-305543.6666666667,0.6842156929921832,-0.21207233669184866,-0.27967188198573556,0.5873330205031806,14,0.008638446171276848,0.06064224588026852,0.07253274582105508
265,1,Fe4Al13_slab,13.722963488343101,4.654932333413221,96.65482991265812,-3.5998,-92199.7,178209.0,-1619630.0,74966.0,286156.0,546023.0,511206.89999999997,0.48369732798588416,-0.05031041430667215,-0.005626553532041889,0.48104086022740944,13,0.023659245729132694,0.03149512146403636,0.05493501779701466
266,2,Fe4Al13_slab,6.636664354783423,1.6098687886574832,94.36905502156493,-3.03611,-981465.0,-1699010.0,930388.0,-880997.0,-1260110.0,-235693.0,583362.3333333334,0.47248342864667847,-0.07404365666244049,0.07609795917362572,0.460398987687185,13,0.004269465887487889,0.06435262854458068,0.03694499747165241
267,2,Fe4Al13_slab,5.232039809975738,2.6585839835746103,89.30508227045924,-2.95084,441185.0,-1518540.0,-220967.0,-499101.0,467414.0,-220562.0,432774.0,0.422596977910137,0.04199879076751769,0.23236584755486114,0.35047171098814545,12,0.0148542360250552,0.016254678048668515,0.023932129713076306
268,1,Fe4Al13_slab,11.015074668149756,5.31464126422649,88.57103726459891,-3.51267,144418.0,-1395380.0,-221135.0,674995.0,-198626.0,-1016770.0,490699.0,0.5394191199359524,-0.06719736503595185,0.1592371502439187,0.5109804605529433,13,0.03181958095378834,0.06954352248692579,0.042408404632130976
269,1,Fe4Al13_slab,2.490908642894493,3.758515770237223,100.03804078253347,-3.69946,-413467.0,1120730.0,1310120.0,-252057.0,-10309.3,-57839.5,-672461.0,0.581435178325689,-0.13671841505137472,-0.18500934592015827,0.533991089347623,14,-0.0076023398492043315,0.04039250905582162,0.0499313990901719
270,1,Fe4Al13_slab,13.608580171881297,1.8219182454180065,97.19378078533317,-3.69616,128932.0,344369.0,1885850.0,-81909.5,-534798.0,-286190.0,-786383.6666666666,0.5754225785343153,-0.2851633495278935,-0.05666440882502899,0.49657039052446805,13,0.02746739915615959,0.042833412759412985,0.033844123079750946
271,1,Fe4Al13_slab,10.84997276373284,1.944952050149783,93.0018755412919,-3.63475,1311180.0,984366.0,310062.0,-271783.0,456600.0,273178.0,-868536.0,0.3882302371378345,-0.14815568513325414,0.10995669173614166,0.3415876694689643,14,0.02983246381878213,0.04029485507344373,0.0429108633378405
272,1,Fe4Al13_slab,11.623019883160278,1.5321809148738301,90.36056320766968,-3.65229,1033640.0,416664.0,176473.0,110892.0,418397.0,-653453.0,-542259.0,0.37018680947446797,0.009299145312104075,0.0848827470971445,0.36020371881838287,15,0.03736845340831141,0.016638824032215165,0.022068061957496228
273,2,Fe4Al13_slab,14.089454012953105,1.6150856564726628,89.48274955562869,-3.56141,1037340.0,1961930.0,-447267.0,1752200.0,377031.0,-591730.0,-850667.6666666666,0.4035860440342237,0.06456255148203027,0.18591686798890317,0.35234683208810225,11,0.05590120665951648,0.041067290156334806,0.028906664544614623
274,1,Fe4Al13_slab,12.173497953007445,2.965247081240717,87.95801341683502,-3.71399,931027.0,-93437.1,894477.0,-1359460.0,3184490.0,-2584650.0,-577355.6333333333,0.46609820414002867,0.11300436775583653,0.2700674927554192,0.3626859497243657,13,0.05936233770976873,0.02847686401176595,0.03662244367079118
275,2,Fe4Al13_slab,3.0650012737050574,3.784768350351221,97.53011131939994,-3.57617,-173952.0,1287690.0,-1071610.0,816989.0,1119760.0,-1188540.0,-14042.666666666666,0.6302372983139836,0.05960222363354582,0.30345888228174367,0.5491441831508013,11,-0.7725433096548241,0.5090851065736033,2.8275771759302972
276,1,Fe4Al13_slab,15.895094542415647,3.0392893426705676,98.14803900277624,-3.56691,670552.0,1570000.0,669607.0,-621021.0,-329361.0,-39157.9,-970053.0,0.5415488608254527,0.024667693603470642,-0.40485987621653496,0.3588246844680043,14,0.037674857903266745,0.06343519263636502,0.2077549334480613
277,1,Fe4Al13_slab,16.35301469551537,4.854349123046472,95.96116448969948,-3.70883,440300.0,-784706.0,-264184.0,-712842.0,2203660.0,-1736640.0,202863.33333333334,0.5326397553603134,0.026925961240394265,0.11987672362969716,0.5182756725270679,13,0.05229392541356859,0.026255477960278682,0.07446842751305074
278,2,Fe4Al13_slab,12.635498837033852,2.72212066237242,94.89097239060523,-3.23327,1647430.0,2133400.0,2654270.0,322505.0,-1848840.0,1208620.0,-2145033.3333333335,0.533976000679354,-0.23710950757467583,-0.015632262717320433,0.47818937993388033,12,0.021581264751566964,0.04331613647633128,0.03236462192864831
279,1,Fe4Al13_slab,13.804152763946776,1.958841248892846,92.22002343826662,-3.69394,1037930.0,152817.0,3713770.0,258748.0,-2115560.0,1102490.0,-1634839.0,0.4692387867025153,0.1431924440640735,0.028221536747287335,0.4459646934148793,14,-0.01676999368212595,0.03854240445326737,0.05436649792487334
280,2,Fe4Al13_slab,14.209102625933244,5.806064137863557,94.40410292380935,-3.4111,51721.5,848170.0,-1202310.0,940134.0,438678.0,-995718.0,100806.16666666667,0.506087257297539,-0.044239088213267046,-0.001004951558559064,0.5041489910188943,11,-0.005162021616671342,0.053225660935947314,0.023524580441762807
281,1,Fe4Al13_slab,12.486725708145986,4.494255674479943,92.93970576935016,-3.64486,1082470.0,-8660.79,-1027360.0,-387932.0,-342441.0,-857259.0,-15483.069999999987,0.5837021148021535,-0.019687338397099904,0.10425923401285163,0.573977856414686,14,-0.0021775063037938747,0.025071343131490554,0.0331391516953518
282,1,Fe4Al13_slab,13.138647533418501,4.0006764505152415,90.31933030700314,-3.6278,1139120.0,997789.0,-48479.8,-108479.0,663621.0,-177731.0,-696143.0666666667,0.5935189782385158,-0.06963614706195287,0.0630550413786981,0.5860372396941926,13,0.05283390200620264,0.04389531097019883,0.039841849616400395
283,1,Fe4Al13_slab,15.374456286885815,3.834765214717067,93.5488998860057,-3.49041,58810.8,232268.0,-1436290.0,377547.0,1213160.0,-660871.0,381737.06666666665,0.4918497974241411,-0.02023582457756666,0.1549615529677455,0.4663621465467145,14,0.01815078522506619,0.01576118505941619,0.025175313211073882
284,1,Fe4Al13_slab,16.210255962696195,3.44123196510683,91.08558696375167,-3.59176,686801.0,68473.8,-1274890.0,-159506.0,6746.16,-1116520.0,173205.06666666665,0.664753757218252,0.13691182723384543,0.09137294726872415,0.6440525551588934,14,0.008042895977607545,0.045940614236793104,0.07079894467393041
285,1,Fe4Al13_slab,13.608784492076753,6.611496013056434,89.27132867027787,-3.62405,196735.0,1013260.0,1716460.0,339711.0,-756776.0,456016.0,-975485.0,0.4273540488579504,-0.03862730438719629,0.07310963065176157,0.41927842340982124,13,0.05593428605719897,0.027815633900889716,0.011181583428049072
286,1,Fe4Al13_slab,14.615565250241584,5.7253736944646185,102.8874279738938,-3.00497,3750650.0,1142370.0,30652.2,-818703.0,-135506.0,109885.0,-1641224.0666666667,0.7072107228679575,-0.2978152086087942,-0.3113582305364276,0.5608111628150283,9,-0.02680594517138113,0.06929957458782285,0.03579712791995461
287,1,Fe4Al13_slab,5.201311060015728,0.034499566230515644,95.98099681129044,-3.60219,256510.0,-287042.0,-818820.0,-1027300.0,-1311000.0,-261871.0,283117.3333333333,0.7125563596314584,-0.516904685003009,0.1587418751859109,0.46405509299611936,14,-0.03250019150870653,0.05943302078810728,0.2234772795593014
288,2,Fe4Al13_slab,16.912866556266813,4.622961569649634,102.67859343773576,-2.51436,1124100.0,572083.0,-546683.0,700.1,-542348.0,495280.0,-383166.6666666667,0.6684965825978989,-0.19581870893098596,0.029627686043335544,0.6384864245991365,7,0.0614156611217318,0.08091957797925763,0.046686755923820815
289,1,Fe4Al13_slab,16.566100574767542,6.352776919959635,100.78480880895702,-3.63735,87275.9,12251.3,-964538.0,-940727.0,-683673.0,-472190.0,288336.93333333335,0.6490741152618159,-0.1645347699615769,-0.08858966972433803,0.6215926214127165,14,-0.00832079086362647,0.021067088247825338,0.06113497498356312
290,1,Fe4Al13_slab,4.749342915796699,4.979927862287664,99.23510124941241,-3.56041,108394.0,-1320470.0,-1536860.0,-68660.8,292494.0,-1141100.0,916312.0,0.9073473567920484,-0.29070259111021285,-0.39926377741744906,0.76115679425574,14,-0.062227018626572095,0.10230119428989795,0.15314719242773214
291,1,Fe4Al13_slab,4.0819041583030575,5.575984561175084,101.73370441858751,-3.42705,329296.0,1751100.0,-1374570.0,-139428.0,386469.0,-105018.0,-235275.33333333334,0.6658188110081751,-0.21623298628638213,-0.225870265415459,0.5878270221205923,11,-0.016631112503857626,0.022710709199250476,0.016962286412682836
292,1,Fe4Al13_slab,17.051791326107285,5.914762897380089,98.24083720768836,-3.5144,698107.0,1043060.0,-1850250.0,2953.04,725939.0,-850373.0,36361.0,0.7885919429350355,-0.40996785221533827,-0.06250029592054408,0.6707438599210889,13,0.02562980604669196,0.0698066650807791,0.12324152156171743
293,1,Fe4Al13_slab,16.766399662781225,6.492654370757421,93.80721844549693,-3.6625,650217.0,903501.0,267951.0,-285499.0,-356287.0,99820.5,-607223.0,0.5494005161154494,-0.08898774936292494,0.1944718391490845,0.5060660148134984,14,-0.00551016667493176,0.03362284134654062,0.025689390093770192
294,1,Fe4Al13_slab,17.545408582407585,6.041662797986852,91.16470156722676,-3.69804,1161570.0,650913.0,-368893.0,-154625.0,377013.0,428409.0,-481196.6666666667,0.5034142833413872,-0.047121818838682814,0.1506172989013006,0.4780375551493137,14,0.018477630430699943,0.027936153162678983,0.01989981445394148
295,1,Fe4Al13_slab,14.823122064373708,5.882339756956694,91.76045687037991,-3.75863,117698.0,738984.0,3360880.0,348146.0,-1609740.0,1168010.0,-1405854.0,0.5155040261347292,-0.06244462280607976,0.15187227977460882,0.48865108275720104,14,0.009988500411932777,0.02544608135780048,0.013182159161109165
296,2,Fe4Al13_slab,15.789098335582922,5.342443385959545,89.02624509455971,-3.4542,2310380.0,3056300.0,3060800.0,809790.0,-577790.0,999381.0,-2809160.0,0.4178389970966594,-0.13046470794261109,-0.006473404918831528,0.3968960600773812,12,0.06537789729047594,0.028129830824081114,0.04101639571363632
297,1,Fe4Al13_slab,5.722575109319861,3.9849866398321225,93.90726029527164,-3.72168,763994.0,-375646.0,150487.0,685580.0,1003610.0,727986.0,-179611.66666666666,0.5552403088143278,-0.047653402991521425,0.14814591511339126,0.5329856860655582,14,0.007456755090155309,0.03287166092924557,0.03215141609841605
298,1,Fe4Al13_slab,3.536865003009182,5.158729116582031,95.26437199756083,-3.58793,-1447360.0,-196297.0,-1364680.0,-6071.02,338896.0,17716.2,1002779.0,0.3833325604067414,-0.08540565010916622,0.1378423111914202,0.3473459716807241,14,-0.0408096847944891,0.10239301008291636,0.090497403506801
299,1,Fe4Al13_slab,2.858831956546693,3.8707436537246953,92.93190171323616,-3.7255,-1043280.0,-2537520.0,-739798.0,-1579170.0,-313737.0,-366953.0,1440199.3333333333,0.5618446210998755,-0.07212221143506124,0.09477622609056757,0.5490767085249644,14,0.00027274616240402505,0.03411341229144004,0.015879319994653123
300,1,Fe4Al13_slab,4.875453588741602,4.489794896366868,90.94923228116718,-3.75507,-216419.0,914811.0,130605.0,199419.0,-352823.0,-735806.0,-276332.3333333333,0.43439876678679196,-0.012134760719247229,0.07028873162419735,0.42850266087252464,14,0.012932959071620731,0.025328220522287295,0.027902712770782233
301,2,Fe4Al13_slab,4.143498497914099,6.18805945784948,92.93005499914317,-2.94053,359935.0,-1578560.0,-311921.0,-1011610.0,-865759.0,263252.0,510182.0,0.47315838298829604,-0.10326998518171314,0.2831989487763664,0.36470881668068955,12,-0.02522893428078199,0.02710861753795531,0.05048606948650606
302,1,Fe4Al13_slab,9.752794773796008,5.572097659612495,102.07227604428974,-3.63214,1159630.0,987679.0,515159.0,-165359.0,421235.0,-91767.8,-887489.3333333334,0.6513539149973194,-0.13202569300389655,-0.1121322313708193,0.6278992766813616,12,-0.016804031660488272,0.06270600321736376,0.08575884742971429
303,1,Fe4Al13_slab,6.721518327027225,5.4209382466908,96.8494219538601,-3.57464,1517090.0,328674.0,-24751.4,385658.0,-657779.0,1077940.0,-607004.2000000001,0.6836687792714033,-0.42259956401944626,-0.468199987244657,0.2638207349416035,14,-0.4991304346703229,0.3913305300116226,2.7378252446481333
304,1,Fe4Al13_slab,6.902697331367927,5.49405412157361,100.96642790274268,-3.66369,-942870.0,-2896490.0,-835224.0,-1474340.0,-157716.0,-537075.0,1558194.6666666667,0.676535804844198,-0.2499245172081892,-0.2836331619025909,0.5610620824860462,13,0.035239182328816065,0.0240915143926844,0.03121848181722532
305,1,Fe4Al13_slab,8.773700117796999,6.306743431365922,98.72209912296294,-3.66963,171671.0,581832.0,595605.0,389086.0,-390100.0,-621449.0,-449702.6666666667,0.4375833420195707,-0.33214462687523566,-0.12175013650145683,0.2575578232413136,14,0.016547755480250004,0.048256848500869205,0.12401335304331418
306,2,Fe4Al13_slab,8.00772161333841,5.372641035235018,94.52817333008535,-3.04157,-412043.0,-966288.0,-741772.0,-838491.0,5216.6,-1244640.0,706701.0,0.4130073421047232,-0.04698877717596516,0.10581349053568534,0.3964475055698671,12,-0.020850591349740988,0.058826134858482405,0.0459778333879525
307,1,Fe4Al13_slab,6.832075922506955,6.009186502684379,92.20567847402513,-3.92692,1517700.0,742748.0,-1717410.0,-341801.0,-796602.0,209166.0,-181012.66666666666,0.45008431617671646,-0.10847551864553483,0.08333627508286412,0.4287936785659951,14,-0.0010752170555201612,0.015759776092178383,0.027319116828172292
308,1,Fe4Al13_slab,2.833940911094528,4.021523905208577,89.14794726163372,-3.50705,1338710.0,766301.0,-621418.0,-852992.0,-858146.0,671206.0,-494531.0,0.4827747901600341,-0.09361294273768593,0.07620053796916215,0.46744153963813057,15,-0.5578218512313229,0.3932094373716522,2.69629159492676
309,2,Fe4Al13_slab,6.587874992625167,6.322926408252285,89.7112386472583,-2.96867,-1042680.0,-1747440.0,348688.0,65292.2,-671648.0,342159.0,813810.6666666666,0.5558386591334794,0.06522629990006566,0.16088584302322673,0.5280320921150121,13,0.004323957915337906,0.02253779809120857,0.023762384742397336
310,1,Fe4Al13_slab,9.949953683056094,6.252367780971279,93.06671665059764,-3.64918,300236.0,260026.0,927435.0,263242.0,475403.0,-76681.4,-495899.0,0.6078152548555987,-0.002905145737805952,0.3096242246041916,0.5230332529597632,14,-0.004669086092758068,0.04495453753119417,0.07175630342718953
311,2,Fe4Al13_slab,11.55085727595728,6.287892471464454,91.05947269727213,-2.92471,92067.3,-747370.0,640929.0,-1664700.0,-472436.0,-85251.2,4791.233333333318,0.617897800170698,-0.0421924977522945,0.19213921392481303,0.5857473918521237,12,0.02977136612720299,0.02590539321242948,0.01773082044499867
312,1,Fe4Al13_slab,5.473882443913526,4.698551613037399,88.11549477934778,-3.68806,627825.0,-618296.0,226398.0,-933421.0,-169099.0,966195.0,-78642.33333333333,0.5596204832653462,-0.038760292699147485,0.19762866634967846,0.5221260721673104,13,-0.6525868735808658,0.4502946604233214,3.1337982815297454
313,1,Fe4Al13_slab,3.500563071295728,1.3140400136799542,88.02594586098557,-3.77834,455045.0,574838.0,-68809.1,-496478.0,-465370.0,370281.0,-320357.9666666667,0.45112297399133167,0.014946669835271379,0.1367612691599518,0.4296334367590333,15,-0.8024265938403223,0.6268752676589974,4.620362903821246
314,1,Fe4Al13_slab,13.173295103437118,0.6052644850670045,87.19239091996914,-3.44647,533976.0,-1409410.0,-1594070.0,447866.0,565361.0,-641169.0,823168.0,0.3892124217749953,-0.034296417913120436,0.15628398714357666,0.354803298103036,13,0.03724734129381746,0.03363465418976648,0.01519111456158581
315,2,Fe4Al13_slab,16.7116034523507,6.39963164682814,84.90266517290237,-2.89192,-232697.0,-1703530.0,-400584.0,-1648730.0,-845919.0,-600880.0,778937.0,0.38010076409644805,-0.01801781637440313,0.15539595176862342,0.3464160032875583,13,0.011129571423101559,0.01986007702125302,0.016392582060539725
316,1,Fe4Al13_slab,18.382248003173018,6.590642738673644,82.82809213485002,-3.73961,1472580.0,465056.0,461979.0,292486.0,310807.0,58539.8,-799871.6666666666,0.3445771274881546,0.08232258292999718,0.16708770791372984,0.28989323378074516,14,0.030564478928800654,0.023405582158815354,0.02204600410467488
317,1,Fe4Al13_slab,6.026713429349407,2.1028728043186815,83.2469038483141,-3.67292,-1063530.0,-3832270.0,-914784.0,-1518790.0,-69647.3,-219463.0,1936861.3333333333,0.48966491274590984,-0.046272679836316215,0.17948569356219446,0.4532278143293098,14,-0.009767386521466248,0.03835118371805342,0.03703772618552673
318,1,Fe4Al13_slab,6.138152779930347,6.663779718701268,83.81209000006064,-3.93995,1154540.0,1180090.0,-414805.0,-291808.0,-570915.0,61686.0,-639941.6666666666,0.46152950549451327,0.07886014125193784,0.22952419003779845,0.3925674575805118,14,0.02235968540770572,0.03274307485469973,0.013386146061077868
319,2,Fe4Al13_slab,1.089731804326385,0.5705073694005166,81.41242369715097,-3.03209,-345102.0,-801278.0,387208.0,-248627.0,734296.0,-37733.9,253057.33333333334,0.3967496431503986,0.1578442460841819,0.14139218604614223,0.33541574656413786,12,0.005963032760079479,0.04844630769288162,0.031193926815486977
320,1,Fe4Al13_slab,3.90395667756731,6.0371920826574685,77.00977090567162,-3.71658,34650.3,904670.0,253445.0,-248069.0,-438647.0,-75439.1,-397588.43333333335,0.15994439608352995,0.023273021488659836,0.10434156450032807,0.1189681227343584,14,0.008305115065975088,0.043416056130810066,0.046142310579943654
321,1,Fe4Al13_slab,1.785060656722063,0.04203910855940779,75.13268283519463,-3.69079,-1073720.0,-2619710.0,-605380.0,-2117340.0,357341.0,-225089.0,1432936.6666666667,0.23626458417276658,-0.03454232895726167,0.07761106743348943,0.2204638370716907,14,0.014145010822916526,0.024761194658916984,0.026804420194113655
322,1,Fe4Al13_slab,5.796780422533509,6.456335173650165,78.84590553540566,-3.56619,1701420.0,1340510.0,-14228.8,-426678.0,-1367630.0,286011.0,-1009233.7333333334,0.34021789803849894,-0.16619462862186474,-0.20752075750268784,0.21227976532982495,14,-0.632916200104518,0.4204004067288398,2.681467858818106
323,1,Fe4Al13_slab,18.268584029497912,6.6228988227656265,74.28199311986849,-3.7404,1159920.0,408217.0,292798.0,809622.0,853665.0,587836.0,-620311.6666666666,0.28003957311283373,0.01917101163917323,0.07401909907003379,0.26939897511833516,15,0.012954420829198288,0.03168502264315736,0.023571157987220443
324,1,Fe4Al13_slab,4.086284316853426,1.3527878744399555,85.16316154695743,-3.70353,-1172080.0,1392030.0,-11251.7,-262621.0,-145353.0,-530778.0,-69566.09999999999,0.41307718584294556,-0.0444636016075348,0.12143545877132578,0.39231260360713804,14,-0.011030041797527534,0.04638762635444309,0.01867359927492252
325,2,Fe4Al13_slab,8.72230534743267,6.616097433515215,83.07126061815097,-2.95662,-409015.0,-2127070.0,-281792.0,-1226900.0,-725388.0,249584.0,939292.3333333334,0.3548143083508087,-0.014005513451673215,0.1651958862994105,0.31369947107569374,13,-0.012666515235192799,0.04319460413899016,0.020192979528744052
326,1,Fe4Al13_slab,10.616191503601275,6.634273405946075,84.80373354000623,-3.57535,474070.0,372998.0,-1537710.0,-117445.0,487531.0,717081.0,230214.0,0.20291525247078088,-0.1263505553499122,0.15209807847669676,0.04556655979713753,14,-0.017186010914875594,0.055786805215661026,0.11657544572533453
327,1,Fe4Al13_slab,3.327486498802779,2.0542710375597326,82.20171087111434,-3.78309,-727049.0,-84363.7,334121.0,761657.0,316343.0,418463.0,159097.2333333333,0.40517803803138297,0.14446318223252064,0.21598767865054394,0.3108841490867036,15,0.015219594715228602,0.05554154639608949,0.032065484549492144
328,1,Fe4Al13_slab,5.407447671752457,0.8822627878118205,80.7156985301809,-3.51247,-1131810.0,524120.0,-31153.7,-241190.0,3200.39,31109.0,212947.9,0.3695994927863814,0.12376987894796355,0.25501233103470167,0.23717823077467415,13,0.06447241530568759,0.0662123249904872,0.06348639716250155
329,1,Fe4Al13_slab,2.6112040640157606,1.2295543943633755,72.69231136173161,-3.48639,49630.5,-974140.0,-617048.0,293024.0,123383.0,-218188.0,513852.5,0.35886068093919166,0.04592901784340331,0.04461723635148629,0.3531017075354299,13,0.03551692253153449,0.05493263335267848,0.05733267594568457
330,1,Fe4Al13_slab,9.347563761841764,0.06717973520864802,84.19584926441617,-3.76382,521457.0,-760591.0,3329080.0,562738.0,-1179830.0,606042.0,-1029982.0,0.32829982607699404,-0.05378214822527231,0.15229940466075015,0.2858201316815183,14,0.00808805248526201,0.029656401007013226,0.02219900543341709
331,2,Fe4Al13_slab,13.880238355651539,6.333938761211479,81.6076841620549,-3.47661,592190.0,1499680.0,216125.0,1723970.0,316413.0,-112352.0,-769331.6666666666,0.4285618315228819,0.10963114486416004,0.2334185034030618,0.342289435687249,11,0.04222291445796311,0.0327166741215981,0.03255681500302414
332,1,Fe4Al13_slab,11.351701972889405,6.306904575025526,82.29104309669671,-3.60033,-236788.0,250849.0,-1676940.0,167473.0,513306.0,-521382.0,554293.0,0.29935229776170746,-0.0020580102878042864,0.23324016213776222,0.18763419074043952,14,-0.007964455011146399,0.020855505972443726,0.04378609908241694
333,1,Fe4Al13_slab,7.991361453930368,0.8343249046303244,79.97472343901852,-3.72609,-209143.0,-190168.0,-185573.0,-754391.0,2042650.0,-984423.0,194961.33333333334,0.333359067922879,0.17816925717850918,0.12783718965636717,0.25108093695784817,13,0.035077805964814246,0.031328263658905696,0.04525145628670124
334,2,Fe4Al13_slab,5.990375713121132,2.2570752079029517,78.4646146747912,-3.33183,271678.0,2091930.0,-123265.0,510297.0,960657.0,-894275.0,-746781.0,0.5737321060863335,0.235063891470582,0.44338843121104476,0.2780650922880738,11,-0.7274217909873206,0.5246534865408499,2.8070554293000995
335,1,Fe4Al13_slab,4.067044448588157,0.33650071767789197,77.03331615783428,-3.59049,1014080.0,1381530.0,59871.3,-687354.0,-329471.0,-1480540.0,-818493.7666666666,0.41835440879270286,0.06332825908919569,-0.05513523065912168,0.4098414928935199,14,0.07410759601607575,0.052315904709334754,0.07973928691623354
336,1,Fe4Al13_slab,8.609041751858722,6.604004988662844,74.34153317552622,-3.5998,169705.0,167759.0,-1017530.0,360562.0,686528.0,-628795.0,226688.66666666666,0.35590881938593305,-0.09066488543784246,-0.029398450580840677,0.34290916781077385,13,-0.022522284218424837,0.06901865571556212,0.07830932247919341
337,1,Fe4Al13_slab,10.867421492141775,6.4397753522260714,77.75765319391931,-3.64921,885925.0,961094.0,-394329.0,-41132.1,155787.0,-66727.0,-484230.0,0.4500470709318092,-0.05973595444335266,0.03948617265443222,0.4443138800106822,14,0.024002292622525623,0.03610464571834766,0.07737970943016895
338,1,Fe4Al13_slab,11.544402608890717,5.934243326407411,75.2137215668208,-3.67079,867684.0,255573.0,-757556.0,-411722.0,-5228.83,-975214.0,-121900.33333333333,0.5554456599305415,-0.022033912365150964,-0.12017813199392702,0.5418409401586501,14,-0.029251757874552253,0.09068991963289566,0.1611404692916491
339,1,Fe4Al13_slab,6.102847240463227,1.9995617395296137,86.83417771661718,-3.4589,1913870.0,966867.0,-256843.0,-1286160.0,-1359380.0,940607.0,-874631.3333333334,0.3411550388402381,-0.10468759304648144,0.030096214536384117,0.3232978290350843,14,0.050165247808132474,0.04565376137960456,0.03344846124971191
340,1,Fe4Al13_slab,1.6662604722399483,2.4931215544932774,80.00886033805152,-3.6768,277085.0,36189.5,169609.0,-952299.0,-296118.0,505335.0,-160961.16666666666,0.5143009309833546,0.4284617036341283,-0.031051294755778613,0.28277523445888164,13,-0.6641596990944458,0.4602089917155597,3.3897413276114676
341,2,Fe4Al13_slab,8.460929435570158,0.6362322447866939,86.94318251762465,-3.40368,2627550.0,2815470.0,3093590.0,1067190.0,-119255.0,233933.0,-2845536.6666666665,0.41349966449539155,-0.1463149781012092,-0.04064527965073628,0.38460611144800794,12,-0.5749161079329531,0.4354335651784738,3.0702540317863587
342,2,Fe4Al13_slab,10.144358842539305,4.235512024005118,86.32432157070424,-3.52931,1576160.0,1882380.0,-302318.0,1079740.0,1222140.0,-1528680.0,-1052074.0,0.5336106595910399,0.14248271565562654,0.4380733385626012,0.26931535754427216,11,-0.7521717704000074,0.5250579795136596,2.998752594969302
343,1,Fe4Al13_slab,8.27464899010711,2.448384946995838,84.85109423318069,-3.56747,1413750.0,-1325990.0,-249424.0,-232659.0,-129052.0,-1976830.0,53888.0,0.35882927560342903,0.02684157013882427,0.08443001357672886,0.34772050838280677,14,0.02482903087493793,0.04500703813280909,0.02629536204768047
344,1,Fe4Al13_slab,11.872951371228709,1.6196772102108568,83.03221155788698,-3.51911,1790070.0,579468.0,-1030710.0,630166.0,-107221.0,-826901.0,-446276.0,0.5535283583857016,0.0674873840530044,0.27509996581385465,0.4755618838175195,14,0.07668062808340448,0.029237206344005527,0.051309375572489366
345,1,Fe4Al13_slab,11.12909775737914,1.9115026881227941,85.56558552696269,-3.61302,919575.0,916653.0,-859950.0,561157.0,577114.0,-85099.1,-325426.0,0.42449606050759003,-0.006029359639954983,0.2305237800872908,0.35639772589490804,15,0.040378012696056786,0.048176430304888274,0.017161209519400512
346,1,Fe4Al13_slab,10.787442192701764,3.977559147259546,83.78558629114438,-3.77411,199575.0,-556769.0,3337370.0,804844.0,-1455920.0,887166.0,-993392.0,0.4857723002570711,0.16506307751035543,0.26067824362213754,0.37520096140859494,14,-0.013202511678027551,0.03402944254931844,0.036040284081238536
347,1,Fe4Al13_slab,9.049517003933236,2.1253027213267517,82.26016006775106,-3.60353,864034.0,497252.0,-55720.4,270905.0,-190319.0,680442.0,-435188.5333333334,0.4463254649212632,0.1044372954641055,0.20303619078032975,0.38350433789820215,14,0.006793737016500212,0.04133710885132507,0.02649257459952899
348,1,Fe4Al13_slab,8.402411100797263,2.3560722243328867,77.62421119689812,-3.62872,-58965.3,482253.0,-134120.0,207605.0,784885.0,-339704.0,-96389.23333333334,0.06864625130837186,0.03798806547463052,0.04354417971679414,0.03705562188088152,13,-0.012735580418938519,0.06626536744359522,0.07061532565795625
349,1,Fe4Al13_slab,8.998809529651531,1.7313359656983978,74.92678625301902,-3.60259,355057.0,776777.0,-287296.0,-369490.0,543017.0,352222.0,-281512.6666666667,0.21739347457326696,-0.09373663954849398,-0.1949616119278903,-0.021525219340858825,14,0.034701691483499886,0.05684166320861272,0.14007299089626074
350,1,Fe4Al13_slab,6.342276760536964,1.7530302786763574,75.7076323609244,-3.79361,445979.0,858845.0,2893060.0,237581.0,-591451.0,331783.0,-1399294.6666666667,0.17847092061868478,-0.03665187327965302,-0.0017149636312008278,0.174658434068661,14,-0.007645884454306806,0.03108387797148529,0.025465886977783136
351,2,Fe4Al13_slab,7.192990531015825,1.1323367601569623,73.08075386972187,-3.48195,1807600.0,3016250.0,1393370.0,406963.0,-127046.0,-462295.0,-2072406.6666666667,0.44756448683314415,-0.24675228339048694,-0.313762943231118,0.20243541184966315,12,-0.5786141857507596,0.4313157769917949,2.9057134268455354
352,1,Fe4Al13_slab,14.685463880192042,3.093242617590332,87.28301191048212,-3.49624,-1018680.0,638431.0,-1225920.0,129155.0,664741.0,611790.0,535389.6666666666,0.2065430241273464,-0.007359972019161271,0.10480221310535054,0.17782673521089976,14,0.016578581269426795,0.044892467122334266,0.07314526302183232
353,1,Fe4Al13_slab,13.499320315759588,4.184608239062376,83.17719580779003,-3.54511,727229.0,-338991.0,-804400.0,-1664230.0,2770390.0,620489.0,138720.66666666666,0.4944572292751162,0.16013414153327155,0.3020456347534082,0.35723023783582164,14,0.01873026401377964,0.037731637086856847,0.03504146705596999
354,1,Fe4Al13_slab,12.78245425196519,4.447422286888821,85.65699536129941,-3.60567,582956.0,327550.0,-1394520.0,-503099.0,-212272.0,-700014.0,161338.0,0.3260010754796615,0.1786726604601636,0.1774488330961317,0.20703790293278246,13,-0.005332772078215253,0.05900301848965598,0.05746114242893606
355,2,Fe4Al13_slab,11.682944492311956,3.455846397004751,81.08427484717143,-3.36068,3712030.0,2198730.0,1902710.0,455257.0,-738754.0,654612.0,-2604490.0,0.33100810348430015,-0.00225610917053664,0.05475478080942642,0.3264401760234108,12,0.041467563043142475,0.052384160725641636,0.03420366045629152
356,1,Fe4Al13_slab,10.478458682533438,3.8583604670857947,78.76952391525953,-3.68151,369670.0,-41837.2,1322230.0,114130.0,-415734.0,495848.0,-550020.9333333333,0.31712722349169625,0.011740019513718267,-0.07800917352762894,0.3071586180899146,12,-0.000446471772105661,0.06099881877024496,0.021357151097116677
357,1,Fe4Al13_slab,16.988612034500044,4.653765581681286,86.8743788873974,-3.59515,-2639430.0,-2084030.0,-1090140.0,368596.0,-573380.0,-574388.0,1937866.6666666667,0.4464747904824174,0.032546927052617754,0.19421386487471448,0.40070114894541575,12,-0.360415306838214,0.4409973547467698,3.0190815744936734
358,1,Fe4Al13_slab,2.7562774886805954,4.190069359842138,84.31720791891054,-3.95176,949761.0,466788.0,-1053180.0,-452090.0,-553903.0,-93818.2,-121123.0,0.5109748472593617,0.08031800800527746,0.27765520872156113,0.421369074792608,14,-0.004312676646827884,0.03542730740132961,0.018609779376860085
359,1,Fe4Al13_slab,16.50981379737212,6.542411760617231,77.79911081255865,-3.71939,1342830.0,481845.0,230036.0,1405750.0,861717.0,676540.0,-684903.6666666666,0.18968567861576438,-0.07045586864453668,0.016148107744731632,0.17537350387596007,14,0.01065093103481729,0.027003242804866726,0.020325146320143674
360,1,Fe4Al13_slab,10.483483325894142,1.0641433583770565,79.28294100477478,-3.49979,-944700.0,335915.0,-83211.3,-66127.3,244092.0,-159060.0,230665.43333333335,0.040932375102612155,0.030684437591803615,0.02333376608522331,0.013764446283659026,14,0.051658827543797914,0.06701269653671418,0.08300234512854844
361,1,Fe4Al13_slab,12.823202287831673,2.54437891289723,78.9613196963879,-3.62938,-1064900.0,-1676130.0,96495.9,328325.0,402104.0,-147864.0,881511.3666666667,0.38004283986704857,0.11273741165391725,0.04445877918526797,0.36020307203179414,12,0.016426016642288377,0.07731212498107123,0.04047256566072494
362,1,Fe4Al13_slab,13.765530306537606,6.416475048495894,76.8755586957037,-3.68229,-1281050.0,-3888740.0,-865879.0,-2304900.0,196693.0,206079.0,2011889.6666666667,0.2256069717903322,0.017685589632620225,-0.06529464927757635,0.21522624007185695,14,-0.018321931299219107,0.020548101778709568,0.018812751019640618
363,1,Fe4Al13_slab,11.599143964859385,0.4211205792576942,74.9409110318296,-3.75011,113925.0,886931.0,103256.0,237213.0,380120.0,-555322.0,-368037.3333333333,0.18209397339173095,-0.08992242657811289,-0.024257144016137433,0.15647288361908807,14,0.023702221047267713,0.03956796721204289,0.02888535789623412
364,2,Fe4Al13_slab,10.888243141771907,1.9405547115213202,76.9654361641238,-2.88591,229274.0,-2535920.0,178839.0,-1235110.0,772548.0,748967.0,709269.0,0.1950544819727246,-0.15810154561648382,0.0012217346989602529,0.1142307295593099,12,-0.012932685207825423,0.06874470590434144,0.03642024261210224
365,1,Fe4Al13_slab,1.6436629696265146,2.0325064703851408,85.92425796242591,-3.76051,-582853.0,39104.1,84079.8,898734.0,373103.0,242060.0,153223.03333333335,0.49457543004703186,0.13152430619860442,0.21079747246785163,0.4276337667752017,14,-0.011641306767583792,0.029321704277891658,0.02130958890772349
366,1,Fe4Al13_slab,15.704255589822196,5.413372492619376,82.95303996129122,-3.67925,-1414690.0,-509002.0,543074.0,-1483470.0,-42422.7,255436.0,460206.0,0.3911815358436724,0.05552866508569564,0.1737421139014188,0.3460538096826582,12,0.024152821026258264,0.028979320559482595,0.014229688312766109
367,2,Fe4Al13_slab,15.523018997233763,4.021901258588806,85.12977528422807,-2.91226,480910.0,-2782950.0,-604288.0,-1935500.0,605063.0,343153.0,968776.0,0.49345698564477575,0.22693666209163865,0.12980554174246928,0.4185093420860255,12,-0.017959429278037398,0.03371777254067127,0.03667386864559496
368,1,Fe4Al13_slab,14.279758034191278,2.249465658096862,81.20541336656382,-3.515,2960610.0,2159970.0,-906160.0,-1009440.0,-1550830.0,64757.6,-1404806.6666666667,0.5907541157258668,0.30218818269344183,0.31289498049983955,0.399711719449769,15,0.020711769565836535,0.04833080489623433,0.1173484888677631
369,1,Fe4Al13_slab,14.158475295141457,1.8465613368028813,84.84361907869791,-3.72811,-577591.0,-2197360.0,-671969.0,-1368220.0,81002.5,-376486.0,1148973.3333333333,0.37125057323565924,0.17787300215363366,0.07894587853544932,0.3161577636164026,14,0.0175363694542785,0.032560566453211995,0.03273692874208525
370,1,Fe4Al13_slab,16.16448628472449,2.564451415122772,83.00785616711337,-3.69043,-692464.0,689875.0,385297.0,11618.5,-545972.0,-521275.0,-127569.33333333333,0.4481582043044044,0.22696684850149396,0.15991866766232343,0.3517923329178103,14,0.012000009346484486,0.024899598850393913,0.025027675073888336
371,2,Fe4Al13_slab,14.960483477998368,1.3922151615363767,78.68873123931708,-3.04024,531424.0,-638292.0,264773.0,234773.0,773468.0,59608.5,-52635.0,0.3602011209622515,0.09556003540204651,0.11917321979638795,0.3262067915598692,12,0.028304678444215914,0.0403597870290839,0.045247834653509574
372,1,Fe4Al13_slab,13.611146805739772,2.069798167091941,76.28538325454724,-3.87,1409870.0,401503.0,-1398090.0,-390697.0,-863280.0,51102.8,-137761.0,0.3194548602222786,-0.1322835024273132,0.1200028282387431,0.2648618581825275,14,0.017711410739866484,0.037887412779975,0.03703775654964625
373,1,Fe4Al13_slab,15.04129664933197,3.8305936839159034,77.74470461234851,-3.71789,-294782.0,241764.0,314623.0,109209.0,89691.1,-891467.0,-87201.66666666667,0.21515230608391808,-0.006380256784865421,-0.08179490959210689,0.1988954496749642,15,-0.018507950271433593,0.04261444530749256,0.04349774984317492
374,1,Fe4Al13_slab,13.006685843640266,5.139325322332002,79.26743338329021,-3.53447,44483.2,-1357120.0,-1792180.0,362819.0,-5327.35,-763224.0,1034938.9333333332,0.3113200121334538,0.022352711962220436,-0.011561276277610943,0.31030121352250717,13,-0.008431636637583506,0.022817121803017346,0.024722720884330824
375,1,Fe4Al13_slab,13.533240378411698,6.365396069396008,73.10658769908834,-3.5383,1818980.0,943106.0,-862654.0,-154027.0,-758369.0,881101.0,-633144.0,0.3920308497303625,-0.19970531953256906,-0.2862385381096848,0.17853143082251677,15,-0.8671871600773591,0.638297601898334,3.6831606287246315
376,1,Fe4Al13_slab,11.29985403545423,3.2471830183757926,74.9492233998994,-3.72735,14793.0,-680342.0,637714.0,-219481.0,611163.0,258069.0,9278.333333333334,0.24297282483311788,-0.10234949988987374,-0.03121762414951723,0.21814177367514276,12,0.000245132191055597,0.029861988252596495,0.050678311897970875
377,2,Fe4Al13_slab,13.378113182296133,2.21821767010822,73.66919386925301,-2.99591,-660085.0,-1359950.0,748529.0,-460466.0,-803167.0,37189.4,423835.3333333333,0.2449132036818683,0.04231995853130144,0.011368764592725624,0.24096109569650537,13,0.02117477045649796,0.027189732986447595,0.03168776723042185
378,1,Fe4Al13_slab,14.038979073924924,4.414024178276659,74.88593362601095,-3.67303,658577.0,-951196.0,261743.0,710847.0,165086.0,444889.0,10292.0,0.23421314489801337,-0.01633201379094729,-0.04958827492983176,0.2283200945121422,14,-0.02175994657411484,0.055887255951476596,0.03425932104012177
379,2,Fe4Al13_slab,12.505165616994283,4.277788812550655,77.06061917722957,-2.96092,-278446.0,-1727490.0,-293344.0,-1497000.0,-367797.0,-122671.0,766426.6666666666,0.38936935438878806,0.009331233332970255,-0.003922854560197031,0.3892377595168881,13,-0.009985686013847861,0.03499521568657209,0.028481757717525327
380,1,Fe4Al13_slab,11.540455353708502,3.647625885722065,72.32097410060376,-3.37116,1762450.0,1318040.0,-509058.0,-546359.0,-195303.0,941819.0,-857144.0,0.4863441122214492,0.10865122109811233,0.3959811781986824,0.2606231266767054,15,-0.47695189403301175,0.3347565322342737,2.634496376694668
381,1,Fe4Al13_slab,4.352385690004381,3.393777012945604,79.81632878677762,-3.48624,869727.0,973100.0,-276779.0,-269737.0,-163859.0,-446863.0,-522016.0,0.5989596100362902,0.3272221525838894,0.39179694826965017,0.31332639314264554,15,-0.4763107543891071,0.3492606765797807,2.5290148234671923
382,1,Fe4Al13_slab,1.6180728867967968,1.9960970325071181,77.12641388369474,-3.70544,533573.0,221450.0,528523.0,315464.0,502623.0,142106.0,-427848.6666666667,0.3668582856888064,0.1565834984008054,0.04231673013115423,0.32905304155728743,14,0.0355340189779898,0.03100198239796291,0.05692473718679226
383,1,Fe4Al13_slab,2.6701894546438174,3.9262626872106,73.22848928267605,-3.63988,-29429.2,-784028.0,290002.0,734512.0,-876189.0,521401.0,174485.06666666665,0.30285047734931947,-0.13112111253078848,0.0721143599741989,0.2632967614022448,12,-0.01200642079553238,0.03481537468455338,0.0745917805181502
384,1,Fe4Al13_slab,15.780880480235195,2.602888886541099,74.17869412267046,-3.6974,-1158710.0,709578.0,561980.0,544292.0,-219610.0,-909619.0,-37616.0,0.2780057306375074,-0.0519490479354303,0.13715726424696495,0.2361702088540909,14,-0.012388247919479123,0.025695400740689583,0.03938903744898351
385,2,Fe4Al13_slab,3.1959553876177393,2.146216578695682,75.01638849227257,-2.94565,-808316.0,-1110350.0,61635.0,-1560800.0,-485448.0,-532813.0,619010.3333333334,0.3060306770447363,0.11482227046225812,0.025635160044855443,0.2825127608937805,12,-0.007318719376990246,0.030876304688431822,0.02646657222139835
386,1,Fe4Al13_slab,12.141884660835588,0.6771800047769404,72.16971532238531,-3.6888,1035350.0,-243595.0,413454.0,-620311.0,-197714.0,118966.0,-401736.3333333333,0.3715506484912567,-0.15893826608894554,0.10495805196658083,0.31901774134723837,13,0.046135165133424305,0.05271860122639399,0.0952249168940723
387,1,Fe4Al13_slab,14.635842287906886,5.9486084717948,86.73030675673557,-3.59017,457590.0,188818.0,1827390.0,-695592.0,-732844.0,-479755.0,-824599.3333333334,0.39875648186642065,-0.07682966618100372,0.08195783054771422,0.3826053426664515,12,0.014623717954205029,0.020128066749200597,0.01863097469426535
388,1,Fe4Al13_slab,3.937548942882725,6.090286824444256,85.85977226183334,-3.76213,116737.0,235150.0,695569.0,58729.2,74788.1,-895292.0,-349152.0,0.48428054201482434,-0.037501450389016956,0.2080061770188202,0.4357232090615639,15,0.02502269616039443,0.021779394433193548,0.017673024783039826
389,2,Fe4Al13_slab,3.7365296158432315,3.530826188330637,86.70440723901243,-2.95645,-977014.0,-323555.0,81699.5,-550930.0,427434.0,-296621.0,406289.8333333333,0.5468673757167491,-0.06572552184485755,0.27814549500865793,0.46623938701908685,12,-0.008151478795339284,0.02588439848983178,0.02973023435573614
390,2,Fe4Al13_slab,17.72293875766942,4.309954110618893,81.6431880120461,-2.9654,-534866.0,-1591710.0,1431710.0,-454131.0,-389476.0,359695.0,231622.0,0.3938701579530969,0.14051639688572592,0.14650877228357828,0.3375263296043869,13,0.02865199778358052,0.026705959188938887,0.021723645927879825
391,1,Fe4Al13_slab,15.668347728810867,5.289819072946727,80.13252739885219,-3.54877,972267.0,1486170.0,295197.0,-515418.0,-342791.0,223099.0,-917878.0,0.2145825783734535,-0.009758852191000134,0.08795302894367385,0.19548583694208332,15,0.03576449915043145,0.05621293762313204,0.030943731994307784
392,1,Fe4Al13_slab,8.363920022596666,5.19168385537295,87.74975187252463,-3.43488,856277.0,-25923.2,-331630.0,-458432.0,-888498.0,519753.0,-166241.2666666667,0.41655358814730903,0.07493871609621296,0.1780741374471342,0.3690402175924845,15,0.02350614487176539,0.033917652348405894,0.023981600782458853
393,1,Fe4Al13_slab,5.719232929172907,4.0127850102798455,85.0815453846102,-3.70779,1100790.0,9714.16,679255.0,166751.0,-85080.8,19164.3,-596586.3866666666,0.42244149512517104,0.014994151510404837,0.08937119081326017,0.4126072981379423,14,0.030993083432766078,0.021571800640266335,0.013857004728098357
394,2,Fe4Al13_slab,7.316632803236786,4.253840030743752,82.96937053780961,-2.94814,-185740.0,-1044560.0,-348851.0,-2525440.0,-665037.0,-1032900.0,526383.6666666666,0.3983786119376595,-0.011630022616528455,0.17065049129107646,0.3597897592281214,12,0.011855286510442209,0.03850573507055851,0.020939498011002772
395,1,Fe4Al13_slab,4.892924064676464,4.6371725902105245,82.13771459538037,-3.7316,-312930.0,984990.0,160846.0,209974.0,-303177.0,-1032920.0,-277635.3333333333,0.4017114598110308,0.1284110079989942,0.21041696470788818,0.3171867130434549,14,0.01874277265721014,0.02698832144919122,0.02280447929200301
396,1,Fe4Al13_slab,7.077172536596779,3.321024608652319,80.74940666606895,-3.59204,-283046.0,-294648.0,-1588740.0,268027.0,-634073.0,-272997.0,722144.6666666666,0.6206242756011957,0.26321532334128683,0.17913646732315813,0.5327309931840176,13,-0.006981448467964446,0.07598238497992213,0.1229514515260289
397,1,Fe4Al13_slab,18.401753834845923,6.03205534594314,79.995099212262,-3.663,864577.0,-108111.0,512316.0,-408624.0,17557.4,590507.0,-422927.3333333333,0.37247225383015875,-0.16239998132231295,0.18235337251627026,0.28126335252174783,15,-0.537566083420262,0.3837000234732375,3.1172664322004766
398,1,Fe4Al13_slab,7.193071829161889,6.104903846661448,81.13498780128774,-3.70617,-1698940.0,-706968.0,393200.0,212692.0,-147647.0,-84371.7,670902.6666666666,0.4368098929113351,0.14268115892039823,0.2929391568742705,0.2909151419299718,12,0.040508998409319874,0.02522327884593499,0.07488076238726707
399,2,Fe4Al13_slab,4.5843944663517435,4.542344439736741,74.88619904687359,-2.94569,453656.0,-1939420.0,-486170.0,-1462190.0,-188760.0,336566.0,657311.3333333334,0.11573531424266247,0.10229025295079985,0.05282159214193349,0.011884717821658342,13,0.016592605624726087,0.03558820954621299,0.04345296823155756
400,1,Fe4Al13_slab,17.209320496368168,4.438428518049079,75.76550997321505,-3.84637,1632340.0,854482.0,-1823950.0,-533140.0,-1272060.0,632963.0,-220957.33333333334,0.2401247157050697,0.08270151848232743,-0.0283771312610579,0.22364050696273807,14,0.002953005930638075,0.01902239309453403,0.024000534783942058
401,1,Fe4Al13_slab,4.112411078946746,3.2055673150624053,77.0247528982269,-3.75323,-1068880.0,9631.31,1097000.0,-970010.0,-55876.3,-145105.0,-12583.770000000019,0.24031662542782883,-0.006064365659552688,0.14321362621018086,0.1928863945277044,12,-0.004394877077972592,0.03131340947728265,0.031778840039814585
402,1,Fe4Al13_slab,5.21535362440208,5.304324704338517,72.67319419076142,-3.52341,-221972.0,418663.0,-1932740.0,343789.0,29302.0,662500.0,578683.0,0.19724719673153843,0.17880925986971707,-0.03496199345972162,0.0755735682405998,13,0.0037304831089041146,0.030965327765192348,0.052049752311161795
403,1,Fe4Al13_slab,8.416784788213185,5.0186777135289855,85.05306945606917,-3.61619,-345690.0,-1988310.0,-58913.8,-449876.0,-647334.0,-320404.0,797637.9333333332,0.34852075835896434,0.061378825192321074,-0.013338434968148684,0.342814009307844,12,-0.007368575892894524,0.028010919223624035,0.051449353018815085
404,2,Fe4Al13_slab,6.4691532906379905,6.23204400276304,86.42703725525946,-2.95581,-717366.0,-693167.0,1226280.0,-460897.0,-367411.0,586244.0,61417.666666666664,0.4208883349287191,0.0006997558395367412,0.04674806172363333,0.4182835396545243,13,0.027027161898035557,0.020290829322032973,0.02401109506390178
405,2,Fe4Al13_slab,17.535871571958477,4.351633068222159,78.37042958859004,-2.94606,-454274.0,-1740940.0,907422.0,-239656.0,-301937.0,218548.0,429264.0,0.2815163985470857,0.0013193395148114447,0.1481237597897831,0.23939317822340908,13,0.03661579208685106,0.030983375459657018,0.028586154330651682
406,2,Fe4Al13_slab,15.965714405276016,5.187614186329916,73.34254990293378,-3.08813,-372841.0,-2031210.0,86183.7,-126048.0,-143067.0,-308520.0,772622.4333333332,0.1541323399952212,-0.036354985810662654,0.04471406075129103,0.14295364986679715,12,-0.01443802382581516,0.030366627480473307,0.029685163695759936
407,1,Fe4Al13_slab,9.449160431104525,4.637890851343317,81.35067021293099,-3.65093,-71189.1,-366185.0,1482250.0,-530135.0,-564403.0,377406.0,-348291.9666666667,0.40460457096128866,0.0834453532808439,0.12010646685370398,0.37724815238583176,13,-0.0006608263145890803,0.01578856996689106,0.03133076047438737
408,1,Fe4Al13_slab,6.407434994426616,4.4436491651582815,76.90553618724664,-3.6915,374302.0,550474.0,-247500.0,-516816.0,570393.0,534967.0,-225758.66666666666,0.11980806807411296,-0.07848755488507209,-0.07833395556566458,0.04535932439146961,14,-0.012958052923951469,0.09545843313312842,0.09050288228172164
409,1,Fe4Al13_slab,7.159412459993412,4.097341086225694,74.24385018418558,-3.64482,217695.0,964203.0,-164372.0,166408.0,298980.0,-216850.0,-339175.3333333333,0.06151418364291383,0.05439486941661364,-0.014664152378119686,0.024701328009541612,14,0.049404213371264216,0.03694370134684101,0.0559637767333316
410,2,Fe4Al13_slab,9.672566998660269,4.542102438878633,73.50491531331568,-3.60598,-106886.0,1890950.0,38351.3,1743010.0,879096.0,-615039.0,-607471.7666666667,0.44098073528804277,0.149575333152562,0.39819318414921234,0.1163332141075557,11,-0.733241235544622,0.506616754248325,2.819507553455526
411,1,Fe4Al13_slab,7.7606867626304625,5.664932186089677,71.99943837703084,-3.70721,-1428950.0,-464735.0,90602.3,-96824.7,1536060.0,-933280.0,601027.5666666667,0.34601723359258396,0.19242398500208413,0.2423083796055927,0.15487925978611372,13,0.03196604051350804,0.04303037930443792,0.0692804868871649
412,2,Fe4Al13_slab,8.24121385365336,5.0661507712638265,78.9759018324622,-3.26074,2627930.0,2299170.0,2460050.0,853620.0,-781004.0,704480.0,-2462383.3333333335,0.39051385939100236,-0.07589636037731931,-0.25087564759274095,0.2894861418148622,12,-0.5748147980142456,0.43363775741499183,2.8887605903193205
413,1,Fe4Al13_slab,9.25672632634921,4.5661400361546445,76.22912426797465,-3.74663,341426.0,392910.0,3651980.0,482597.0,-1049070.0,1107000.0,-1462105.3333333333,0.22832569351370274,0.10310138726106641,-0.06229080113218721,0.19396541536487177,14,-0.01063261707523,0.05041516526896583,0.03983790094270968
414,1,Fe4Al13_slab,5.06710315602394,2.488206386508016,73.2040956686565,-3.68738,627894.0,916336.0,2279090.0,-777933.0,43823.9,-171070.0,-1274440.0,0.13838242283037114,-0.050385018217973254,-0.0702212497274104,0.1080741457255101,13,0.050085774110124825,0.04357012125139657,0.04289732625589052
415,2,Fe4Al13_slab,1.6951773878421328,0.030693068714426435,70.48480600774019,-3.47375,437122.0,2285280.0,192026.0,1348860.0,264223.0,-124063.0,-971476.0,0.31001766723255014,0.18932051927005464,0.1707206048537363,0.1764176013270884,11,0.03424855279047234,0.03828682659111024,0.041577892684974076
416,1,Fe4Al13_slab,6.181565604750201,6.611985658915153,67.6723737999483,-3.75401,190528.0,903406.0,2963790.0,303886.0,-1963250.0,667008.0,-1352574.6666666667,0.14532337371540013,0.05217399124613919,0.1344238509062743,0.01808275125641501,14,0.0015164707181580805,0.038988198995587475,0.01757675800875457
417,1,Fe4Al13_slab,10.218451283768008,6.005027140917645,71.27272118689716,-3.53771,-1624500.0,71380.1,-1945480.0,-144072.0,668077.0,197640.0,1166199.9666666666,0.27285216963882986,0.010336456389762123,0.244106648739729,-0.12146360848821303,14,-0.03582195524267329,0.09566624015639934,0.13403530909398056
418,1,Fe4Al13_slab,4.976598472538186,0.18444075725032946,67.02989808124474,-3.63086,827909.0,722787.0,-920550.0,-359992.0,750632.0,561069.0,-210048.66666666666,0.24937840283588011,0.1370472637003875,0.20473878614043597,-0.03859617549643701,14,0.026647199739868843,0.03467364617735963,0.033929924130547955
419,1,Fe4Al13_slab,4.144855170156884,0.3608230678913527,69.54963726991805,-3.63865,-112440.0,527915.0,-1123210.0,211217.0,578742.0,-251791.0,235911.66666666666,0.16218446252389113,0.030583830215553217,-0.001781962226391265,-0.15926472875101183,13,0.007025206453483479,0.03600608781498004,0.10097090489523573
420,2,Fe4Al13_slab,7.3154626425257945,6.332537101463866,65.03189422310983,-3.19371,2037670.0,2742000.0,1592400.0,369123.0,-821840.0,1003790.0,-2124023.3333333335,0.2076468987791319,0.12798414262652713,0.15992347566558163,0.03408483152054487,12,0.012379890210535871,0.03587530170808422,0.0217632557609661
421,1,Fe4Al13_slab,2.148811081117275,0.17659976898484672,62.8064822757317,-3.63612,775469.0,-766752.0,1321610.0,-246946.0,-343671.0,271642.0,-443442.3333333333,0.2522577817283581,0.1886294206275343,0.12922791682900578,0.10655081242425267,12,-0.008496824237204548,0.04669151178139589,0.02034676284377681
422,1,Fe4Al13_slab,8.551604559280326,0.767783215964448,70.92060360919037,-3.68006,-1299590.0,-1723520.0,423626.0,719006.0,-318958.0,76485.2,866494.6666666666,0.30826834418054605,0.08965086676325565,0.21930640411845606,0.1972227046388042,12,-0.30830998469788706,0.451421111899008,3.1426438095148335
423,1,Fe4Al13_slab,9.567580319549318,0.09483677753128929,68.23911960636195,-3.89826,1733770.0,952306.0,-590869.0,-405218.0,-795716.0,-84403.7,-698402.3333333334,0.15431850232648467,0.07571175671739638,0.09265885614169753,0.09744878877424411,14,0.027624537066976096,0.03411130425745523,0.020298066472834237
424,1,Fe4Al13_slab,8.548955339832233,5.536468087175939,62.81467020913085,-3.66941,-1471230.0,-1816310.0,-554669.0,368692.0,268732.0,197290.0,1280736.3333333333,0.4278993630561335,0.34067213605969116,0.2573572278847278,-0.02841861840168036,13,-0.4692434255230824,0.4278999984265928,3.028646814279926
425,1,Fe4Al13_slab,7.331993848943343,1.5035759505130066,66.84443275809383,-3.69285,-237163.0,-1763090.0,506048.0,-356759.0,-170911.0,-256920.0,498068.3333333333,0.25086480461791927,0.18271713820766067,0.17175687805388673,-0.006868219738166203,12,-0.006388462912284787,0.040418532698893776,0.01452241293339311
426,2,Fe4Al13_slab,6.836294921382171,0.20220540843520718,69.0343185973799,-2.88381,546085.0,-2099160.0,211824.0,-1343610.0,-129842.0,158167.0,447083.6666666667,0.2237673634437024,0.040370778489894676,0.21139682111248267,0.06126513862061244,12,-0.02080034473985959,0.02993940719955157,0.025643752442806714
427,1,Fe4Al13_slab,6.734362536738343,0.2585520808876135,61.87818338649112,-3.79355,-1978830.0,282344.0,186421.0,402762.0,194206.0,-655527.0,503355.0,0.31784836652066245,0.19369052543336093,0.23506927709025505,0.0908515240679364,15,-0.016905506968845074,0.021272997518877304,0.027667585815742805
428,1,Fe4Al13_slab,4.843162572481074,1.4354001551922297,63.299871606853735,-3.40311,467234.0,-1113730.0,-2598220.0,440692.0,734302.0,-479923.0,1081572.0,0.4163735068874212,0.36204269560009905,0.1778908416558116,0.10318348828824497,13,-0.36425843778396083,0.42111434206932213,2.6836206432263294
429,1,Fe4Al13_slab,7.146172644752267,6.25898124834334,58.87595278233081,-3.68993,-59340.7,-42036.6,479146.0,-495345.0,-107429.0,55150.4,-125922.90000000001,0.3319700513581833,0.253527026368519,0.1929928967453165,-0.09317673371256774,12,0.03390256428186733,0.04219969434194425,0.02725659060008823
430,1,Fe4Al13_slab,5.749083124070653,0.8359559528289388,59.10007328419709,-3.70625,159240.0,285821.0,71398.6,527815.0,874878.0,839070.0,-172153.19999999998,0.3848930311583951,0.2053441702498313,0.255028755780939,0.20232832452114025,14,0.010137345944766118,0.03409325762499142,0.041306078891391276
431,2,Fe4Al13_slab,4.073812400467485,0.5712992622449691,61.061973352972096,-2.89829,-1361940.0,-1528750.0,-340180.0,-1310080.0,-531800.0,404551.0,1076956.6666666667,0.2475200714938425,0.08621297181455079,0.17589330982141388,0.15131111275543674,13,0.001287303811182361,0.03576083697773257,0.03943915083920933
432,1,Fe4Al13_slab,6.968465215503283,6.1791966588041385,56.288772352149536,-3.34041,969890.0,667136.0,-947460.0,-522894.0,-587229.0,530598.0,-229855.33333333334,0.1339341399364621,0.047082575071497615,0.12514556388499454,-0.007757113191345866,15,0.03355484625852734,0.044504713520107375,0.048976939485855624
433,1,Fe4Al13_slab,15.111633289270987,5.927159003543172,63.8298436678926,-3.42145,1631180.0,488848.0,-1532980.0,-210727.0,-66704.6,533907.0,-195682.66666666666,0.32930545256157306,0.2765033183195662,0.15697385131151087,0.08571584479827976,15,0.017702881217124045,0.024463249682971686,0.022781740869917935
434,1,Fe4Al13_slab,9.81799863436669,0.19109052743515426,57.24098578783425,-3.73046,-933360.0,-338956.0,218226.0,215911.0,-392484.0,428050.0,351363.3333333333,0.30687993813929776,0.216183587737101,0.21488769276404496,0.03554197974283113,12,0.03659706666001128,0.0357981170330632,0.035432097980530965
435,1,Fe4Al13_slab,11.582066790130936,5.558977869572737,58.32727535252008,-3.77431,100434.0,249436.0,110990.0,-228039.0,-24919.0,-870672.0,-153620.0,0.4258065874623755,0.25941788115935793,0.3041642011742258,0.14662111575481873,14,-0.015241703506270632,0.024060294013165617,0.03386299762656677
436,1,Fe4Al13_slab,14.585144673185795,3.7789224061868203,71.90799765492989,-3.69213,608107.0,209649.0,-620495.0,-733600.0,-771365.0,-84957.1,-65753.66666666667,0.2997947773648687,0.2668850701186862,-0.11498390309727881,0.07367475762777076,15,-0.26777100296514955,0.3519369121429889,2.825470854751581
437,1,Fe4Al13_slab,6.309416006787869,2.0923531475239514,70.67499736401129,-3.59561,543505.0,45203.3,1358590.0,242115.0,-636298.0,141290.0,-649099.4333333333,0.16890877554219008,0.09239290228628505,0.10600011387677544,0.093582594110174,12,0.009568159628968509,0.030550830706064697,0.03729896209250809
438,1,Fe4Al13_slab,10.98894352219971,1.9867148799452117,69.91935571894972,-3.66143,-885490.0,705764.0,604525.0,752633.0,256765.0,-836164.0,-141599.66666666666,0.3170095119581424,0.1912790319734423,0.024140491794609756,0.2516437943903185,15,0.027624035816963488,0.03488171844533694,0.05654959890994019
439,1,Fe4Al13_slab,8.951526717166745,3.3809176273174852,71.1356861271549,-3.51029,268030.0,-949946.0,-852690.0,22827.7,542765.0,203219.0,511535.3333333333,0.2882452553686106,0.21511098057900388,0.1828734793904534,0.058050700361704344,13,-0.3086921065158196,0.3897256249708648,2.639352647686979
440,2,Fe4Al13_slab,14.579232301755104,6.0359325099742005,70.63926511361309,-3.02503,498661.0,-703617.0,339507.0,-425931.0,334060.0,-770767.0,-44850.333333333336,0.1657892711465786,-0.03865243052510258,0.04472691456959055,0.15489214039098442,12,0.02004340945464711,0.03598312595337336,0.04493217937237639
441,2,Fe4Al13_slab,8.361690415049493,2.408898115728376,68.87218545581679,-2.96739,-418529.0,-1681310.0,-104151.0,-1764820.0,-441978.0,-672035.0,734663.3333333334,0.16051331803625815,0.11638709378338774,0.0755543017665774,0.08068529700156546,13,-0.012738483215553487,0.02841607314539857,0.013911203412645626
442,1,Fe4Al13_slab,10.031535658356338,2.6038245996265488,66.9075547282925,-3.72312,646561.0,-252224.0,270170.0,439680.0,511107.0,171367.0,-221502.33333333334,0.2768864832010135,0.22907286170695504,0.08629150323290435,0.129404501771063,14,-0.005554398941204464,0.043914649257813444,0.027587000362809484
443,2,Fe4Al13_slab,9.345928551391497,0.4822970573614412,65.59333356470702,-3.05959,-772931.0,-1600040.0,875624.0,-240388.0,-531272.0,9401.29,499115.6666666667,0.345936757413726,0.2638001634069411,0.21920246049205241,0.04507765777660211,13,-0.00023403163456192644,0.02289850834236323,0.0224235725216847
444,1,Fe4Al13_slab,7.625431311833429,1.7927117416150933,64.18335801554953,-3.54844,1392750.0,868394.0,-1128480.0,-244918.0,188952.0,944451.0,-377554.6666666667,0.6557123990062769,0.4471053197554706,0.47962929800884857,0.003364483387443329,15,-0.502720929007845,0.3342825596365918,2.619222778488618
445,1,Fe4Al13_slab,15.191225112604021,0.9608061022103972,71.87544615382134,-3.53149,1773390.0,808619.0,-95365.2,-33481.3,-306520.0,476502.0,-828881.2666666666,0.28325786570269806,0.10178549082986699,-0.08296719446412892,0.250980431471703,15,0.020955651888787452,0.035028268931675495,0.043639264352564405
446,1,Fe4Al13_slab,12.648703944484762,0.211295798458039,69.00646490284329,-3.63862,708321.0,-1409820.0,158918.0,536412.0,129658.0,-614937.0,180860.33333333334,0.2546384837229153,0.12189629331327899,0.20610221011128202,0.08662522759816227,14,0.02310069562866912,0.0283325106780063,0.04541543473454911
447,1,Fe4Al13_slab,16.98237435000059,4.833970121267518,67.33489274972494,-3.67458,-1484730.0,-3186030.0,-1250670.0,-1621350.0,-489144.0,-444848.0,1973810.0,0.3495709430861634,0.09829289998361546,0.14504287186703024,0.3024911823235925,14,-0.013721786218814813,0.02690757240191378,0.05211118737157939
448,2,Fe4Al13_slab,14.310660901910362,0.25003452525714454,66.99963020255979,-2.90749,-949388.0,-1019120.0,-409251.0,-2201130.0,-361832.0,418645.0,792586.3333333334,0.23371783408662478,0.16785109712531465,0.07468865886365239,0.14447020246791453,12,-0.020875140493453404,0.032577048651497145,0.012566086270172852
449,1,Fe4Al13_slab,12.953630152051316,2.708923889179062,67.80458557067935,-3.9078,1325530.0,1763440.0,-95028.6,-850623.0,-592551.0,603902.0,-997980.4666666667,0.2493790057875399,0.0790495802235025,0.18931008368940638,0.14178414794179162,14,0.035161217843575066,0.040775998103399866,0.023505154383656024
450,1,Fe4Al13_slab,11.827222105128852,0.6488556804677508,66.20967890723603,-3.79137,-1126840.0,1283460.0,285435.0,-976.121,-87286.0,-948486.0,-147351.66666666666,0.31536236052986605,0.24781581464167424,0.1282265325519124,0.14696495093105,14,-0.015888663822643978,0.0287694722917197,0.014747080568533992
451,1,Fe4Al13_slab,17.84886174550423,5.9251358030459444,64.70786682840031,-3.45993,-21137.3,-1819150.0,-577049.0,934969.0,-570117.0,-889307.0,805778.7666666666,0.33173928539008996,0.22079587522511088,0.01285211869087366,0.24725484423942132,13,0.008603543500221189,0.05956323118217411,0.05303567387521723
452,1,Fe4Al13_slab,10.517534733458444,2.106433507557331,63.955655408501194,-3.72543,143368.0,-267778.0,-220516.0,-796081.0,-630748.0,-435238.0,114975.33333333333,0.4790085877963229,0.45311540870999245,0.15534275874643735,0.002069028093139025,15,-0.27806745156407553,0.35967339580231644,2.9142680688853746
453,1,Fe4Al13_slab,14.03259288033329,2.0171062863206277,65.19530882329235,-3.67057,-1747460.0,-627905.0,122114.0,575499.0,-336776.0,636807.0,751083.6666666666,0.22939505852709746,0.17091015827405262,0.10612433452552539,0.11022448138641039,12,0.022145132096680675,0.0470837034583063,0.014418014783306421
454,2,Fe4Al13_slab,12.001466023938693,3.412430483963025,65.34917107828815,-2.94665,-477732.0,-447515.0,210280.0,-239765.0,696824.0,-944869.0,238322.33333333334,0.33247570072560767,0.2537210337279614,0.2128485124137778,0.029346880247146597,12,0.01332543245877349,0.012801633057638593,0.02751944471267294
455,1,Fe4Al13_slab,10.878914853978138,2.172078987307972,61.13471793658226,-3.73084,-288263.0,1110360.0,158887.0,58575.5,385682.0,-303896.0,-326994.6666666667,0.2289356136217441,0.1905591946452745,0.12683190516513676,0.0035180040776907613,14,0.0033721980230353443,0.013727017465155212,0.017586366996713
456,2,Fe4Al13_slab,11.516747168903011,0.7357687527621479,59.04114403251522,-2.92569,157902.0,-2179740.0,-136216.0,-1290490.0,-511219.0,-191238.0,719351.3333333334,0.27421167386154716,0.23090538275337377,0.12894951736519022,-0.0724345792336365,13,-0.009196786136324242,0.04229635268753423,0.019779115387952923
457,1,Fe4Al13_slab,12.833833610728064,2.929963424203509,59.21636147554688,-3.72751,-411638.0,-2897820.0,-855879.0,-1383580.0,151508.0,193670.0,1388445.6666666667,0.2813859362996239,0.2080269694636172,0.1770084054547767,0.06760805810964143,14,0.015194394706954828,0.029447121094064947,0.016884110495907795
458,1,Fe4Al13_slab,8.803809673723014,0.7430058603687547,59.88326701449211,-3.92521,1328090.0,227273.0,-1963810.0,-736477.0,-1062370.0,129399.0,136149.0,0.2674505939323038,0.1882215834059764,0.16093017827375955,0.1010145210138873,14,-0.016693586379664338,0.02392795959383063,0.009247297655248666
459,1,Fe4Al13_slab,15.096153862587208,6.00431014682173,61.216944949499954,-3.70543,171254.0,-1187160.0,447915.0,-411314.0,-75964.5,-381552.0,189330.33333333334,0.2714356310426678,0.16607003722726965,0.15811535002893606,0.14525006237551707,12,0.01899461162981797,0.04706542828829522,0.02434875034352101
460,1,Fe4Al13_slab,13.08287785639882,2.8883332967272213,62.897880932642245,-3.48436,2142490.0,1739200.0,-266961.0,-1132870.0,-562689.0,1056960.0,-1204909.6666666667,0.32829978505262636,0.3071594499642689,0.11374401758981678,0.02227374296735718,14,0.03298656292383184,0.046358833213379795,0.02761378241864721
461,1,Fe4Al13_slab,9.974220255370314,2.889995397538635,58.302192421958836,-3.75598,740421.0,425875.0,1012000.0,884205.0,397690.0,409656.0,-726098.6666666666,0.33008108875638087,0.23916877425657823,0.2222470487512349,0.048559982460560036,15,0.05860381067613596,0.03987311245492883,0.0341108465185922
462,1,Fe4Al13_slab,12.196572782665198,1.6754646810640288,56.72963360397921,-3.42397,-556753.0,342319.0,-1568960.0,-506860.0,311529.0,124176.0,594464.6666666666,0.43222120028388156,0.3587394866883198,0.21583607679957595,-0.10740546828354523,13,0.08876707763813818,0.05615074175912864,0.06538660341912332
463,1,Fe4Al13_slab,15.295581932097065,1.2214333290027786,69.12760914327772,-3.76923,-232713.0,-605319.0,1158030.0,-241820.0,267948.0,-150280.0,-106666.0,0.23364341407730443,0.11155712778776028,0.10776738081357173,0.17472963061263155,12,0.017283669914419986,0.02373217572745378,0.012469859526800804
464,2,Fe4Al13_slab,13.334932193986294,2.20258147752754,70.44124782677692,-2.99336,-1343960.0,-666722.0,1300760.0,-1066140.0,-727770.0,222576.0,236640.66666666666,0.20101649642264388,0.05049097390696388,-0.0489022376466397,0.1883264839079004,13,0.03069538635622493,0.02248232235774288,0.043153220303499266
465,1,Fe4Al13_slab,15.033545235781483,3.9712560720530425,69.25024514678043,-3.65321,972907.0,797100.0,28758.7,-2193.77,162690.0,-463076.0,-599588.5666666667,0.25443156291779784,0.08814768861372889,-0.01247898617384724,0.23834781330006646,14,0.02986846950379274,0.025876731729474824,0.042803676014109095
466,2,Fe4Al13_slab,15.623288024201841,2.6475993846093933,67.07422915926674,-2.9368,1546500.0,-2409550.0,-615105.0,-1460530.0,-712312.0,333836.0,492718.3333333333,0.15307815318678286,0.07890116979902828,0.10418941988012433,0.0797000073554841,13,0.014345014567240577,0.029833470451999123,0.023252253764206563
467,1,Fe4Al13_slab,2.33693977845577,2.717842292990261,69.03837409400361,-3.61265,657666.0,737664.0,85561.0,-491062.0,251702.0,819727.0,-493630.3333333333,0.18603280295234417,0.10206239803360706,0.1436831054054264,0.059553638872770875,14,0.04021362213559332,0.03822906171992534,0.030881082571139914
468,1,Fe4Al13_slab,14.304850326948937,4.910297884195197,66.18300526315602,-3.69801,333685.0,241199.0,205345.0,1209900.0,1098340.0,253658.0,-260076.33333333334,0.4382673247312454,0.309351196526924,0.3063748529283803,0.05014513563205014,15,0.050893751252161,0.01855908437402502,0.06187345923708764
469,1,Fe4Al13_slab,16.343237708104766,3.6622312736975458,64.93449481376277,-3.48009,-1257300.0,-814774.0,-2538240.0,67726.2,405726.0,120329.0,1536771.3333333333,0.42300507091162615,0.24612700146452227,0.2670488535366764,0.21688637345803838,13,0.010889483773853126,0.02987453441824672,0.04611894413288119
470,2,Fe4Al13_slab,9.237192705374081,0.5149073215804204,62.442221561690985,-3.01225,-864117.0,-1286190.0,503769.0,-95616.3,-317369.0,288615.0,548846.0,0.30047682126619923,0.20945500246488888,0.20386470539652765,0.06967139982991455,13,-0.00023320062675469266,0.012591165318106091,0.017130592877962307
471,2,Fe4Al13_slab,7.7087159763349025,1.3565318203149879,57.57758283198988,-3.01051,-589903.0,-1405570.0,1015070.0,-182090.0,282690.0,136468.0,326801.0,0.2764018897955891,0.2212404994005439,0.0910159316531476,0.13844401862442623,12,0.008515251689030223,0.052239201738652416,0.032006105678610564
472,1,Fe4Al13_slab,13.716796340690736,4.102080526101003,56.83766131185354,-3.54135,575407.0,-504644.0,-1499330.0,717257.0,-132836.0,-236911.0,476189.0,0.4573047336182591,0.3512578542768807,0.12375081341752737,0.2653889134401979,13,0.016320619365022715,0.07001121495259369,0.11360655933494955
473,1,Fe4Al13_slab,5.1008435702462425,2.69791825391494,68.34466444395841,-3.72003,554240.0,-149159.0,2790310.0,305846.0,-1347890.0,336250.0,-1065130.3333333333,0.2762413974095056,0.1990301607524767,0.01773240328572623,0.19074031201429875,14,-0.021765884960944448,0.03358161154104214,0.044483496376014064
474,1,Fe4Al13_slab,1.0009600179213651,0.827671610490038,65.35398923935247,-3.64782,-1299880.0,-826515.0,915582.0,340152.0,-704563.0,7132.13,403604.3333333333,0.28931614189611726,0.13834136665678154,0.2139521393809174,0.13707654171125228,13,-0.021679506246080615,0.03947411498324595,0.020995254995461052
475,1,Fe4Al13_slab,13.43712528973977,0.8406225883330872,60.877339924770034,-3.5866,711346.0,724826.0,-1471070.0,-89822.9,855816.0,681309.0,11632.666666666666,0.3314163825202721,0.14443495775017112,0.20358756624926144,-0.21800794584425628,14,0.031852213439813704,0.0457420065892605,0.09443463859616634
476,1,Fe4Al13_slab,14.234756117419133,0.4812794123043083,58.42382494321919,-3.53843,-487993.0,222827.0,-1780880.0,49582.1,473198.0,-941190.0,682015.3333333334,0.4134684992953043,0.3257068742348039,0.252798055123564,-0.031054392788270494,14,-0.0022566700967127096,0.015062214368872548,0.0245358302301364
477,2,Fe4Al13_slab,1.2503896308225584,0.4962565216520193,57.57296561468935,-3.6142,108426.0,1432380.0,-219013.0,1702090.0,705426.0,-452768.0,-440597.6666666667,0.33631662148035996,0.2390641778469433,0.23116133647299392,-0.05021578710274355,11,0.019017925768053168,0.04374205434885789,0.026549080119072088
478,1,Fe4Al13_slab,14.691653854128338,1.8188210953927848,55.962807012943635,-3.71821,-515046.0,-405768.0,446770.0,-206874.0,2236980.0,-853288.0,158014.66666666666,0.44123698057758676,0.3233867184653807,0.27595130986058397,-0.11816081387518551,13,0.012569882815331002,0.03437004746201028,0.047683005083653654
479,2,Fe4Al13_slab,5.461484035036308,2.374824557252557,65.51697182206908,-3.26838,717298.0,1318130.0,-542230.0,1234030.0,268219.0,-619735.0,-497732.6666666667,0.2599094258816087,0.192792956479507,0.17408129027359734,0.008915714815870501,11,0.02028382596517908,0.037974031516311624,0.020411062958342933
480,1,Fe4Al13_slab,3.0774376584826717,2.2682749314190382,66.28264100121655,-3.58814,809167.0,605206.0,-581809.0,-337671.0,-322287.0,69066.9,-277521.3333333333,0.25453149260587,0.22625282039517366,0.10260660005142919,-0.05538797357989722,14,0.0012587808836415082,0.028096975466400276,0.041075113244137006
481,1,Fe4Al13_slab,3.550962624312908,3.6941040280516044,64.03360138928429,-3.69075,-441412.0,-1320420.0,-787670.0,-116575.0,1406140.0,-1501120.0,849834.0,0.3264777447404924,0.23780855999551595,0.21269514951622748,0.06925012618015103,13,-0.0025460299326747204,0.03555435642953268,0.019743554888208576
482,2,Fe4Al13_slab,15.316874446337842,1.3429110050933901,62.97635020912847,-3.47378,2156810.0,3148380.0,2345580.0,994503.0,-506613.0,-189166.0,-2550256.6666666665,0.21395601480146925,0.1931792555217786,-0.076852268459074,0.05052405702704731,12,-0.6179701195123785,0.4398816522151931,3.3200637146924663
483,1,Fe4Al13_slab,0.8764518774155861,0.8497413306142225,60.272355931203414,-3.76552,271362.0,478489.0,2797890.0,359531.0,-985947.0,340119.0,-1182580.3333333333,0.2558979122872573,0.23238003361478743,0.10715111770258391,0.001378210888830722,14,-0.009047280947871661,0.022895354090628088,0.014714446084019206
484,2,Fe4Al13_slab,16.85579542975799,4.798265057520735,62.557460830288925,-3.463,492264.0,1854750.0,129972.0,1624520.0,408238.0,-556569.0,-825662.0,0.3786480905040211,0.28855993330796886,0.2085764439483908,0.12885421359616345,11,-0.7546984940356483,0.5454087749695947,3.1710900968720606
485,1,Fe4Al13_slab,15.121118397199297,3.294467421242277,61.0421588377162,-3.6518,1226950.0,393129.0,265779.0,-483968.0,123449.0,-1661910.0,-628619.3333333334,0.3768014647088227,0.3085425413312688,0.1196527278272641,0.18017788077078475,14,0.02101283166656165,0.011250815908456838,0.03954534514293208
486,1,Fe4Al13_slab,15.787766151722764,2.944876482126503,58.31720651443106,-3.65337,763849.0,943412.0,336542.0,275114.0,83816.5,84340.9,-681267.6666666666,0.35501360723888364,0.2871555689021097,0.1922045559985519,0.08144783131962184,13,0.03037565822628363,0.0399358120285475,0.027083206865365632
487,1,Fe4Al13_slab,2.5868482766245844,2.737361929998843,61.70790873074114,-3.57016,116536.0,445640.0,-888787.0,606120.0,892475.0,-485730.0,108870.33333333333,0.3215346796569849,0.1671655142258759,0.22614167774316932,0.1558851585726586,14,0.027699655028856185,0.02937965704800039,0.029962717475725372
488,1,Fe4Al13_slab,3.3384934985567094,2.3790727692698277,59.08125649114834,-3.63634,1122120.0,751400.0,-167882.0,108854.0,-121303.0,-955623.0,-568546.0,0.3887725629481847,0.28204871768090717,0.20815857520157843,0.16811494319632914,14,0.03540425274200221,0.04683375588024804,0.04500385361471084
489,1,Fe4Al13_slab,16.246205356557443,5.616335073858912,57.39763388051944,-3.64971,500390.0,-304098.0,1086630.0,107904.0,-597501.0,295773.0,-427640.6666666667,0.426249188102345,0.3253129394168397,0.26802071779336695,0.06344096972313906,13,0.019950745720647478,0.026635630805740298,0.0445942804878316
490,1,Fe4Al13_slab,17.229847242323682,4.922565246985781,70.95660281801096,-3.5179,1373510.0,1041780.0,-475722.0,393731.0,-822347.0,1067180.0,-646522.6666666666,0.3515189983697442,0.1991473772698065,0.20861396972458038,0.20096303136939753,14,-0.03612144874656131,0.030886723872099914,0.0675697177696508
491,1,Fe4Al13_slab,12.048810602857149,5.575441271121134,64.10858117135857,-3.67282,650128.0,-238457.0,1189.92,-1006630.0,-502774.0,240651.0,-137620.30666666667,0.30560553174372024,0.0037043058153880546,0.273190856770821,0.13692251431964306,14,0.002823755573685194,0.03438402992323646,0.10437639402274781
492,2,Fe4Al13_slab,4.051329525606016,3.529083168468843,70.86353872826857,-3.40225,1913940.0,2256660.0,1695020.0,774251.0,-1955380.0,992594.0,-1955206.6666666667,0.17716977905691195,-0.014573403788955545,0.1671980503070114,0.05675877453410294,12,0.039250241639401384,0.03652146760351121,0.04782114172729626
493,1,Fe4Al13_slab,3.8451603930553406,5.103147619793462,68.91423052122376,-3.63373,675605.0,-106087.0,-1285140.0,-152099.0,-565464.0,-323389.0,238540.66666666666,0.19298081664703423,0.09034552410657559,-0.009642852263826995,0.1702536262987735,14,0.0027786242839107356,0.02026367352076486,0.034847944900574614
494,1,Fe4Al13_slab,7.507236517150581,4.140911146797291,66.91840510153787,-3.55906,1659070.0,451404.0,155641.0,-277231.0,220499.0,-940890.0,-755371.6666666666,0.2324342871657432,0.19269893009565917,0.033069823426923335,0.12569489635123432,14,0.004500612746952681,0.047836453009995686,0.037531707293429764
495,1,Fe4Al13_slab,6.814577487259848,4.520309973100676,69.4956490539579,-3.65423,386562.0,212033.0,-470937.0,-44304.2,846162.0,-113018.0,-42552.666666666664,0.16661411238535678,0.13745312682906885,0.0703973865490033,0.06253885462608366,14,0.01547467953071524,0.015451027179674824,0.016485501207776518
496,1,Fe4Al13_slab,4.549409664750389,4.885652797720746,66.23358318834457,-3.67447,504755.0,563423.0,-19495.0,248512.0,-327236.0,-478141.0,-349561.0,0.2500426925811286,0.10340948650853576,0.19695739825695216,0.11417359364193656,13,0.00955268688330091,0.03516609215661178,0.021509205915498427
497,1,Fe4Al13_slab,4.192804271241364,5.26849075283731,61.76155713708693,-3.64955,215452.0,410096.0,21355.9,-36289.6,55695.4,-439718.0,-215634.63333333333,0.381974220761066,0.3334648437086605,0.17419519454346233,-0.0660419376937682,13,-0.0022057793083141153,0.04936797509075417,0.040438607664899075
498,1,Fe4Al13_slab,4.866143461389041,4.860816996376853,59.14093956814639,-3.68303,57616.3,312321.0,-899052.0,-513309.0,603118.0,427426.0,176371.56666666665,0.32273028745160387,0.28341450012867053,0.14787037462021146,-0.04433296589547098,14,-0.005860432880540389,0.019729063562341397,0.01505709411995901
499,1,Fe4Al13_slab,17.46349627738599,4.80143662064015,59.706574748853846,-3.74155,56325.1,116273.0,5082920.0,629951.0,-2466310.0,1445280.0,-1751839.3666666665,0.3864533167932535,0.277107827832765,0.2613082787861627,-0.06538655253281433,14,0.01245178064607555,0.038304362730991005,0.027214506483091205
500,2,Fe4Al13_slab,3.185359350043511,4.246592276874447,57.022070518093514,-3.37048,1776430.0,2313970.0,3433850.0,668146.0,-1375940.0,871280.0,-2508083.3333333335,0.2746393392158725,0.25883155109849065,0.01137792557316164,-0.09112374888321995,12,0.06057183536607169,0.04350222474675227,0.029892289035654634
501,1,Fe4Al13_slab,8.397453378729718,2.799902111189951,61.91404732932607,-3.68112,648015.0,293571.0,-436772.0,473678.0,1002340.0,623806.0,-168271.33333333334,0.3667916870084687,0.32488147271896395,0.1627374080428332,0.05004704153070349,14,0.0105443974041326,0.024205821809362038,0.022871109113727087
502,1,Fe4Al13_slab,6.161716014953498,4.232231878400695,63.511507940094084,-3.54066,278116.0,414933.0,928006.0,38447.3,-226571.0,350285.0,-540351.6666666666,0.46081550175040276,0.2097389338170439,0.4103119823760677,-0.0021408907927948917,14,-0.010608194426943385,0.04787708598143527,0.0755377482074447
503,1,Fe4Al13_slab,5.446709139930066,2.777899817568454,60.99216847905248,-3.71338,-821199.0,-3384290.0,-808007.0,-1625730.0,362137.0,125006.0,1671165.3333333333,0.289821663994943,0.20742822924346438,0.18141406492865775,0.08977228792772962,14,-0.005487920175182737,0.018278516392606598,0.011492849643345892
504,1,Fe4Al13_slab,7.374487767928327,3.390015026775047,59.01053365155163,-3.71656,-170468.0,655740.0,590721.0,301845.0,-207104.0,-746660.0,-358664.3333333333,0.2513754631260854,0.19724418666054877,0.1553135863715034,-0.012729657453917296,14,0.0047920757068542486,0.0034927878895196092,0.01381102631143622
505,2,Fe4Al13_slab,6.749862551340158,4.897264504131475,61.082713030894936,-2.95573,120669.0,-2135850.0,625186.0,-1574280.0,-257471.0,8515.12,463331.6666666667,0.27222644087242653,0.20937839731123997,0.17373798268564758,-0.009112366419699924,12,-0.008620115425929109,0.02567433716024531,0.01541882450050522
506,1,Fe4Al13_slab,12.350649686473243,4.752241854811842,70.01606759494817,-3.73669,606550.0,800427.0,365262.0,-26624.8,813629.0,303247.0,-590746.3333333334,0.32366231952571217,0.020721347777163508,0.17615690809913878,0.27073357116547925,14,0.05611113026578041,0.04118226104953615,0.06127660708718393
507,1,Fe4Al13_slab,9.58807210922625,4.59623910015622,65.10015269806854,-3.56935,1226930.0,1239290.0,-747950.0,-561261.0,-359057.0,841931.0,-572756.6666666666,0.16490040236549047,0.11167341764596016,-0.10951926176669424,0.052218021732443276,15,-0.8852490732236086,0.6377704294414813,3.862585417115329
508,1,Fe4Al13_slab,9.641070237171713,4.634464815227103,68.81695975583358,-3.70802,-685436.0,-2726130.0,-715778.0,-1456390.0,160505.0,-380787.0,1375781.3333333333,0.17889058882727163,0.14400420437364045,0.10049026581873655,0.034151696434619794,14,0.011575728420906373,0.021692591039924238,0.0188626851619246
509,1,Fe4Al13_slab,11.63723028167566,5.370055194508254,66.85641216481011,-3.71431,323645.0,841792.0,440637.0,-246791.0,-353762.0,-587368.0,-535358.0,0.2864983523529602,0.19929674456722068,0.19998667230805545,-0.04865639120423281,14,0.03288906817325832,0.03004216897408801,0.04246577955470427
510,2,Fe4Al13_slab,10.609394128457602,4.287543328465491,62.62062180808107,-2.94784,-699562.0,-1025620.0,-276652.0,-965483.0,895066.0,-538251.0,667278.0,0.3434337508893943,0.24813562830495425,0.23685305508596688,0.01661570077089891,12,-0.0031854297124744857,0.026362470898930828,0.02192600587927236
511,1,Fe4Al13_slab,9.428448775460062,5.0565479772694095,60.30986397448609,-3.88381,1802780.0,451397.0,-1351400.0,-350226.0,-308017.0,79375.2,-300925.6666666667,0.3778001519562081,0.1925222073625772,0.32137887779604846,0.04882388142013383,14,0.008190612253288432,0.024409277976604037,0.027347949075019928
512,1,Fe4Al13_slab,5.461768260887935,2.8458003918006423,57.18545782851407,-3.54405,873144.0,1061360.0,-460298.0,-638572.0,-734157.0,282292.0,-491402.0,0.26223027847593827,0.24918018515652204,0.07909380915016985,0.02044807152388728,15,0.02032147670718254,0.03470488887230974,0.01724874699440065
513,2,Fe4Al13_slab,9.076166898983898,5.043615307149,57.586070473311835,-2.97688,-490207.0,-1388360.0,572034.0,-17788.8,-189096.0,619767.0,435511.0,0.268089883819005,0.2515649045292587,0.04458139186699661,-0.08123905535192932,13,0.027871441861566204,0.04664187205699541,0.05024643214618214
514,1,Fe4Al13_slab,12.479601475517423,4.938842813244825,61.11090048016386,-3.69028,494450.0,-1120.18,472426.0,74484.3,390883.0,657586.0,-321918.6066666667,0.29838631197453547,0.20727141327886756,0.20223345840960327,0.07193455852952012,14,0.026071266862199405,0.026120156095469253,0.007995158453964582
515,2,Fe4Al13_slab,14.182609876073322,5.1179094172429025,59.02829423891026,-2.86634,43253.9,-1436580.0,6666.57,-2172770.0,-193075.0,-809044.0,462219.8433333333,0.36643220047503083,0.29584632672629496,0.20884189851176418,0.05596936602761815,12,0.0020282681834900007,0.034390676603542544,0.013121452633429133
516,1,Fe4Al13_slab,8.092894413883128,3.339516394347835,56.05676352426964,-3.67431,937385.0,16529.2,-63897.2,-841110.0,-215691.0,102638.0,-296672.3333333333,0.3192864749930884,0.31546354046046415,-0.03320526751474384,-0.036387057629539754,14,-0.5963549612673189,0.42255628087388414,3.1208438970636627
517,1,Fe4Al13_slab,5.886091824635239,0.10829134468464081,56.07130207962703,-3.61635,702282.0,-1702720.0,455477.0,-474120.0,101846.0,766186.0,181653.66666666666,0.12212428389996503,0.0805241614678458,0.09180786626609057,-0.0012311903375135103,15,-0.5311479302700696,0.3949546973764253,2.9082081658192087
518,1,Fe4Al13_slab,4.438758247937441,6.102420488538933,55.286872369392604,-3.58546,-372397.0,-835539.0,-1393730.0,-16008.6,95016.6,-153250.0,867222.0,0.24169225004772232,0.21489660568404198,0.10873794408079984,-0.020264553182563812,13,0.00775541017867909,0.030471599059886043,0.019755219937215646
519,2,Fe4Al13_slab,3.871302697392349,5.188358185527887,52.919193457968305,-2.98676,-513768.0,-1542820.0,124366.0,-1626610.0,55599.3,-252959.0,644074.0,0.17968136755752648,0.14047165141208584,0.06227688706242863,-0.09313806061282293,13,0.0009057557074756417,0.03055028404246611,0.00979755019776388
520,1,Fe4Al13_slab,5.26107700498115,5.346523012491502,50.81468938194609,-3.66743,-409049.0,514890.0,314630.0,761432.0,811137.0,-67850.0,-140157.0,0.174728418529848,-0.013075859873682198,0.03183369965037386,-0.17130574332775694,14,0.014135830205829647,0.04161750374849727,0.03747968960141067
521,1,Fe4Al13_slab,8.500534835635358,0.8874309166422417,51.02420170062939,-3.69646,-444308.0,-2045170.0,-96039.1,-1764200.0,478214.0,71506.3,861839.0333333333,0.3098930992519301,0.13525209818548412,0.06912456937611611,-0.27011552493138424,14,0.03321578725789909,0.049368319051538344,0.043813141699064216
522,1,Fe4Al13_slab,8.704815684531034,5.347255538741588,51.84692834438175,-3.81247,501952.0,718021.0,110162.0,-695027.0,-426905.0,-269433.0,-443378.3333333333,0.3585748098600715,0.3549355373924729,0.020766922158811596,-0.04653378886521864,14,0.026265282629277742,0.0447954718493081,0.06317116066486338
523,2,Fe4Al13_slab,7.214714917959987,5.999108367518672,49.38187602835678,-3.13426,1151800.0,-1652150.0,-970658.0,345341.0,1281730.0,195793.0,490336.0,0.14449790023390305,0.0009714490287926494,0.01956542458219346,-0.14316386981256812,12,-0.01111091736399783,0.050916536916232186,0.04223298294854428
524,1,Fe4Al13_slab,5.9428908919023415,4.64495846021959,45.076279914915666,-3.65844,261750.0,235272.0,413244.0,569664.0,187579.0,-1127850.0,-303422.0,0.29872636506323663,-0.175785669917496,-0.19090939565990972,-0.14795418914082603,14,-0.03274108873093384,0.0450341967400521,0.05185763414505788
525,1,Fe4Al13_slab,7.933850076117128,5.331690814829757,42.96936438174198,-3.65453,-450608.0,-3214150.0,-58091.2,-1939180.0,-208890.0,315934.0,1240949.7333333334,0.4320056679273775,-0.24283441084310728,-0.14147289956264686,-0.32809414002873893,14,0.011412780825537538,0.035739949934457074,0.046047224254628795
526,1,Fe4Al13_slab,7.96005440881739,5.188233453766074,47.02772842717102,-3.563,1355180.0,87926.6,-747672.0,512527.0,-764460.0,-405887.0,-231811.53333333335,0.347066534423021,-0.2046846769122599,-0.27621644674778256,-0.047579795078995346,13,-0.7343705075522418,0.4968593008657989,2.4156657627987417
527,1,Fe4Al13_slab,5.093082332982457,5.477783036613168,42.13501926514177,-3.38892,1059230.0,-314880.0,341532.0,332065.0,-705915.0,-97836.9,-361960.6666666667,0.2899118007382654,-0.26321287692272843,-0.030819901121009963,-0.11754985037955379,13,-0.02374274681893951,0.052345955134884714,0.06274816063543837
528,1,Fe4Al13_slab,6.538863348598757,0.2773054488676455,52.975532917108495,-3.70958,-247038.0,1229910.0,423692.0,-283648.0,-362360.0,-1070730.0,-468854.6666666667,0.34229250724327387,0.11492711230162468,0.16347900348247993,-0.2779038229194981,14,0.001083390282670571,0.06220656029367598,0.09626887209552427
529,2,Fe4Al13_slab,11.152543516485077,5.293308123617804,51.10949621239426,-3.01192,-591987.0,-1737800.0,406162.0,-964293.0,507824.0,68928.0,641208.3333333334,0.19519252413263335,0.1294651533830784,-0.055333522366797894,-0.13519281356362,13,-0.005308601966089732,0.05592791127211184,0.014586403179002535
530,1,Fe4Al13_slab,13.082207117324812,5.326511995673773,53.02954113357769,-3.59885,-666126.0,1393510.0,-829981.0,-1197970.0,500730.0,-502864.0,34199.0,0.2156448177420689,0.05028294890073858,-0.042694908674867804,-0.2053082006206779,14,-0.026045240072437914,0.08549922256815498,0.06818695915725186
531,1,Fe4Al13_slab,5.684038646638497,0.7581250973805173,50.0594951662838,-3.65751,1803260.0,958977.0,-198000.0,2159660.0,136759.0,817099.0,-854745.6666666666,0.36008987456981656,0.20570311335299696,0.022082098171282705,-0.29472585204719337,14,0.036117057236806915,0.037831752825103836,0.053237449261502236
532,1,Fe4Al13_slab,11.542542174183577,6.151379676581948,48.6248498291181,-3.41268,-1563280.0,896235.0,379944.0,-84203.8,668306.0,-196784.0,95700.33333333333,0.3551021493755084,-0.028673333857501156,-0.06552564707985999,-0.34782433208642516,13,0.04819820562100918,0.06961356404175743,0.07185090268215692
533,1,Fe4Al13_slab,8.907511594968398,6.480871151421265,40.655279431941615,-3.47413,515060.0,79971.8,-504061.0,119964.0,-122185.0,46067.4,-30323.600000000017,0.47303382039173975,-0.3537642394367015,-0.14363563570712934,-0.27925017866634505,13,-0.022644446436995036,0.03547642725141632,0.07606012425996538
534,1,Fe4Al13_slab,15.769960286864254,5.446072665007926,52.397492811144545,-3.74611,448218.0,139389.0,2415390.0,420473.0,-319619.0,701049.0,-1000999.0,0.07315159971585171,0.068365161546847,-0.025842287588695,-0.0030882680979615884,14,0.008563148247776597,0.043179583949355865,0.02672192765375415
535,2,Fe4Al13_slab,15.95137695138017,4.8781937433312965,49.56976513739736,-3.32932,-39039.4,122919.0,-452738.0,17698.7,866121.0,-154135.0,122952.8,0.2516155950412861,-0.10664464451977373,-0.09490843784124792,-0.20719487418796234,11,0.02018437258463346,0.04540897876008703,0.03850252381765445
536,1,Fe4Al13_slab,13.585860469296986,4.876869427455156,50.441753413813124,-3.56364,-117627.0,642094.0,-1081880.0,-50370.8,874376.0,-569022.0,185804.33333333334,0.1851082816804706,-0.051075726073648305,-0.0872306210512477,-0.15507148320616437,14,0.028828822249630792,0.03991468557761825,0.028720368659579082
537,1,Fe4Al13_slab,14.038438843825473,6.206457808790378,48.01847329154225,-3.68573,-756177.0,363669.0,-86914.3,-1189480.0,2285990.0,-1270660.0,159807.43333333332,0.2423464164790111,-0.0817446823890986,-0.06956126326381007,-0.21728051715344063,13,0.007316607947277065,0.03530418726735952,0.035433822938910634
538,2,Fe4Al13_slab,8.267666575720261,1.1114884433566556,46.45243654515513,-3.4077,337244.0,1448390.0,-421175.0,617388.0,968591.0,-566899.0,-454819.6666666667,0.4865633090579456,0.21191849993721945,0.35652177928958784,-0.2544142763249795,11,-0.7213423309760658,0.500283666702387,2.8722601819719924
539,1,Fe4Al13_slab,10.19301645021817,5.7349648392100425,45.082408049198,-3.47768,1664250.0,-212202.0,808098.0,-580403.0,782764.0,-2223170.0,-753382.0,0.25990792176607547,-0.041585716437095854,-0.2253008101677381,-0.12272856604285208,14,0.07236868031287091,0.048284747934114414,0.08349031906234265
540,1,Fe4Al13_slab,10.980927857226217,5.400039112537901,42.55020297336991,-3.61207,1002420.0,436598.0,-1593050.0,359876.0,690631.0,530094.0,51344.0,0.21567602124758498,-0.09981364296047346,-0.08617713079506384,-0.1706660040783703,13,0.014377819234046352,0.03199796301113899,0.047683254919411805
541,1,Fe4Al13_slab,13.053745444420104,5.213327752941201,45.772594565175645,-3.6268,1585500.0,958816.0,-204694.0,-1388410.0,-230795.0,897861.0,-779874.0,0.19207714284679922,-0.1430980921943021,-0.05746898211383478,-0.11451585440165245,15,0.02574359672041482,0.02093008538043748,0.07073107035099505
542,1,Fe4Al13_slab,13.820909463018998,4.766312632793603,43.16040039141901,-3.76678,725161.0,-761836.0,442262.0,-445239.0,197186.0,-1064820.0,-135195.66666666666,0.2610284315605734,-0.13165814458174374,-0.12209570643819491,-0.18945873829840565,13,0.01398737424815577,0.04748119804293749,0.02293420669279172
543,1,Fe4Al13_slab,8.462235182630211,0.6286316049927057,54.88962018494068,-3.55043,803233.0,1084630.0,1077430.0,-192051.0,-1270630.0,664021.0,-988431.0,0.25082814848938856,-0.056253925054603464,-0.21953672496824628,-0.10748898725349675,14,-0.6048613793493505,0.43512507585018656,2.5971937116768826
544,1,Fe4Al13_slab,3.843715271219977,1.081596376667154,48.003972982968534,-3.61272,-49764.3,-1516460.0,-328618.0,-866651.0,-265604.0,1162130.0,631614.1,0.4149494215541846,0.267246943132895,-0.28763551140208343,-0.13426803943879403,14,-0.015072916491235988,0.07240187030710006,0.1479189909601531
545,2,Fe4Al13_slab,14.940111442222033,5.99699053698792,54.9690307411985,-3.35216,2799370.0,2739220.0,1253130.0,861307.0,-390326.0,283023.0,-2263906.6666666665,0.19439678096458868,0.06950701085029996,-0.1630936934629803,-0.07974541394120394,12,-0.575159931444953,0.44881809035685666,2.9615827217581265
546,2,Fe4Al13_slab,12.644153107683776,3.010542932466877,54.575285444252536,-3.5744,461126.0,3540150.0,-288556.0,1380140.0,282918.0,-147294.0,-1237573.3333333333,0.4928738562224603,0.337304417561219,0.3582109121098007,0.02890173847279698,11,-0.73355632943181,0.5270950432442102,2.963446295632812
547,1,Fe4Al13_slab,10.610224698175935,1.1180693025196105,53.0826856398634,-3.60176,1466090.0,256076.0,153588.0,-19396.5,-153976.0,-668681.0,-625251.3333333334,0.16309714151356233,0.057015066717186244,-0.12119803827731879,0.09306446827258696,14,0.06506342656860253,0.05835880867294706,0.08149250774082474
548,1,Fe4Al13_slab,14.297079221384756,0.2130033424129264,50.95255095035069,-3.56397,1323980.0,-204450.0,470620.0,243213.0,193385.0,-825169.0,-530050.0,0.1923158270395207,0.18433895649232032,-0.0236049228769491,-0.04947053734487383,14,0.040681787350736576,0.043813026865065975,0.029845095324812415
549,1,Fe4Al13_slab,13.616979946237437,0.5951079669747382,53.54138929194343,-3.62045,822799.0,273918.0,-695981.0,393656.0,716036.0,698986.0,-133578.66666666666,0.18366809635504683,0.13638957068602406,0.02236663281167195,-0.12096110268775105,15,0.02485361088819682,0.04152900107847286,0.02523364485482088
550,1,Fe4Al13_slab,13.089302254765498,2.5955533282420364,51.90227922627381,-3.74769,-104749.0,135329.0,3518920.0,423162.0,-985024.0,1143570.0,-1183166.6666666667,0.16231163355247943,0.16216359684242754,-0.0068721560963571635,-0.0008987303201166695,14,0.00843471679980723,0.01799077476856251,0.028553109913952136
551,1,Fe4Al13_slab,11.39140770615386,0.7673770398578645,50.343929877537256,-3.66669,1676330.0,1483720.0,1493930.0,312135.0,150162.0,285651.0,-1551326.6666666667,0.14685302381024543,0.13596435737009568,-0.045186363390882,-0.032213299903247616,14,0.041466915413562844,0.03540704926674231,0.025877103728910604
552,1,Fe4Al13_slab,10.675753611267995,0.9839910413282151,45.76136756995137,-3.54484,197624.0,114151.0,-309166.0,333228.0,640544.0,-535036.0,-869.6666666666666,0.3778586023585622,0.009902615035121774,-0.19412927715587736,-0.3240260565799744,14,-0.012856207804348263,0.04910692603216892,0.05237494783843475
553,1,Fe4Al13_slab,11.345416456782864,0.4365229085218681,43.150764440503295,-3.74237,-315896.0,704217.0,-151915.0,-171000.0,796352.0,618378.0,-78802.0,0.39557424457655327,-0.0631971023741631,-0.25778974562755225,-0.2933079546706878,14,0.020716256572666625,0.02923141040573716,0.024143867272794876
554,1,Fe4Al13_slab,8.765761542291848,0.4643272175880876,43.79805153233321,-3.72712,-248193.0,458810.0,2387470.0,291626.0,-980622.0,938614.0,-866029.0,0.41069015699953243,0.07411148918092,-0.17557129204018151,-0.3637974898745568,14,0.03086240227173387,0.03174498627875108,0.06577527932301865
555,2,Fe4Al13_slab,13.327708883403217,6.587979452028163,41.061416806653,-3.54143,609558.0,2362490.0,3880250.0,858918.0,-345227.0,1042840.0,-2284099.3333333335,0.547405283125071,-0.24521024552864834,-0.22709080724312433,-0.433536901251422,12,0.010895899747942694,0.06129276088632039,0.10112895856308139
556,1,Fe4Al13_slab,1.9444244907049328,1.8384559927868067,55.333398302470535,-3.49675,-1034380.0,-6201.73,-307867.0,38765.4,28311.0,-225209.0,449482.91,0.3897674431069803,0.25336552601614537,-0.047698250642090434,-0.29231737344605335,14,0.025539836278442585,0.05528398072642212,0.07649475661394736
557,1,Fe4Al13_slab,15.763695734664067,2.699986243071893,51.13938208588245,-3.64203,-591195.0,570826.0,-1778980.0,-477166.0,318584.0,302829.0,599783.0,0.22188504404710277,0.11894039223954421,-0.06941561738532354,-0.17397594066049038,14,-0.022295894758861512,0.025782924688714338,0.022244224606567102
558,1,Fe4Al13_slab,15.248378266775632,3.192859247800695,53.735829858289925,-3.61218,502212.0,-218362.0,-1214550.0,218660.0,760236.0,-155278.0,310233.3333333333,0.3975936032258578,0.3326068461983098,0.03558664744251417,-0.21491149274046958,13,-0.015055912128711046,0.05026992862568436,0.060612801740910265
559,2,Fe4Al13_slab,14.059314108827355,2.331382597945712,49.14202728448362,-3.25033,1175160.0,951319.0,2813150.0,-495377.0,-633619.0,610591.0,-1646543.0,0.13415593218714808,0.05441228705628908,0.027758039876914165,-0.11944290845629268,12,0.016514024716533515,0.031236798039767873,0.02484466256942858
560,1,Fe4Al13_slab,12.757234665704475,2.694649319936098,46.731121925934424,-3.68298,1268110.0,-54410.6,1836320.0,-8776.89,260160.0,579555.0,-1016673.1333333333,0.287309509317385,0.00288684042503994,-0.09825502055834746,-0.2699710562849944,12,0.03413883247010885,0.039143641076215215,0.023283155282498618
561,1,Fe4Al13_slab,4.196875444952658,3.397861327459364,54.84039024522847,-3.7023,-824373.0,-406521.0,1408940.0,336638.0,194465.0,-16894.5,-59348.666666666664,0.278240316472624,0.24722810356407798,0.05326831347818395,-0.116010453400051,13,0.02576877924411558,0.03948591737105232,0.012609075183501418
562,1,Fe4Al13_slab,5.146658201165634,2.844692710511788,52.226673260529466,-3.89299,1782360.0,1414640.0,-278562.0,-365862.0,-579938.0,493936.0,-972812.6666666666,0.2229087711419211,0.1701970545634861,0.043610130227308204,-0.13718396193240778,14,0.029887566525279796,0.03165198998877707,0.017984687673432236
563,1,Fe4Al13_slab,3.434622437518555,5.322305098308006,45.87552688142463,-3.76054,-41048.8,232812.0,739975.0,939302.0,65801.9,232890.0,-310579.39999999997,0.19212208405056436,-0.10779406471775932,-0.044274191159662024,-0.1527453134754495,13,-0.004648376816061006,0.029043376171633613,0.026942575879473615
564,1,Fe4Al13_slab,16.695503122753927,6.390036586798356,47.67284166287261,-3.42216,-284084.0,1006020.0,1111070.0,-380612.0,296041.0,375614.0,-611002.0,0.24741487761645678,-0.08476030049435579,-0.1823652550887891,-0.14412746741157179,14,0.05405396715734723,0.03364483038487157,0.02959115178538461
565,1,Fe4Al13_slab,14.970108204649632,1.17529537196723,46.83225321509609,-3.72722,-1059720.0,-1583650.0,19887.9,-102051.0,-898801.0,-127846.0,874494.0333333333,0.29561313718195414,-0.04553000161663513,-0.16638990800461187,-0.2400594600126453,12,-0.016970863344602405,0.0385890321923671,0.026537003308352163
566,1,Fe4Al13_slab,16.002037572842664,5.159877052567617,45.154548727384274,-3.68668,-1058480.0,-4169960.0,-1377630.0,-1980670.0,575445.0,143001.0,2202023.3333333335,0.23761117233804313,-0.01168620828625323,-0.19784339665673034,-0.1310743764245217,15,-0.008823511098560388,0.01502915259859456,0.02196475709617615
567,1,Fe4Al13_slab,17.677421002563236,5.704260382450732,43.07652039265884,-3.72265,-7786.28,-84290.5,-395683.0,-894242.0,1184990.0,581435.0,162586.59333333335,0.3070326370488522,-0.1877946375105033,-0.14561289912136122,-0.19441990110311025,13,-0.04318202815415639,0.021313714831787615,0.01667937424733728
568,2,Fe4Al13_slab,13.23083610536372,0.6784015088538704,45.127386430530535,-2.89561,-354555.0,-2479450.0,-86096.7,-942898.0,-599687.0,265697.0,973367.2333333334,0.30541528573299426,-0.10935542054120438,-0.11523149320627535,-0.26084783252132837,12,0.002737968413380365,0.03652094192501467,0.009315883905500472
569,1,Fe4Al13_slab,4.003690783051954,0.6661591847628041,53.93329185429361,-3.78011,337616.0,1043910.0,501386.0,498513.0,884914.0,20272.4,-627637.3333333334,0.199323869592075,0.18887130056520493,-0.039758104029122616,-0.04976876506380279,14,0.035494567271808886,0.030625359100611396,0.03153939443647548
570,1,Fe4Al13_slab,2.6934795762596355,4.220122410018495,50.9111057358893,-3.74064,25406.1,-808503.0,363882.0,-932324.0,94663.5,171002.0,139738.30000000002,0.20298467132255166,0.05435701820755812,0.1046998262561072,-0.16518485931055693,12,0.02431926324748601,0.043096402511649076,0.03482628902381772
571,2,Fe4Al13_slab,2.458788184662327,2.8278269143768138,52.89230830533755,-2.8712,63623.6,-2104840.0,-156264.0,-1405960.0,241500.0,442090.0,732493.4666666667,0.36194775759208553,0.17424881081948881,0.04560390946219339,-0.3139487451729934,12,-0.010003998374686462,0.04047630027731288,0.039709558291956416
572,1,Fe4Al13_slab,1.1188379105430526,1.007002188972768,48.98023670913929,-3.59198,776701.0,1850200.0,-321621.0,-173730.0,-998497.0,-301294.0,-768426.6666666666,0.34046354961713166,0.10888985037427636,0.16028610550402103,-0.27994069637285435,15,-0.04129372980644741,0.050737852534073945,0.10577133233113405
573,1,Fe4Al13_slab,1.14110728790997,0.6978565737895462,52.903299097675124,-3.7092,-1208950.0,-3593940.0,-1103560.0,-2075340.0,484540.0,483935.0,1968816.6666666667,0.19965829190307038,0.16305657490791323,0.041940972617068646,-0.10731701505766011,14,-0.011745226995512947,0.021276217370764374,0.016702299220669504
574,1,Fe4Al13_slab,2.9787034567302673,1.2223008630439876,50.97513142897373,-3.66557,557177.0,1137660.0,155310.0,314495.0,257531.0,-630710.0,-616715.6666666666,0.17982222196973924,0.054221805207669053,-0.06425726443880331,-0.15895606726702027,14,0.02417282471751192,0.033629720972979955,0.033868348831981136
575,2,Fe4Al13_slab,5.824218145163578,6.586504940047848,46.61505119787456,-3.10635,-434072.0,-1731610.0,168327.0,-284630.0,1120850.0,-164733.0,665785.0,0.2779113384818395,-0.007305263543179916,-0.23279558917630797,-0.15161648604748734,12,-0.020288019411051184,0.040879067932277725,0.04457036356303443
576,1,Fe4Al13_slab,0.5630309247341753,0.7203732136424058,44.051268359740796,-3.85708,1869550.0,1027620.0,938520.0,62528.9,-222908.0,-340356.0,-1278563.3333333333,0.25647603129968816,-0.11083107181165018,-0.03532435917397947,-0.22857956558114978,14,-0.01998889243921742,0.03925236404580233,0.024871026799932312
577,1,Fe4Al13_slab,1.9914763877909607,2.483538945046398,45.78783057718951,-3.67963,-1113800.0,700830.0,328741.0,621109.0,232133.0,-1190030.0,28076.333333333332,0.3285691376601305,-0.028308264838580406,-0.2544280131843206,-0.20596773162714044,14,-0.016919926082822112,0.03439075048092553,0.03307868474202534
578,1,Fe4Al13_slab,15.31373153657123,3.8033469216064546,47.352829077634894,-3.52613,-641887.0,-657360.0,-2159780.0,-469511.0,284643.0,-266729.0,1153009.0,0.2518809687857722,0.04858427536407103,-0.19046535809949594,-0.15750091424445142,13,-0.026822789597217067,0.046657209704659995,0.024062403280268645
579,1,Fe4Al13_slab,15.674482571034364,5.131856913560738,41.16481051068566,-3.71689,964814.0,-1932020.0,-245715.0,-1569970.0,-44203.9,42121.8,404307.0,0.3449681765449779,-0.11979505943069313,-0.27968892876996065,-0.16256164888520175,13,-0.04110657604513823,0.051824820182260936,0.04549650317249133
580,1,Fe4Al13_slab,13.572901819434737,2.1043934292424242,43.10795183926222,-3.56869,63081.3,-1215420.0,-415528.0,-706541.0,245041.0,168494.0,522622.23333333334,0.2467347032557566,-0.10700290495902642,-0.07041728133263714,-0.21087863478967248,13,0.026949039348579173,0.03728990752758742,0.019570672899537414
581,2,Fe4Al13_slab,15.520757411884645,0.9041214461761804,41.51847776330976,-3.33177,426838.0,654403.0,-540014.0,838124.0,-548272.0,-8290.81,-180409.0,0.3901104664562993,-0.1405404650726432,-0.3044488704549335,-0.1993625817314566,13,-0.005177228549642976,0.030334062234730643,0.04286843360835997
582,1,Fe4Al13_slab,16.276933331271536,3.28104551879427,43.133719655046235,-3.63262,21631.5,-1034890.0,-1758760.0,-626131.0,989706.0,-935360.0,924006.1666666666,0.1992163335054278,-0.11241105952443319,-0.08414601237898722,-0.141316488183989,13,-0.03170834777327769,0.02485185278319299,0.02057561114766136
583,2,Fe4Al13_slab,14.822205137940774,2.9704089343244338,45.03642708978113,-2.93806,-387727.0,-1367860.0,-1749170.0,-2905060.0,15300.4,18024.8,1168252.3333333333,0.2661836691479035,0.007437057658165711,-0.14036968956641704,-0.22604155844768314,12,0.00861569301006504,0.03599927999815274,0.011113252404959327
584,1,Fe4Al13_slab,14.293298462663056,3.024922050675135,40.721147913680284,-3.49991,180534.0,10878.0,-556330.0,-1273560.0,496039.0,396273.0,121639.33333333333,0.3391623881928265,-0.09298999441222124,-0.17212636442348297,-0.277049636661431,12,0.06154423563294631,0.02489590216580939,0.02170598873256051
585,1,Fe4Al13_slab,6.544683007405534,2.2996829278544832,47.678514184533604,-3.52689,1258340.0,1687400.0,212947.0,-24992.1,-256244.0,-437768.0,-1052895.6666666667,0.49081801788256035,0.1945854849624391,0.3507920538727973,-0.28281398596922713,15,-0.5116482161256467,0.32475317652895863,2.6660770228075252
586,1,Fe4Al13_slab,3.6973546117396783,0.6026253117829868,45.060276477051055,-3.68621,543457.0,1303080.0,952988.0,1118900.0,723282.0,126392.0,-933175.0,0.26716324427022203,-0.022289628113199476,-0.23596637978327173,-0.1232851944863711,14,0.029097998920243784,0.040403238893117595,0.05010860120422573
587,1,Fe4Al13_slab,4.851954865168803,2.899696246682272,41.102974521033126,-3.49552,-354319.0,833201.0,-804797.0,15550.2,-28360.1,-680650.0,108638.33333333333,0.27263272433666047,-0.19874204214107125,0.06454375617085306,-0.17511226857129003,13,0.033784723761331126,0.06572501186984078,0.08536352549838438
588,1,Fe4Al13_slab,2.725336528415549,1.0730397021051226,42.0749184969542,-3.59382,902388.0,-1518.63,980445.0,524969.0,-472975.0,109902.0,-627104.79,0.20211690795633788,-0.17064844363349296,-0.09922911628344866,0.043404327536585185,14,0.01804876027607394,0.044191228139462954,0.08812182039316831
589,2,Fe4Al13_slab,5.286062530809605,0.9243432781306766,43.00098110062178,-2.91655,90664.3,-645653.0,1115380.0,-2029940.0,324918.0,-1784870.0,-186797.1,0.24997890327481131,-0.059541079957698535,-0.11309420389933302,-0.21483485034864458,13,0.048093270639337105,0.01579351958334472,0.022556529163001396
590,1,Fe4Al13_slab,13.007638821491351,0.6611430785275257,40.744376730585415,-3.58197,179111.0,-243226.0,-218057.0,-789714.0,50236.5,-351667.0,94057.33333333333,0.42261784377449474,-0.1351017774034009,-0.2713098791241191,-0.29452385490601785,13,-0.0395816938328859,0.05390596932628641,0.05959208288471699
591,1,Fe4Al13_slab,17.272956260505985,4.81782757963596,54.69587053688694,-3.64991,781572.0,536506.0,2064760.0,-299527.0,-420658.0,415729.0,-1127612.6666666667,0.28104016498701156,0.25066563345131954,0.03643321355986729,-0.12174947840576776,12,0.0141098954669866,0.04452496251351574,0.01870496917150084
592,1,Fe4Al13_slab,6.453959527069948,4.78523375560535,53.73500636368928,-3.7525,736378.0,1158220.0,960801.0,422617.0,622633.0,-1122940.0,-951799.6666666666,0.2410161953972477,0.17448747408359822,0.021986931780407563,-0.16480140370328653,15,0.0325981484393949,0.03549829857523508,0.027525987902196
593,2,Fe4Al13_slab,6.283516774036917,2.1269649350842608,54.80099428645643,-2.98178,-562033.0,-960528.0,274511.0,-376500.0,736864.0,-358950.0,416016.6666666667,0.20118190944588737,0.18413153791104794,0.007770179197987392,0.080680615701894,12,0.025146113338912812,0.0358812089499976,0.03918664562457042
594,2,Fe4Al13_slab,4.636404829440088,2.9665235343846117,49.652476129107065,-3.00699,-303557.0,-1503360.0,1258520.0,-45369.2,-360344.0,664891.0,182799.0,0.14294204890717727,0.07659108334370578,-0.07602661376595023,-0.0937346749997161,13,0.0132391911594395,0.0356970807602973,0.04009935198698141
595,1,Fe4Al13_slab,2.559494550029871,3.7464655169537013,48.192735139785654,-3.63601,-212097.0,1219480.0,-319719.0,-339571.0,-504106.0,-70451.9,-229221.33333333334,0.36256342276174164,-0.0796034181286105,-0.2905215313343441,-0.2017740597254729,16,-0.02502465416660582,0.04782510239959877,0.07041189508775583
596,1,Fe4Al13_slab,10.97656263275527,4.295269068895703,55.91543425183257,-3.51683,955937.0,660543.0,-804356.0,484318.0,-491799.0,-271381.0,-270708.0,0.6195717427034229,0.40676987187274,0.4647523333445922,0.049119083297107125,15,-0.4681787000257963,0.3355551017418509,2.58605736250603
597,1,Fe4Al13_slab,8.231566402660814,2.860359658321073,53.18017931666454,-3.73291,723746.0,420982.0,526819.0,544591.0,492596.0,215433.0,-557182.3333333334,0.22692466101277853,0.22116644293760854,0.048431284420624277,0.0153172120001841,14,0.036840260894175136,0.041860830538768094,0.044155089594110665
598,2,Fe4Al13_slab,9.797320702234153,3.0109391007752744,51.130844868364505,-2.87698,-354592.0,-1563420.0,888683.0,-1983980.0,-160660.0,-226051.0,343109.6666666667,0.18530595496191185,0.1816252100478852,0.029654199262120873,0.021707337135865146,12,0.024373084775711207,0.03853823827824169,0.024182284029163153
599,1,Fe4Al13_slab,7.124954773532403,3.5350811523780363,50.23503255819732,-3.66535,-77573.1,1312810.0,780213.0,171129.0,620859.0,-586888.0,-671816.6333333333,0.23121306321022997,0.0690411665678994,0.21246003797171786,-0.0596114937160408,14,0.00933333523482871,0.055918350424740575,0.05825395029026309
600,1,Fe4Al13_slab,9.261821979618555,2.050998456460995,48.674193426188154,-3.55644,653247.0,-398692.0,-837502.0,218073.0,-105169.0,115096.0,194315.66666666666,0.1514714727024556,0.13292377504273567,0.008282717880800039,-0.07215451237134118,13,0.01858769244262104,0.0766726995448472,0.06197450389381058
601,1,Fe4Al13_slab,5.13393017699136,4.78365796969727,48.02030544190856,-3.66125,361157.0,-1014260.0,-352200.0,-779460.0,-247580.0,743628.0,335101.0,0.3773197832055233,-0.3597224363231284,0.03510704640095952,-0.10833966446789844,14,-0.03506306435449513,0.06354786438746282,0.16837459450684275
602,1,Fe4Al13_slab,9.352814161118259,4.712275614257831,49.20227487004513,-3.68025,-1699380.0,-1038470.0,481299.0,-135857.0,-25695.4,123783.0,752183.6666666666,0.12276825818097076,0.017895012038737335,-0.009877234984410954,-0.12105475616424853,12,-0.035283431649542396,0.046748051263282714,0.02940036974894956
603,2,Fe4Al13_slab,6.569592456105357,3.3441216104041858,43.020878777252136,-2.83031,857312.0,-2688650.0,-11936.5,-2074890.0,322469.0,316111.0,614424.8333333334,0.3040863899449758,-0.18897537511828855,-0.037765857138199806,-0.23522453142324906,13,0.026029148119026457,0.03766525351634961,0.01582983380187147
604,1,Fe4Al13_slab,3.819258345873448,3.246792563811801,43.54584128464815,-3.83449,1608130.0,1302550.0,1276610.0,-557610.0,367845.0,-202574.0,-1395763.3333333333,0.26917052646427236,-0.1431731001529557,-0.11789014946671816,-0.1950798512618874,14,-0.018306932331461856,0.026496678545707076,0.014930544455173694
605,1,Fe4Al13_slab,6.310724092380859,1.8702812738178995,45.01451293763206,-3.77024,1022440.0,-1542290.0,221201.0,-802058.0,-302810.0,-297597.0,99549.66666666667,0.2921649229763129,-0.04921214749050673,-0.12069549570143456,-0.26147868761050574,12,0.021378967288459894,0.03879969016433524,0.03712276060969935
606,1,Fe4Al13_slab,7.203271630462943,4.187895713235052,40.62514797263398,-3.41776,-839378.0,900195.0,-685163.0,-446335.0,469140.0,-548133.0,208115.33333333334,0.49226156170349633,-0.3479773778211896,-0.07564224930218,-0.3398697394237402,12,-0.0023598445593857598,0.04570638844925996,0.06150461109358487
607,1,Fe4Al13_slab,10.947099539559733,3.885817502035306,53.24389329562444,-3.61013,-1534620.0,-506835.0,408617.0,-844977.0,288287.0,-126300.0,544279.3333333334,0.2902576975315871,0.28538675988857065,-0.025734182687469964,0.04627828970532022,12,0.016596589007472184,0.043149944508272836,0.05269508887612721
608,2,Fe4Al13_slab,9.084089309336138,5.030913824699107,54.56047701946062,-2.92725,-481603.0,-1427270.0,596018.0,4948.76,-627932.0,273378.0,437618.3333333333,0.32656045930590294,0.31863773942096246,-0.020120444110315105,0.06860679505402345,13,0.026731398522929273,0.024293163160823292,0.059595719525088624
609,2,Fe4Al13_slab,4.373297464786963,2.9503338063763036,46.40012571664175,-3.04099,-1413080.0,-868780.0,2220750.0,-250638.0,58172.0,524993.0,20370.0,0.20371362944826857,-0.10616717194235381,-0.1363644783714415,-0.10785408412866813,14,0.012468388314430756,0.025990378061717414,0.03434630397485304
610,2,Fe4Al13_slab,2.597265469214768,3.741808693944313,41.21362556756479,-3.47629,672538.0,1758210.0,1403100.0,1697960.0,1132690.0,-25348.0,-1277949.3333333333,0.12635360568738557,0.029711722131142246,-0.12163697961587074,-0.016937899165284872,14,0.013596709034928933,0.04842906387652875,0.081623548428189
611,1,Fe4Al13_slab,11.678352925021718,3.4501514280775707,49.29752066596434,-3.63838,91393.5,-455933.0,2286840.0,-366303.0,-144054.0,-34165.2,-640766.8333333334,0.18990360540695372,0.02581420736687612,0.023702441438315347,-0.18664190396168578,13,0.01747432799316251,0.05870123188897236,0.022935841274940357
612,1,Fe4Al13_slab,8.60511631907116,3.4844551352829916,44.99629623505133,-3.59786,570001.0,511559.0,-921566.0,-480893.0,645766.0,230508.0,-53331.333333333336,0.33562023761493837,-0.13943182376920046,0.07329486826473497,-0.2963571708313424,14,-0.01679543648743731,0.07622014154912456,0.07812913461214632
613,1,Fe4Al13_slab,9.384989075846159,2.7512278182719503,42.4832549530392,-3.48966,2861910.0,168408.0,-2747610.0,-119223.0,-1032640.0,526597.0,-94236.0,0.3741236630883778,-0.15681249990058707,-0.21591186457977862,-0.2622220850563082,14,0.027359405143674076,0.04550704402195038,0.0287668717174272
614,2,Fe4Al13_slab,11.863557506808599,3.0215106475445666,41.411601378577814,-3.75578,1507380.0,1078240.0,4442570.0,1898530.0,-1101510.0,802069.0,-2342730.0,0.5553545039275812,-0.1733245737179061,-0.11514894643476793,-0.51489604515195,13,0.023347836970470826,0.07053765473604981,0.12857169197894194
615,1,Fe4Al13_slab,9.868879669360986,3.999171512268028,40.377141831371155,-3.08371,-2218400.0,-1797170.0,-3131800.0,964008.0,899806.0,714965.0,2382456.6666666665,0.5908370685626173,-0.5442358391877313,-0.11883145905179983,-0.19691337504322348,10,-0.0018933138921352066,0.059320940752639065,0.2654690381120526
616,2,Fe4Al13_slab,10.362105869878349,3.7974819227400585,46.898392422121304,-3.35118,2725680.0,954973.0,1410280.0,510222.0,-201226.0,251637.0,-1696977.6666666667,0.5446735281591503,-0.20399773968239465,-0.39283770196178347,-0.31738417477750147,12,-0.6060978021198534,0.4323464859924065,2.735739025551131
617,1,Fe4Al13_slab,11.334862412746638,3.3916492612101408,44.295662342743725,-3.73659,-868817.0,-22232.9,5144650.0,907352.0,-1551210.0,1024160.0,-1417866.7,0.4029765405049809,-0.11577990839093388,-0.11310928778485253,-0.3690411820205881,14,0.0273898163347992,0.02436562185606107,0.03393991622906046
618,1,Fe4Al13_slab,7.35941723584062,1.2116974472273412,41.45055065879509,-3.47352,341052.0,691520.0,755631.0,-225863.0,-733604.0,384211.0,-596067.6666666666,0.348584272973088,-0.12851110538759866,-0.2267745680754083,-0.23145018131435077,13,0.04874020206090468,0.029669914089866207,0.05598057624302467
