frame_id,case_id,timestep,time_ps,dump_file,restart_file,temperature,pressure,pe,ke,etotal,pxx,pyy,pzz,eps_z,distance_mode,interface_definition,distance_bin_A,distance_bin_center_A,matrix_atoms_in_bin,sigma_xx_mpa_mean,sigma_yy_mpa_mean,sigma_zz_mpa_mean,sigma_hydro_mpa_mean,sigma_vm_mpa_mean,sigma_max_principal_mpa_mean,sigma_vm_p95_mpa,sigma_vm_p99_mpa,sigma_max_component_p95_mpa,sigma_max_component_p99_mpa,above_yield_atoms,above_yield_fraction,yield_threshold_mpa,plastic_layer_thickness_A,hcp_atoms,other_atoms,dislocation_segments,dislocation_line_length_A,atomic_strain_p95,atomic_strain_p99,Dmin2_p95,Dmin2_p99,max_displacement,event_class,physical_interpretation_flag,continuous_layer_thickness_A,max_above_yield_distance_A,displacement_p95_A,displacement_p99_A,distance_bin_min_A,distance_bin_max_A
step_0,E4_phys001942_700k_80k,0,0.0,C:\Users\dille\Documents\ilua-system\projects\physics_md_al_fe\runs\stageE_700k_dxa_confirm\20260625-102200\cases\E4_700k_dxa_confirm\E4_phys001942_700k_80k\production\dump.chunk0000000_0010000.lammpstrj,,287.98125,2277.8769,-2382106.5,26437.396,-2355669.1,2304.2488,1656.1685,2873.2132,0.001942,surface-distance,analytic ellipsoid Fe4Al13/Al interface from Stage E geometry metadata; r is radial signed distance from ellipsoid surface into Al matrix,0-2,1.0,177,-2385.3804276604983,-1596.4419987400756,-1746.7477405227637,-1909.5233889744459,794.2105863882646,-1564.8367490050803,28611.373427322418,39488.08292419913,17542.721575354008,25857.93147873039,177,1.0,120.0,157.8545097717273,0,177,0,0.0,,,,,0.0,no_event,no_persistent_plasticity,157.8545097717273,157.8545097717273,0.0,0.0,0.0,2.0
step_0,E4_phys001942_700k_80k,0,0.0,C:\Users\dille\Documents\ilua-system\projects\physics_md_al_fe\runs\stageE_700k_dxa_confirm\20260625-102200\cases\E4_700k_dxa_confirm\E4_phys001942_700k_80k\production\dump.chunk0000000_0010000.lammpstrj,,287.98125,2277.8769,-2382106.5,26437.396,-2355669.1,2304.2488,1656.1685,2873.2132,0.001942,surface-distance,analytic ellipsoid Fe4Al13/Al interface from Stage E geometry metadata; r is radial signed distance from ellipsoid surface into Al matrix,2-4,3.0,3446,588.2165724818772,367.3138513448475,804.2058542075098,586.5787593447449,388.2053736746344,811.4210251963865,22105.359111257916,35493.73214366869,15535.248748875403,24019.557355606317,3446,1.0,120.0,157.8545097717273,0,3420,0,0.0,,,,,0.0,no_event,no_persistent_plasticity,157.8545097717273,157.8545097717273,0.0,0.0,2.0,4.0
step_0,E4_phys001942_700k_80k,0,0.0,C:\Users\dille\Documents\ilua-system\projects\physics_md_al_fe\runs\stageE_700k_dxa_confirm\20260625-102200\cases\E4_700k_dxa_confirm\E4_phys001942_700k_80k\production\dump.chunk0000000_0010000.lammpstrj,,287.98125,2277.8769,-2382106.5,26437.396,-2355669.1,2304.2488,1656.1685,2873.2132,0.001942,surface-distance,analytic ellipsoid Fe4Al13/Al interface from Stage E geometry metadata; r is radial signed distance from ellipsoid surface into Al matrix,4-6,5.0,3703,1173.977083366367,893.1651101410173,965.4819682641969,1010.874720590527,258.9762060041036,1177.9405197175836,13040.903186797577,17799.773194687536,9775.106226862952,13730.178563658163,3703,1.0,120.0,157.8545097717273,0,2189,0,0.0,,,,,0.0,no_event,no_persistent_plasticity,157.8545097717273,157.8545097717273,0.0,0.0,4.0,6.0
step_0,E4_phys001942_700k_80k,0,0.0,C:\Users\dille\Documents\ilua-system\projects\physics_md_al_fe\runs\stageE_700k_dxa_confirm\20260625-102200\cases\E4_700k_dxa_confirm\E4_phys001942_700k_80k\production\dump.chunk0000000_0010000.lammpstrj,,287.98125,2277.8769,-2382106.5,26437.396,-2355669.1,2304.2488,1656.1685,2873.2132,0.001942,surface-distance,analytic ellipsoid Fe4Al13/Al interface from Stage E geometry metadata; r is radial signed distance from ellipsoid surface into Al matrix,6-8,7.0,4070,1445.0957790697958,1229.7837406667331,987.1051920464741,1220.6615705943343,404.95913921714066,1452.44521044744,8830.273816530338,11227.063366812912,6759.772129531208,9139.92208060771,4070,1.0,120.0,157.8545097717273,0,362,0,0.0,,,,,0.0,no_event,no_persistent_plasticity,157.8545097717273,157.8545097717273,0.0,0.0,6.0,8.0
step_0,E4_phys001942_700k_80k,0,0.0,C:\Users\dille\Documents\ilua-system\projects\physics_md_al_fe\runs\stageE_700k_dxa_confirm\20260625-102200\cases\E4_700k_dxa_confirm\E4_phys001942_700k_80k\production\dump.chunk0000000_0010000.lammpstrj,,287.98125,2277.8769,-2382106.5,26437.396,-2355669.1,2304.2488,1656.1685,2873.2132,0.001942,surface-distance,analytic ellipsoid Fe4Al13/Al interface from Stage E geometry metadata; r is radial signed distance from ellipsoid surface into Al matrix,8-10,9.0,4448,1057.0199614745777,890.0069364858717,782.4049459508715,909.8106146371069,246.32527601809787,1060.7448757409272,6275.808190716264,7701.615629250016,4917.7118097998,6694.701071564908,4448,1.0,120.0,157.8545097717273,0,12,0,0.0,,,,,0.0,no_event,no_persistent_plasticity,157.8545097717273,157.8545097717273,0.0,0.0,8.0,10.0
step_0,E4_phys001942_700k_80k,0,0.0,C:\Users\dille\Documents\ilua-system\projects\physics_md_al_fe\runs\stageE_700k_dxa_confirm\20260625-102200\cases\E4_700k_dxa_confirm\E4_phys001942_700k_80k\production\dump.chunk0000000_0010000.lammpstrj,,287.98125,2277.8769,-2382106.5,26437.396,-2355669.1,2304.2488,1656.1685,2873.2132,0.001942,surface-distance,analytic ellipsoid Fe4Al13/Al interface from Stage E geometry metadata; r is radial signed distance from ellipsoid surface into Al matrix,10-12,11.0,4821,447.2175226616682,329.4135892912361,399.6246654890922,392.0852591473322,116.32964862078778,462.9046232458575,4419.915255037907,5412.576981199532,3416.1583356571155,4455.374541673069,4821,1.0,120.0,157.8545097717273,0,0,0,0.0,,,,,0.0,no_event,no_persistent_plasticity,157.8545097717273,157.8545097717273,0.0,0.0,10.0,12.0
step_0,E4_phys001942_700k_80k,0,0.0,C:\Users\dille\Documents\ilua-system\projects\physics_md_al_fe\runs\stageE_700k_dxa_confirm\20260625-102200\cases\E4_700k_dxa_confirm\E4_phys001942_700k_80k\production\dump.chunk0000000_0010000.lammpstrj,,287.98125,2277.8769,-2382106.5,26437.396,-2355669.1,2304.2488,1656.1685,2873.2132,0.001942,surface-distance,analytic ellipsoid Fe4Al13/Al interface from Stage E geometry metadata; r is radial signed distance from ellipsoid surface into Al matrix,12-14,13.0,5072,-81.08511190965824,-130.89796688530154,85.61935541709647,-42.12124112595444,201.8611302230516,89.76716738231005,3507.2416153363633,4332.973594598197,2795.4289420786463,3517.9396636187957,5072,1.0,120.0,157.8545097717273,0,0,0,0.0,,,,,0.0,no_event,no_persistent_plasticity,157.8545097717273,157.8545097717273,0.0,0.0,12.0,14.0
step_0,E4_phys001942_700k_80k,0,0.0,C:\Users\dille\Documents\ilua-system\projects\physics_md_al_fe\runs\stageE_700k_dxa_confirm\20260625-102200\cases\E4_700k_dxa_confirm\E4_phys001942_700k_80k\production\dump.chunk0000000_0010000.lammpstrj,,287.98125,2277.8769,-2382106.5,26437.396,-2355669.1,2304.2488,1656.1685,2873.2132,0.001942,surface-distance,analytic ellipsoid Fe4Al13/Al interface from Stage E geometry metadata; r is radial signed distance from ellipsoid surface into Al matrix,14-16,15.0,5343,-852.4998367721915,-786.6009760247133,-543.9670813067607,-727.6892980345552,282.5085895052988,-543.6501771924248,3279.3777422897338,3969.9008399405957,3659.6440773683535,4497.36998480916,5343,1.0,120.0,157.8545097717273,0,0,0,0.0,,,,,0.0,no_event,no_persistent_plasticity,157.8545097717273,157.8545097717273,0.0,0.0,14.0,16.0
step_0,E4_phys001942_700k_80k,0,0.0,C:\Users\dille\Documents\ilua-system\projects\physics_md_al_fe\runs\stageE_700k_dxa_confirm\20260625-102200\cases\E4_700k_dxa_confirm\E4_phys001942_700k_80k\production\dump.chunk0000000_0010000.lammpstrj,,287.98125,2277.8769,-2382106.5,26437.396,-2355669.1,2304.2488,1656.1685,2873.2132,0.001942,surface-distance,analytic ellipsoid Fe4Al13/Al interface from Stage E geometry metadata; r is radial signed distance from ellipsoid surface into Al matrix,16-18,17.0,5811,-1812.1949478438073,-1733.4950600397513,-1372.2979094492634,-1639.3293057776075,406.3848781765154,-1372.2407109491921,3381.322668804517,4041.1134587854353,4723.659974368427,5625.5692680101,5811,1.0,120.0,157.8545097717273,0,0,0,0.0,,,,,0.0,no_event,no_persistent_plasticity,157.8545097717273,157.8545097717273,0.0,0.0,16.0,18.0
step_0,E4_phys001942_700k_80k,0,0.0,C:\Users\dille\Documents\ilua-system\projects\physics_md_al_fe\runs\stageE_700k_dxa_confirm\20260625-102200\cases\E4_700k_dxa_confirm\E4_phys001942_700k_80k\production\dump.chunk0000000_0010000.lammpstrj,,287.98125,2277.8769,-2382106.5,26437.396,-2355669.1,2304.2488,1656.1685,2873.2132,0.001942,surface-distance,analytic ellipsoid Fe4Al13/Al interface from Stage E geometry metadata; r is radial signed distance from ellipsoid surface into Al matrix,18-20,19.0,5943,-2308.2262996419336,-2290.767944845818,-1854.8706405381342,-2151.2882950086287,445.15247099835517,-1854.8634108672973,3286.155849102707,3915.977121549965,4559.087482388379,5143.582153013354,5943,1.0,120.0,157.8545097717273,0,0,0,0.0,,,,,0.0,no_event,no_persistent_plasticity,157.8545097717273,157.8545097717273,0.0,0.0,18.0,20.0
step_0,E4_phys001942_700k_80k,0,0.0,C:\Users\dille\Documents\ilua-system\projects\physics_md_al_fe\runs\stageE_700k_dxa_confirm\20260625-102200\cases\E4_700k_dxa_confirm\E4_phys001942_700k_80k\production\dump.chunk0000000_0010000.lammpstrj,,287.98125,2277.8769,-2382106.5,26437.396,-2355669.1,2304.2488,1656.1685,2873.2132,0.001942,surface-distance,analytic ellipsoid Fe4Al13/Al interface from Stage E geometry metadata; r is radial signed distance from ellipsoid surface into Al matrix,20-22,21.0,6341,-1832.620084660647,-1852.647028692793,-1505.3938026021333,-1730.2203053185247,337.85719629716465,-1505.2930921187753,2994.6861890282817,3693.2660868314038,3771.9611521493225,4232.131591353025,6341,1.0,120.0,157.8545097717273,0,0,0,0.0,,,,,0.0,no_event,no_persistent_plasticity,157.8545097717273,157.8545097717273,0.0,0.0,20.0,22.0
step_0,E4_phys001942_700k_80k,0,0.0,C:\Users\dille\Documents\ilua-system\projects\physics_md_al_fe\runs\stageE_700k_dxa_confirm\20260625-102200\cases\E4_700k_dxa_confirm\E4_phys001942_700k_80k\production\dump.chunk0000000_0010000.lammpstrj,,287.98125,2277.8769,-2382106.5,26437.396,-2355669.1,2304.2488,1656.1685,2873.2132,0.001942,surface-distance,analytic ellipsoid Fe4Al13/Al interface from Stage E geometry metadata; r is radial signed distance from ellipsoid surface into Al matrix,22-24,23.0,6836,-777.1345914548153,-799.7459882256204,-683.5145313556945,-753.4650370120435,108.08415126923065,-682.6351632628538,2535.119687623635,3247.5783146694384,2752.166075515568,3286.8204315700305,6836,1.0,120.0,157.8545097717273,0,0,0,0.0,,,,,0.0,no_event,no_persistent_plasticity,157.8545097717273,157.8545097717273,0.0,0.0,22.0,24.0
step_0,E4_phys001942_700k_80k,0,0.0,C:\Users\dille\Documents\ilua-system\projects\physics_md_al_fe\runs\stageE_700k_dxa_confirm\20260625-102200\cases\E4_700k_dxa_confirm\E4_phys001942_700k_80k\production\dump.chunk0000000_0010000.lammpstrj,,287.98125,2277.8769,-2382106.5,26437.396,-2355669.1,2304.2488,1656.1685,2873.2132,0.001942,surface-distance,analytic ellipsoid Fe4Al13/Al interface from Stage E geometry metadata; r is radial signed distance from ellipsoid surface into Al matrix,24-26,25.0,7529,145.5176016367094,135.04922067437354,109.33489869493461,129.9672403353392,33.46935807696046,146.41150407051913,2209.72824158239,3079.186285395562,1879.2767046413112,2547.2203437022913,7529,1.0,120.0,157.8545097717273,0,0,0,0.0,,,,,0.0,no_event,no_persistent_plasticity,157.8545097717273,157.8545097717273,0.0,0.0,24.0,26.0
step_0,E4_phys001942_700k_80k,0,0.0,C:\Users\dille\Documents\ilua-system\projects\physics_md_al_fe\runs\stageE_700k_dxa_confirm\20260625-102200\cases\E4_700k_dxa_confirm\E4_phys001942_700k_80k\production\dump.chunk0000000_0010000.lammpstrj,,287.98125,2277.8769,-2382106.5,26437.396,-2355669.1,2304.2488,1656.1685,2873.2132,0.001942,surface-distance,analytic ellipsoid Fe4Al13/Al interface from Stage E geometry metadata; r is radial signed distance from ellipsoid surface into Al matrix,26-28,27.0,7788,640.0523114359542,627.878839102319,565.3946154837747,611.108588674016,70.09123920516747,640.170202577144,2174.24114663069,3037.266840333639,1977.1303016637544,2694.7737513925717,7787,0.9998715973292245,120.0,157.8545097717273,0,0,0,0.0,,,,,0.0,no_event,no_persistent_plasticity,157.8545097717273,157.8545097717273,0.0,0.0,26.0,28.0
step_0,E4_phys001942_700k_80k,0,0.0,C:\Users\dille\Documents\ilua-system\projects\physics_md_al_fe\runs\stageE_700k_dxa_confirm\20260625-102200\cases\E4_700k_dxa_confirm\E4_phys001942_700k_80k\production\dump.chunk0000000_0010000.lammpstrj,,287.98125,2277.8769,-2382106.5,26437.396,-2355669.1,2304.2488,1656.1685,2873.2132,0.001942,surface-distance,analytic ellipsoid Fe4Al13/Al interface from Stage E geometry metadata; r is radial signed distance from ellipsoid surface into Al matrix,28-30,29.0,8470,682.7893744109429,689.704172315051,646.7164224752552,673.0699897337496,40.93218734295093,689.8162408233545,2201.6043293559005,3020.913912200297,2111.9583882261895,2812.3643257565814,8469,0.9998819362455726,120.0,157.8545097717273,0,0,0,0.0,,,,,0.0,no_event,no_persistent_plasticity,157.8545097717273,157.8545097717273,0.0,0.0,28.0,30.0
step_0,E4_phys001942_700k_80k,0,0.0,C:\Users\dille\Documents\ilua-system\projects\physics_md_al_fe\runs\stageE_700k_dxa_confirm\20260625-102200\cases\E4_700k_dxa_confirm\E4_phys001942_700k_80k\production\dump.chunk0000000_0010000.lammpstrj,,287.98125,2277.8769,-2382106.5,26437.396,-2355669.1,2304.2488,1656.1685,2873.2132,0.001942,surface-distance,analytic ellipsoid Fe4Al13/Al interface from Stage E geometry metadata; r is radial signed distance from ellipsoid surface into Al matrix,30-32,31.0,8541,521.5280631410374,508.37140609921863,495.32114554897055,508.40687159640885,26.435270589595493,524.228782259424,2114.670637859227,3001.913079583476,1920.2099743769768,2601.878347550604,8541,1.0,120.0,157.8545097717273,0,0,0,0.0,,,,,0.0,no_event,no_persistent_plasticity,157.8545097717273,157.8545097717273,0.0,0.0,30.0,32.0
step_0,E4_phys001942_700k_80k,0,0.0,C:\Users\dille\Documents\ilua-system\projects\physics_md_al_fe\runs\stageE_700k_dxa_confirm\20260625-102200\cases\E4_700k_dxa_confirm\E4_phys001942_700k_80k\production\dump.chunk0000000_0010000.lammpstrj,,287.98125,2277.8769,-2382106.5,26437.396,-2355669.1,2304.2488,1656.1685,2873.2132,0.001942,surface-distance,analytic ellipsoid Fe4Al13/Al interface from Stage E geometry metadata; r is radial signed distance from ellipsoid surface into Al matrix,32-34,33.0,9338,336.31527871550816,328.86988080632153,331.9764938124931,332.38721777810764,8.900592838155973,337.98202963930004,2101.3709213619964,2941.6167295721557,1603.5963138649759,2280.3560763916516,9338,1.0,120.0,157.8545097717273,0,0,0,0.0,,,,,0.0,no_event,no_persistent_plasticity,157.8545097717273,157.8545097717273,0.0,0.0,32.0,34.0
step_0,E4_phys001942_700k_80k,0,0.0,C:\Users\dille\Documents\ilua-system\projects\physics_md_al_fe\runs\stageE_700k_dxa_confirm\20260625-102200\cases\E4_700k_dxa_confirm\E4_phys001942_700k_80k\production\dump.chunk0000000_0010000.lammpstrj,,287.98125,2277.8769,-2382106.5,26437.396,-2355669.1,2304.2488,1656.1685,2873.2132,0.001942,surface-distance,analytic ellipsoid Fe4Al13/Al interface from Stage E geometry metadata; r is radial signed distance from ellipsoid surface into Al matrix,34-36,35.0,9814,238.97217357290694,239.9731488360319,240.89325256486978,239.9461916579362,12.596702041422239,245.18245755608282,2112.532937377808,2967.2085014106547,1505.5167673116807,2239.442182354781,9814,1.0,120.0,157.8545097717273,0,0,0,0.0,,,,,0.0,no_event,no_persistent_plasticity,157.8545097717273,157.8545097717273,0.0,0.0,34.0,36.0
step_0,E4_phys001942_700k_80k,0,0.0,C:\Users\dille\Documents\ilua-system\projects\physics_md_al_fe\runs\stageE_700k_dxa_confirm\20260625-102200\cases\E4_700k_dxa_confirm\E4_phys001942_700k_80k\production\dump.chunk0000000_0010000.lammpstrj,,287.98125,2277.8769,-2382106.5,26437.396,-2355669.1,2304.2488,1656.1685,2873.2132,0.001942,surface-distance,analytic ellipsoid Fe4Al13/Al interface from Stage E geometry metadata; r is radial signed distance from ellipsoid surface into Al matrix,36-38,37.0,10022,233.54133912993476,242.06291483739716,245.7886566234816,240.46430353027117,16.809819388806144,251.10839490001524,2112.0023726760996,2921.848105400228,1517.899764370013,2187.458867360363,10021,0.9999002195170624,120.0,157.8545097717273,0,0,0,0.0,,,,,0.0,no_event,no_persistent_plasticity,157.8545097717273,157.8545097717273,0.0,0.0,36.0,38.0
step_0,E4_phys001942_700k_80k,0,0.0,C:\Users\dille\Documents\ilua-system\projects\physics_md_al_fe\runs\stageE_700k_dxa_confirm\20260625-102200\cases\E4_700k_dxa_confirm\E4_phys001942_700k_80k\production\dump.chunk0000000_0010000.lammpstrj,,287.98125,2277.8769,-2382106.5,26437.396,-2355669.1,2304.2488,1656.1685,2873.2132,0.001942,surface-distance,analytic ellipsoid Fe4Al13/Al interface from Stage E geometry metadata; r is radial signed distance from ellipsoid surface into Al matrix,38-40,39.0,10742,265.04592887235736,268.86563724055964,258.44657724750294,264.11938112013996,13.03179713902378,270.26229477077237,2101.2414690941864,2965.221511026411,1520.1366948119392,2222.376163142493,10741,0.9999069074660212,120.0,157.8545097717273,0,0,0,0.0,,,,,0.0,no_event,no_persistent_plasticity,157.8545097717273,157.8545097717273,0.0,0.0,38.0,40.0
step_0,E4_phys001942_700k_80k,0,0.0,C:\Users\dille\Documents\ilua-system\projects\physics_md_al_fe\runs\stageE_700k_dxa_confirm\20260625-102200\cases\E4_700k_dxa_confirm\E4_phys001942_700k_80k\production\dump.chunk0000000_0010000.lammpstrj,,287.98125,2277.8769,-2382106.5,26437.396,-2355669.1,2304.2488,1656.1685,2873.2132,0.001942,surface-distance,analytic ellipsoid Fe4Al13/Al interface from Stage E geometry metadata; r is radial signed distance from ellipsoid surface into Al matrix,40-42,41.0,11035,272.82760400331847,270.7761181720324,268.9955923642585,270.8664381798698,9.708679366192834,275.32328677961937,2117.119197958027,2968.7892227342904,1546.8703452958148,2288.796058574449,11034,0.9999093792478477,120.0,157.8545097717273,0,0,0,0.0,,,,,0.0,no_event,no_persistent_plasticity,157.8545097717273,157.8545097717273,0.0,0.0,40.0,42.0
step_0,E4_phys001942_700k_80k,0,0.0,C:\Users\dille\Documents\ilua-system\projects\physics_md_al_fe\runs\stageE_700k_dxa_confirm\20260625-102200\cases\E4_700k_dxa_confirm\E4_phys001942_700k_80k\production\dump.chunk0000000_0010000.lammpstrj,,287.98125,2277.8769,-2382106.5,26437.396,-2355669.1,2304.2488,1656.1685,2873.2132,0.001942,surface-distance,analytic ellipsoid Fe4Al13/Al interface from Stage E geometry metadata; r is radial signed distance from ellipsoid surface into Al matrix,42-44,43.0,11774,267.54784463319254,271.12312852789836,262.2928402188733,266.9879377933214,9.708121094514855,271.4943060547922,2110.0519392322444,2915.2203947136663,1540.9679779239707,2297.404525094492,11773,0.9999150670969934,120.0,157.8545097717273,0,0,0,0.0,,,,,0.0,no_event,no_persistent_plasticity,157.8545097717273,157.8545097717273,0.0,0.0,42.0,44.0
step_0,E4_phys001942_700k_80k,0,0.0,C:\Users\dille\Documents\ilua-system\projects\physics_md_al_fe\runs\stageE_700k_dxa_confirm\20260625-102200\cases\E4_700k_dxa_confirm\E4_phys001942_700k_80k\production\dump.chunk0000000_0010000.lammpstrj,,287.98125,2277.8769,-2382106.5,26437.396,-2355669.1,2304.2488,1656.1685,2873.2132,0.001942,surface-distance,analytic ellipsoid Fe4Al13/Al interface from Stage E geometry metadata; r is radial signed distance from ellipsoid surface into Al matrix,44-46,45.0,12276,270.5965257968471,267.68168272616646,265.8258837878387,268.0346974369507,11.815840950258385,274.1684206480347,2112.4930555271744,2930.5099819030174,1549.2691410474574,2280.110570643092,12275,0.9999185402411209,120.0,157.8545097717273,0,0,0,0.0,,,,,0.0,no_event,no_persistent_plasticity,157.8545097717273,157.8545097717273,0.0,0.0,44.0,46.0
step_0,E4_phys001942_700k_80k,0,0.0,C:\Users\dille\Documents\ilua-system\projects\physics_md_al_fe\runs\stageE_700k_dxa_confirm\20260625-102200\cases\E4_700k_dxa_confirm\E4_phys001942_700k_80k\production\dump.chunk0000000_0010000.lammpstrj,,287.98125,2277.8769,-2382106.5,26437.396,-2355669.1,2304.2488,1656.1685,2873.2132,0.001942,surface-distance,analytic ellipsoid Fe4Al13/Al interface from Stage E geometry metadata; r is radial signed distance from ellipsoid surface into Al matrix,46-48,47.0,12830,264.19025047398776,261.77273557851737,255.6467229159981,260.5365696561677,11.645060124655362,265.60389701567004,2101.146802795596,2945.7867981565987,1542.5053975014052,2273.171603386295,12828,0.9998441153546376,120.0,157.8545097717273,0,0,0,0.0,,,,,0.0,no_event,no_persistent_plasticity,157.8545097717273,157.8545097717273,0.0,0.0,46.0,48.0
step_0,E4_phys001942_700k_80k,0,0.0,C:\Users\dille\Documents\ilua-system\projects\physics_md_al_fe\runs\stageE_700k_dxa_confirm\20260625-102200\cases\E4_700k_dxa_confirm\E4_phys001942_700k_80k\production\dump.chunk0000000_0010000.lammpstrj,,287.98125,2277.8769,-2382106.5,26437.396,-2355669.1,2304.2488,1656.1685,2873.2132,0.001942,surface-distance,analytic ellipsoid Fe4Al13/Al interface from Stage E geometry metadata; r is radial signed distance from ellipsoid surface into Al matrix,48-50,49.0,13306,260.2896541880191,260.031404935619,256.49588111149035,258.9389800783761,14.726368291994586,268.5177294863742,2093.981590763595,2909.41018849323,1524.1078104680196,2229.951279118374,13306,1.0,120.0,157.8545097717273,0,0,0,0.0,,,,,0.0,no_event,no_persistent_plasticity,157.8545097717273,157.8545097717273,0.0,0.0,48.0,50.0
step_0,E4_phys001942_700k_80k,0,0.0,C:\Users\dille\Documents\ilua-system\projects\physics_md_al_fe\runs\stageE_700k_dxa_confirm\20260625-102200\cases\E4_700k_dxa_confirm\E4_phys001942_700k_80k\production\dump.chunk0000000_0010000.lammpstrj,,287.98125,2277.8769,-2382106.5,26437.396,-2355669.1,2304.2488,1656.1685,2873.2132,0.001942,surface-distance,analytic ellipsoid Fe4Al13/Al interface from Stage E geometry metadata; r is radial signed distance from ellipsoid surface into Al matrix,50-55,52.5,35835,262.0269395090572,263.0672673941524,259.58869947515285,261.5609687927875,6.994070328186992,265.3676333366427,2096.983232836868,2962.6175585074266,1530.215668558335,2234.125899784665,35831,0.9998883772847774,120.0,157.8545097717273,0,0,0,0.0,,,,,0.0,no_event,no_persistent_plasticity,157.8545097717273,157.8545097717273,0.0,0.0,50.0,55.0
step_0,E4_phys001942_700k_80k,0,0.0,C:\Users\dille\Documents\ilua-system\projects\physics_md_al_fe\runs\stageE_700k_dxa_confirm\20260625-102200\cases\E4_700k_dxa_confirm\E4_phys001942_700k_80k\production\dump.chunk0000000_0010000.lammpstrj,,287.98125,2277.8769,-2382106.5,26437.396,-2355669.1,2304.2488,1656.1685,2873.2132,0.001942,surface-distance,analytic ellipsoid Fe4Al13/Al interface from Stage E geometry metadata; r is radial signed distance from ellipsoid surface into Al matrix,55-60,57.5,39526,267.4274069343088,262.5576595888073,263.61674749727047,264.5339380067955,7.264298451822075,269.2273329819526,2087.846988451248,2945.753701345632,1532.7275895078485,2254.5536027359967,39523,0.9999241005920154,120.0,157.8545097717273,0,0,0,0.0,,,,,0.0,no_event,no_persistent_plasticity,157.8545097717273,157.8545097717273,0.0,0.0,55.0,60.0
step_0,E4_phys001942_700k_80k,0,0.0,C:\Users\dille\Documents\ilua-system\projects\physics_md_al_fe\runs\stageE_700k_dxa_confirm\20260625-102200\cases\E4_700k_dxa_confirm\E4_phys001942_700k_80k\production\dump.chunk0000000_0010000.lammpstrj,,287.98125,2277.8769,-2382106.5,26437.396,-2355669.1,2304.2488,1656.1685,2873.2132,0.001942,surface-distance,analytic ellipsoid Fe4Al13/Al interface from Stage E geometry metadata; r is radial signed distance from ellipsoid surface into Al matrix,60-65,62.5,43059,258.0491528871084,260.0373026720817,258.6240830341908,258.9035128644603,6.4752657270501555,261.6783843448832,2074.66697211859,2903.5396154825744,1504.3647556557119,2238.9214454067105,43057,0.9999535521029286,120.0,157.8545097717273,0,0,0,0.0,,,,,0.0,no_event,no_persistent_plasticity,157.8545097717273,157.8545097717273,0.0,0.0,60.0,65.0
step_0,E4_phys001942_700k_80k,0,0.0,C:\Users\dille\Documents\ilua-system\projects\physics_md_al_fe\runs\stageE_700k_dxa_confirm\20260625-102200\cases\E4_700k_dxa_confirm\E4_phys001942_700k_80k\production\dump.chunk0000000_0010000.lammpstrj,,287.98125,2277.8769,-2382106.5,26437.396,-2355669.1,2304.2488,1656.1685,2873.2132,0.001942,surface-distance,analytic ellipsoid Fe4Al13/Al interface from Stage E geometry metadata; r is radial signed distance from ellipsoid surface into Al matrix,65-70,67.5,42964,265.43050186306596,264.1320182993754,261.5314002280882,263.69797346350987,4.700661229849648,266.6577656080048,2108.726672857828,2978.7777619301232,1541.4851646663587,2255.233617555752,42962,0.9999534493994973,120.0,157.8545097717273,0,0,0,0.0,,,,,0.0,no_event,no_persistent_plasticity,157.8545097717273,157.8545097717273,0.0,0.0,65.0,70.0
step_0,E4_phys001942_700k_80k,0,0.0,C:\Users\dille\Documents\ilua-system\projects\physics_md_al_fe\runs\stageE_700k_dxa_confirm\20260625-102200\cases\E4_700k_dxa_confirm\E4_phys001942_700k_80k\production\dump.chunk0000000_0010000.lammpstrj,,287.98125,2277.8769,-2382106.5,26437.396,-2355669.1,2304.2488,1656.1685,2873.2132,0.001942,surface-distance,analytic ellipsoid Fe4Al13/Al interface from Stage E geometry metadata; r is radial signed distance from ellipsoid surface into Al matrix,70-75,72.5,42382,263.7981153526954,267.3306267518142,262.73915882318465,264.6226336425647,5.372098052036113,268.170700820189,2098.00121607019,2945.129525251557,1534.235825191152,2245.3548393058013,42378,0.9999056203105092,120.0,157.8545097717273,0,0,0,0.0,,,,,0.0,no_event,no_persistent_plasticity,157.8545097717273,157.8545097717273,0.0,0.0,70.0,75.0
step_0,E4_phys001942_700k_80k,0,0.0,C:\Users\dille\Documents\ilua-system\projects\physics_md_al_fe\runs\stageE_700k_dxa_confirm\20260625-102200\cases\E4_700k_dxa_confirm\E4_phys001942_700k_80k\production\dump.chunk0000000_0010000.lammpstrj,,287.98125,2277.8769,-2382106.5,26437.396,-2355669.1,2304.2488,1656.1685,2873.2132,0.001942,surface-distance,analytic ellipsoid Fe4Al13/Al interface from Stage E geometry metadata; r is radial signed distance from ellipsoid surface into Al matrix,75-80,77.5,41499,256.6781559551656,263.7449897415585,263.09543569151754,261.1728604627472,11.636850196352674,268.17209489551357,2068.6658523155975,2898.1094732201987,1513.3913040240518,2188.101635106975,41497,0.9999518060676161,120.0,157.8545097717273,0,0,0,0.0,,,,,0.0,no_event,no_persistent_plasticity,157.8545097717273,157.8545097717273,0.0,0.0,75.0,80.0
step_0,E4_phys001942_700k_80k,0,0.0,C:\Users\dille\Documents\ilua-system\projects\physics_md_al_fe\runs\stageE_700k_dxa_confirm\20260625-102200\cases\E4_700k_dxa_confirm\E4_phys001942_700k_80k\production\dump.chunk0000000_0010000.lammpstrj,,287.98125,2277.8769,-2382106.5,26437.396,-2355669.1,2304.2488,1656.1685,2873.2132,0.001942,surface-distance,analytic ellipsoid Fe4Al13/Al interface from Stage E geometry metadata; r is radial signed distance from ellipsoid surface into Al matrix,80-85,82.5,38813,261.7097683583174,263.50431586528344,263.42237614829577,262.87882012396557,2.3213227109888366,264.16391365930724,2080.9836628433177,2969.1621376295075,1521.176483864702,2232.8201461709496,38811,0.9999484708731611,120.0,157.8545097717273,0,0,0,0.0,,,,,0.0,no_event,no_persistent_plasticity,157.8545097717273,157.8545097717273,0.0,0.0,80.0,85.0
step_0,E4_phys001942_700k_80k,0,0.0,C:\Users\dille\Documents\ilua-system\projects\physics_md_al_fe\runs\stageE_700k_dxa_confirm\20260625-102200\cases\E4_700k_dxa_confirm\E4_phys001942_700k_80k\production\dump.chunk0000000_0010000.lammpstrj,,287.98125,2277.8769,-2382106.5,26437.396,-2355669.1,2304.2488,1656.1685,2873.2132,0.001942,surface-distance,analytic ellipsoid Fe4Al13/Al interface from Stage E geometry metadata; r is radial signed distance from ellipsoid surface into Al matrix,85-90,87.5,36301,260.81670416259936,257.0240016209591,262.9425680790816,260.26109128754666,8.228145305404189,264.4756683845484,2085.9842831802166,2972.731761743706,1519.861102574575,2255.09666385875,36300,0.9999724525495165,120.0,157.8545097717273,0,0,0,0.0,,,,,0.0,no_event,no_persistent_plasticity,157.8545097717273,157.8545097717273,0.0,0.0,85.0,90.0
step_0,E4_phys001942_700k_80k,0,0.0,C:\Users\dille\Documents\ilua-system\projects\physics_md_al_fe\runs\stageE_700k_dxa_confirm\20260625-102200\cases\E4_700k_dxa_confirm\E4_phys001942_700k_80k\production\dump.chunk0000000_0010000.lammpstrj,,287.98125,2277.8769,-2382106.5,26437.396,-2355669.1,2304.2488,1656.1685,2873.2132,0.001942,surface-distance,analytic ellipsoid Fe4Al13/Al interface from Stage E geometry metadata; r is radial signed distance from ellipsoid surface into Al matrix,90-95,92.5,33198,267.24171820548344,263.94786365911244,265.0736680019514,265.4210832888491,3.1800643533777517,267.45722628113936,2117.865363250225,2977.7240959582587,1540.9366879756228,2273.0413890627883,33197,0.9999698777034761,120.0,157.8545097717273,0,0,0,0.0,,,,,0.0,no_event,no_persistent_plasticity,157.8545097717273,157.8545097717273,0.0,0.0,90.0,95.0
step_0,E4_phys001942_700k_80k,0,0.0,C:\Users\dille\Documents\ilua-system\projects\physics_md_al_fe\runs\stageE_700k_dxa_confirm\20260625-102200\cases\E4_700k_dxa_confirm\E4_phys001942_700k_80k\production\dump.chunk0000000_0010000.lammpstrj,,287.98125,2277.8769,-2382106.5,26437.396,-2355669.1,2304.2488,1656.1685,2873.2132,0.001942,surface-distance,analytic ellipsoid Fe4Al13/Al interface from Stage E geometry metadata; r is radial signed distance from ellipsoid surface into Al matrix,95-100,97.5,29594,259.25580134660987,253.3421115481391,260.12655590169726,257.5748229321487,9.265429374320652,263.40283145672953,2081.7028736260404,2947.6137768396507,1531.9471459885006,2223.0698974011325,29592,0.9999324187335271,120.0,157.8545097717273,0,0,0,0.0,,,,,0.0,no_event,no_persistent_plasticity,157.8545097717273,157.8545097717273,0.0,0.0,95.0,100.0
step_0,E4_phys001942_700k_80k,0,0.0,C:\Users\dille\Documents\ilua-system\projects\physics_md_al_fe\runs\stageE_700k_dxa_confirm\20260625-102200\cases\E4_700k_dxa_confirm\E4_phys001942_700k_80k\production\dump.chunk0000000_0010000.lammpstrj,,287.98125,2277.8769,-2382106.5,26437.396,-2355669.1,2304.2488,1656.1685,2873.2132,0.001942,surface-distance,analytic ellipsoid Fe4Al13/Al interface from Stage E geometry metadata; r is radial signed distance from ellipsoid surface into Al matrix,100-105,102.5,25646,259.12686424074224,260.2289664556415,256.4182474444992,258.5913593802943,5.111041856778118,261.3937453659801,2095.525521233272,2978.421384887491,1525.3970165128944,2264.8928246104692,25645,0.9999610075645324,120.0,157.8545097717273,0,0,0,0.0,,,,,0.0,no_event,no_persistent_plasticity,157.8545097717273,157.8545097717273,0.0,0.0,100.0,105.0
step_0,E4_phys001942_700k_80k,0,0.0,C:\Users\dille\Documents\ilua-system\projects\physics_md_al_fe\runs\stageE_700k_dxa_confirm\20260625-102200\cases\E4_700k_dxa_confirm\E4_phys001942_700k_80k\production\dump.chunk0000000_0010000.lammpstrj,,287.98125,2277.8769,-2382106.5,26437.396,-2355669.1,2304.2488,1656.1685,2873.2132,0.001942,surface-distance,analytic ellipsoid Fe4Al13/Al interface from Stage E geometry metadata; r is radial signed distance from ellipsoid surface into Al matrix,105-110,107.5,21704,263.40224498994775,268.0562080542243,267.332803422447,266.2637521555397,7.5556212398765,269.8257509039584,2142.747410301951,2967.512431186043,1543.9092330685896,2306.071961132577,21703,0.9999539255436786,120.0,157.8545097717273,0,0,0,0.0,,,,,0.0,no_event,no_persistent_plasticity,157.8545097717273,157.8545097717273,0.0,0.0,105.0,110.0
step_0,E4_phys001942_700k_80k,0,0.0,C:\Users\dille\Documents\ilua-system\projects\physics_md_al_fe\runs\stageE_700k_dxa_confirm\20260625-102200\cases\E4_700k_dxa_confirm\E4_phys001942_700k_80k\production\dump.chunk0000000_0010000.lammpstrj,,287.98125,2277.8769,-2382106.5,26437.396,-2355669.1,2304.2488,1656.1685,2873.2132,0.001942,surface-distance,analytic ellipsoid Fe4Al13/Al interface from Stage E geometry metadata; r is radial signed distance from ellipsoid surface into Al matrix,110-115,112.5,18330,259.086765088658,261.3072994978956,255.6071404244732,258.66706833700897,9.925188938115378,263.0645271575832,2095.3048273831273,3037.6609120907897,1526.411833779957,2298.644148605831,18329,0.9999454446262956,120.0,157.8545097717273,0,0,0,0.0,,,,,0.0,no_event,no_persistent_plasticity,157.8545097717273,157.8545097717273,0.0,0.0,110.0,115.0
step_0,E4_phys001942_700k_80k,0,0.0,C:\Users\dille\Documents\ilua-system\projects\physics_md_al_fe\runs\stageE_700k_dxa_confirm\20260625-102200\cases\E4_700k_dxa_confirm\E4_phys001942_700k_80k\production\dump.chunk0000000_0010000.lammpstrj,,287.98125,2277.8769,-2382106.5,26437.396,-2355669.1,2304.2488,1656.1685,2873.2132,0.001942,surface-distance,analytic ellipsoid Fe4Al13/Al interface from Stage E geometry metadata; r is radial signed distance from ellipsoid surface into Al matrix,115-120,117.5,14922,262.5059109168969,255.1106670007329,257.12101224753775,258.2458633883892,6.8269204636313345,262.665427327148,2135.962844344668,2994.4521944721064,1546.555339758129,2244.350552309808,14921,0.9999329848545772,120.0,157.8545097717273,0,0,0,0.0,,,,,0.0,no_event,no_persistent_plasticity,157.8545097717273,157.8545097717273,0.0,0.0,115.0,120.0
step_0,E4_phys001942_700k_80k,0,0.0,C:\Users\dille\Documents\ilua-system\projects\physics_md_al_fe\runs\stageE_700k_dxa_confirm\20260625-102200\cases\E4_700k_dxa_confirm\E4_phys001942_700k_80k\production\dump.chunk0000000_0010000.lammpstrj,,287.98125,2277.8769,-2382106.5,26437.396,-2355669.1,2304.2488,1656.1685,2873.2132,0.001942,surface-distance,analytic ellipsoid Fe4Al13/Al interface from Stage E geometry metadata; r is radial signed distance from ellipsoid surface into Al matrix,120-125,122.5,11021,259.20520249470985,261.79891497053933,255.2136221772339,258.73924654749436,8.010274102270351,263.0599300359657,2071.6388058080547,2867.707136517644,1529.8498168545862,2181.863743212092,11021,1.0,120.0,157.8545097717273,0,0,0,0.0,,,,,0.0,no_event,no_persistent_plasticity,157.8545097717273,157.8545097717273,0.0,0.0,120.0,125.0
step_0,E4_phys001942_700k_80k,0,0.0,C:\Users\dille\Documents\ilua-system\projects\physics_md_al_fe\runs\stageE_700k_dxa_confirm\20260625-102200\cases\E4_700k_dxa_confirm\E4_phys001942_700k_80k\production\dump.chunk0000000_0010000.lammpstrj,,287.98125,2277.8769,-2382106.5,26437.396,-2355669.1,2304.2488,1656.1685,2873.2132,0.001942,surface-distance,analytic ellipsoid Fe4Al13/Al interface from Stage E geometry metadata; r is radial signed distance from ellipsoid surface into Al matrix,125-130,127.5,7476,262.1998812630016,267.4615149985304,257.31581179005894,262.32573601719696,17.920040918277714,273.0457095042084,2130.4869871277515,2990.3105696054367,1533.3097630660359,2243.371959175255,7475,0.9998662386302836,120.0,157.8545097717273,0,0,0,0.0,,,,,0.0,no_event,no_persistent_plasticity,157.8545097717273,157.8545097717273,0.0,0.0,125.0,130.0
step_0,E4_phys001942_700k_80k,0,0.0,C:\Users\dille\Documents\ilua-system\projects\physics_md_al_fe\runs\stageE_700k_dxa_confirm\20260625-102200\cases\E4_700k_dxa_confirm\E4_phys001942_700k_80k\production\dump.chunk0000000_0010000.lammpstrj,,287.98125,2277.8769,-2382106.5,26437.396,-2355669.1,2304.2488,1656.1685,2873.2132,0.001942,surface-distance,analytic ellipsoid Fe4Al13/Al interface from Stage E geometry metadata; r is radial signed distance from ellipsoid surface into Al matrix,130-135,132.5,4636,264.9483767345946,266.1838721916517,270.80842271006003,267.3135572121021,21.560471838272907,277.665101399454,2146.2434764484965,2999.7136262196605,1556.9472129879962,2365.956048257582,4636,1.0,120.0,157.8545097717273,0,0,0,0.0,,,,,0.0,no_event,no_persistent_plasticity,157.8545097717273,157.8545097717273,0.0,0.0,130.0,135.0
step_0,E4_phys001942_700k_80k,0,0.0,C:\Users\dille\Documents\ilua-system\projects\physics_md_al_fe\runs\stageE_700k_dxa_confirm\20260625-102200\cases\E4_700k_dxa_confirm\E4_phys001942_700k_80k\production\dump.chunk0000000_0010000.lammpstrj,,287.98125,2277.8769,-2382106.5,26437.396,-2355669.1,2304.2488,1656.1685,2873.2132,0.001942,surface-distance,analytic ellipsoid Fe4Al13/Al interface from Stage E geometry metadata; r is radial signed distance from ellipsoid surface into Al matrix,135-140,137.5,2882,257.6279173586262,268.6746131641613,272.478008028967,266.2601795172515,30.754559863070668,286.58398430444953,2083.3537799680616,2896.9025009973507,1491.1402395057744,2161.73154975371,2882,1.0,120.0,157.8545097717273,0,0,0,0.0,,,,,0.0,no_event,no_persistent_plasticity,157.8545097717273,157.8545097717273,0.0,0.0,135.0,140.0
step_0,E4_phys001942_700k_80k,0,0.0,C:\Users\dille\Documents\ilua-system\projects\physics_md_al_fe\runs\stageE_700k_dxa_confirm\20260625-102200\cases\E4_700k_dxa_confirm\E4_phys001942_700k_80k\production\dump.chunk0000000_0010000.lammpstrj,,287.98125,2277.8769,-2382106.5,26437.396,-2355669.1,2304.2488,1656.1685,2873.2132,0.001942,surface-distance,analytic ellipsoid Fe4Al13/Al interface from Stage E geometry metadata; r is radial signed distance from ellipsoid surface into Al matrix,140-145,142.5,1588,262.5036784656617,279.04146961212325,276.4850551430847,272.67673440695654,21.040717138377982,281.60609058445823,2009.8188051526406,2600.708477839985,1491.2545681631968,2048.122260278988,1588,1.0,120.0,157.8545097717273,0,0,0,0.0,,,,,0.0,no_event,no_persistent_plasticity,157.8545097717273,157.8545097717273,0.0,0.0,140.0,145.0
step_0,E4_phys001942_700k_80k,0,0.0,C:\Users\dille\Documents\ilua-system\projects\physics_md_al_fe\runs\stageE_700k_dxa_confirm\20260625-102200\cases\E4_700k_dxa_confirm\E4_phys001942_700k_80k\production\dump.chunk0000000_0010000.lammpstrj,,287.98125,2277.8769,-2382106.5,26437.396,-2355669.1,2304.2488,1656.1685,2873.2132,0.001942,surface-distance,analytic ellipsoid Fe4Al13/Al interface from Stage E geometry metadata; r is radial signed distance from ellipsoid surface into Al matrix,145-150,147.5,680,258.3908513459384,252.57110677329877,276.61055681179005,262.52417164367574,43.785113353455856,288.7430925929288,1989.308159229346,3084.307958608972,1423.4558691227319,2363.351521095565,680,1.0,120.0,157.8545097717273,0,0,0,0.0,,,,,0.0,no_event,no_persistent_plasticity,157.8545097717273,157.8545097717273,0.0,0.0,145.0,150.0
step_0,E4_phys001942_700k_80k,0,0.0,C:\Users\dille\Documents\ilua-system\projects\physics_md_al_fe\runs\stageE_700k_dxa_confirm\20260625-102200\cases\E4_700k_dxa_confirm\E4_phys001942_700k_80k\production\dump.chunk0000000_0010000.lammpstrj,,287.98125,2277.8769,-2382106.5,26437.396,-2355669.1,2304.2488,1656.1685,2873.2132,0.001942,surface-distance,analytic ellipsoid Fe4Al13/Al interface from Stage E geometry metadata; r is radial signed distance from ellipsoid surface into Al matrix,150-155,152.5,212,257.4888370371859,261.1001325386207,269.40960838866147,262.6661926548227,39.44581638394616,286.16514158500974,2207.808071640966,2888.400495454646,1587.894777092529,2293.8933115061345,212,1.0,120.0,157.8545097717273,0,0,0,0.0,,,,,0.0,no_event,no_persistent_plasticity,157.8545097717273,157.8545097717273,0.0,0.0,150.0,155.0
step_0,E4_phys001942_700k_80k,0,0.0,C:\Users\dille\Documents\ilua-system\projects\physics_md_al_fe\runs\stageE_700k_dxa_confirm\20260625-102200\cases\E4_700k_dxa_confirm\E4_phys001942_700k_80k\production\dump.chunk0000000_0010000.lammpstrj,,287.98125,2277.8769,-2382106.5,26437.396,-2355669.1,2304.2488,1656.1685,2873.2132,0.001942,surface-distance,analytic ellipsoid Fe4Al13/Al interface from Stage E geometry metadata; r is radial signed distance from ellipsoid surface into Al matrix,155-157.855,156.42725488586365,18,440.3888128441707,224.1191424185106,236.34010701996678,300.2826874275493,262.63449948411443,473.42021655852767,2506.2139116341405,2997.2227498985267,1610.5881129960962,1675.4752823428696,18,1.0,120.0,157.8545097717273,0,0,0,0.0,,,,,0.0,no_event,no_persistent_plasticity,157.8545097717273,157.8545097717273,0.0,0.0,155.0,157.8545097717273
step_10000,E4_phys001942_700k_80k,10000,2.0,C:\Users\dille\Documents\ilua-system\projects\physics_md_al_fe\runs\stageE_700k_dxa_confirm\20260625-102200\cases\E4_700k_dxa_confirm\E4_phys001942_700k_80k\production\dump.chunk0000000_0010000.lammpstrj,C:\Users\dille\Documents\ilua-system\projects\physics_md_al_fe\runs\stageE_700k_dxa_confirm\20260625-102200\cases\E4_700k_dxa_confirm\E4_phys001942_700k_80k\production\restart.10000,290.82185,8924.2638,-2357207.7,26698.172,-2330509.5,8981.2827,8280.1551,9511.3536,0.001942,surface-distance,analytic ellipsoid Fe4Al13/Al interface from Stage E geometry metadata; r is radial signed distance from ellipsoid surface into Al matrix,0-2,1.0,336,-3088.9795950737716,-1491.146094802119,-2833.90190602719,-2471.3425319676935,1523.8454515167637,-1470.1008271628702,22750.77462619788,32099.319359988393,14586.636800406688,20672.989068532366,336,1.0,120.0,157.63581189186596,0,336,0,0.0,,,,,4.091126250801846,weak_hcp,local_lattice_disturbance_no_DXA,157.63581189186596,157.63581189186596,0.3141177868252527,0.39711333467879245,0.0,2.0
step_10000,E4_phys001942_700k_80k,10000,2.0,C:\Users\dille\Documents\ilua-system\projects\physics_md_al_fe\runs\stageE_700k_dxa_confirm\20260625-102200\cases\E4_700k_dxa_confirm\E4_phys001942_700k_80k\production\dump.chunk0000000_0010000.lammpstrj,C:\Users\dille\Documents\ilua-system\projects\physics_md_al_fe\runs\stageE_700k_dxa_confirm\20260625-102200\cases\E4_700k_dxa_confirm\E4_phys001942_700k_80k\production\restart.10000,290.82185,8924.2638,-2357207.7,26698.172,-2330509.5,8981.2827,8280.1551,9511.3536,0.001942,surface-distance,analytic ellipsoid Fe4Al13/Al interface from Stage E geometry metadata; r is radial signed distance from ellipsoid surface into Al matrix,2-4,3.0,3431,-245.672629411225,-250.31085983891077,-689.3907789020946,-395.12475605074343,464.5406105333847,-194.41646865754666,19842.42829887361,26841.703194644764,14001.680242005732,19165.484486905978,3431,1.0,120.0,157.63581189186596,3,3402,0,0.0,,,,,4.091126250801846,weak_hcp,local_lattice_disturbance_no_DXA,157.63581189186596,157.63581189186596,0.3141177868252527,0.39711333467879245,2.0,4.0
step_10000,E4_phys001942_700k_80k,10000,2.0,C:\Users\dille\Documents\ilua-system\projects\physics_md_al_fe\runs\stageE_700k_dxa_confirm\20260625-102200\cases\E4_700k_dxa_confirm\E4_phys001942_700k_80k\production\dump.chunk0000000_0010000.lammpstrj,C:\Users\dille\Documents\ilua-system\projects\physics_md_al_fe\runs\stageE_700k_dxa_confirm\20260625-102200\cases\E4_700k_dxa_confirm\E4_phys001942_700k_80k\production\restart.10000,290.82185,8924.2638,-2357207.7,26698.172,-2330509.5,8981.2827,8280.1551,9511.3536,0.001942,surface-distance,analytic ellipsoid Fe4Al13/Al interface from Stage E geometry metadata; r is radial signed distance from ellipsoid surface into Al matrix,4-6,5.0,3671,163.394223472402,93.44078402734586,185.54427153664653,147.45975967879812,112.54072521430128,187.12571844980795,13867.711033633024,17791.92744392525,10188.1576142347,13733.146294912933,3671,1.0,120.0,157.63581189186596,1,2743,0,0.0,,,,,4.091126250801846,weak_hcp,local_lattice_disturbance_no_DXA,157.63581189186596,157.63581189186596,0.3141177868252527,0.39711333467879245,4.0,6.0
step_10000,E4_phys001942_700k_80k,10000,2.0,C:\Users\dille\Documents\ilua-system\projects\physics_md_al_fe\runs\stageE_700k_dxa_confirm\20260625-102200\cases\E4_700k_dxa_confirm\E4_phys001942_700k_80k\production\dump.chunk0000000_0010000.lammpstrj,C:\Users\dille\Documents\ilua-system\projects\physics_md_al_fe\runs\stageE_700k_dxa_confirm\20260625-102200\cases\E4_700k_dxa_confirm\E4_phys001942_700k_80k\production\restart.10000,290.82185,8924.2638,-2357207.7,26698.172,-2330509.5,8981.2827,8280.1551,9511.3536,0.001942,surface-distance,analytic ellipsoid Fe4Al13/Al interface from Stage E geometry metadata; r is radial signed distance from ellipsoid surface into Al matrix,6-8,7.0,3975,871.6335030566825,849.7701259910109,705.0534747742195,808.8190346073043,166.9105801136547,886.7720610162854,10217.881817637339,12663.496572111599,7626.154695473724,9699.350854995702,3975,1.0,120.0,157.63581189186596,0,946,0,0.0,,,,,4.091126250801846,weak_hcp,local_lattice_disturbance_no_DXA,157.63581189186596,157.63581189186596,0.3141177868252527,0.39711333467879245,6.0,8.0
step_10000,E4_phys001942_700k_80k,10000,2.0,C:\Users\dille\Documents\ilua-system\projects\physics_md_al_fe\runs\stageE_700k_dxa_confirm\20260625-102200\cases\E4_700k_dxa_confirm\E4_phys001942_700k_80k\production\dump.chunk0000000_0010000.lammpstrj,C:\Users\dille\Documents\ilua-system\projects\physics_md_al_fe\runs\stageE_700k_dxa_confirm\20260625-102200\cases\E4_700k_dxa_confirm\E4_phys001942_700k_80k\production\restart.10000,290.82185,8924.2638,-2357207.7,26698.172,-2330509.5,8981.2827,8280.1551,9511.3536,0.001942,surface-distance,analytic ellipsoid Fe4Al13/Al interface from Stage E geometry metadata; r is radial signed distance from ellipsoid surface into Al matrix,8-10,9.0,4433,889.3905265632034,875.1068958919734,957.8005648767714,907.4326624439827,89.58279427408891,963.2472372819648,8939.47197511003,10583.818187804634,6676.637143692269,8474.259117743384,4433,1.0,120.0,157.63581189186596,0,60,0,0.0,,,,,4.091126250801846,weak_hcp,local_lattice_disturbance_no_DXA,157.63581189186596,157.63581189186596,0.3141177868252527,0.39711333467879245,8.0,10.0
step_10000,E4_phys001942_700k_80k,10000,2.0,C:\Users\dille\Documents\ilua-system\projects\physics_md_al_fe\runs\stageE_700k_dxa_confirm\20260625-102200\cases\E4_700k_dxa_confirm\E4_phys001942_700k_80k\production\dump.chunk0000000_0010000.lammpstrj,C:\Users\dille\Documents\ilua-system\projects\physics_md_al_fe\runs\stageE_700k_dxa_confirm\20260625-102200\cases\E4_700k_dxa_confirm\E4_phys001942_700k_80k\production\restart.10000,290.82185,8924.2638,-2357207.7,26698.172,-2330509.5,8981.2827,8280.1551,9511.3536,0.001942,surface-distance,analytic ellipsoid Fe4Al13/Al interface from Stage E geometry metadata; r is radial signed distance from ellipsoid surface into Al matrix,10-12,11.0,4794,790.7703069181285,879.835017035218,929.7631937302173,866.7895058945213,136.90685938757886,941.0072171298721,8149.499146263193,9823.519240723024,6197.422558810975,7927.235002685637,4794,1.0,120.0,157.63581189186596,0,1,0,0.0,,,,,4.091126250801846,weak_hcp,local_lattice_disturbance_no_DXA,157.63581189186596,157.63581189186596,0.3141177868252527,0.39711333467879245,10.0,12.0
step_10000,E4_phys001942_700k_80k,10000,2.0,C:\Users\dille\Documents\ilua-system\projects\physics_md_al_fe\runs\stageE_700k_dxa_confirm\20260625-102200\cases\E4_700k_dxa_confirm\E4_phys001942_700k_80k\production\dump.chunk0000000_0010000.lammpstrj,C:\Users\dille\Documents\ilua-system\projects\physics_md_al_fe\runs\stageE_700k_dxa_confirm\20260625-102200\cases\E4_700k_dxa_confirm\E4_phys001942_700k_80k\production\restart.10000,290.82185,8924.2638,-2357207.7,26698.172,-2330509.5,8981.2827,8280.1551,9511.3536,0.001942,surface-distance,analytic ellipsoid Fe4Al13/Al interface from Stage E geometry metadata; r is radial signed distance from ellipsoid surface into Al matrix,12-14,13.0,5057,777.5912162299364,822.7506821463245,843.5236808375687,814.6218597379433,69.63322699165278,851.0975384326063,8055.857498856191,9427.188872743543,6074.871264001426,7477.970313940425,5057,1.0,120.0,157.63581189186596,0,0,0,0.0,,,,,4.091126250801846,weak_hcp,local_lattice_disturbance_no_DXA,157.63581189186596,157.63581189186596,0.3141177868252527,0.39711333467879245,12.0,14.0
step_10000,E4_phys001942_700k_80k,10000,2.0,C:\Users\dille\Documents\ilua-system\projects\physics_md_al_fe\runs\stageE_700k_dxa_confirm\20260625-102200\cases\E4_700k_dxa_confirm\E4_phys001942_700k_80k\production\dump.chunk0000000_0010000.lammpstrj,C:\Users\dille\Documents\ilua-system\projects\physics_md_al_fe\runs\stageE_700k_dxa_confirm\20260625-102200\cases\E4_700k_dxa_confirm\E4_phys001942_700k_80k\production\restart.10000,290.82185,8924.2638,-2357207.7,26698.172,-2330509.5,8981.2827,8280.1551,9511.3536,0.001942,surface-distance,analytic ellipsoid Fe4Al13/Al interface from Stage E geometry metadata; r is radial signed distance from ellipsoid surface into Al matrix,14-16,15.0,5418,842.1158219313107,754.175849293827,883.5176240520079,826.6030984257153,124.95711622196757,895.8631367390078,7847.863772313329,9449.76857274855,6028.559131798952,7712.912094563606,5418,1.0,120.0,157.63581189186596,0,0,0,0.0,,,,,4.091126250801846,weak_hcp,local_lattice_disturbance_no_DXA,157.63581189186596,157.63581189186596,0.3141177868252527,0.39711333467879245,14.0,16.0
step_10000,E4_phys001942_700k_80k,10000,2.0,C:\Users\dille\Documents\ilua-system\projects\physics_md_al_fe\runs\stageE_700k_dxa_confirm\20260625-102200\cases\E4_700k_dxa_confirm\E4_phys001942_700k_80k\production\dump.chunk0000000_0010000.lammpstrj,C:\Users\dille\Documents\ilua-system\projects\physics_md_al_fe\runs\stageE_700k_dxa_confirm\20260625-102200\cases\E4_700k_dxa_confirm\E4_phys001942_700k_80k\production\restart.10000,290.82185,8924.2638,-2357207.7,26698.172,-2330509.5,8981.2827,8280.1551,9511.3536,0.001942,surface-distance,analytic ellipsoid Fe4Al13/Al interface from Stage E geometry metadata; r is radial signed distance from ellipsoid surface into Al matrix,16-18,17.0,5895,851.9024105904864,824.7453736753286,886.7830934369273,854.4769592342474,102.14611349017028,908.7604750745411,7905.904613848821,9101.739244510754,6026.991625732723,7580.762608098609,5895,1.0,120.0,157.63581189186596,0,0,0,0.0,,,,,4.091126250801846,weak_hcp,local_lattice_disturbance_no_DXA,157.63581189186596,157.63581189186596,0.3141177868252527,0.39711333467879245,16.0,18.0
step_10000,E4_phys001942_700k_80k,10000,2.0,C:\Users\dille\Documents\ilua-system\projects\physics_md_al_fe\runs\stageE_700k_dxa_confirm\20260625-102200\cases\E4_700k_dxa_confirm\E4_phys001942_700k_80k\production\dump.chunk0000000_0010000.lammpstrj,C:\Users\dille\Documents\ilua-system\projects\physics_md_al_fe\runs\stageE_700k_dxa_confirm\20260625-102200\cases\E4_700k_dxa_confirm\E4_phys001942_700k_80k\production\restart.10000,290.82185,8924.2638,-2357207.7,26698.172,-2330509.5,8981.2827,8280.1551,9511.3536,0.001942,surface-distance,analytic ellipsoid Fe4Al13/Al interface from Stage E geometry metadata; r is radial signed distance from ellipsoid surface into Al matrix,18-20,19.0,6178,808.4113472405747,787.5678477379688,896.2864797689216,830.7552249158217,110.57265933415121,896.5005249758902,7742.77710099176,9173.979492554268,6145.25559588895,7723.966472276726,6178,1.0,120.0,157.63581189186596,0,0,0,0.0,,,,,4.091126250801846,weak_hcp,local_lattice_disturbance_no_DXA,157.63581189186596,157.63581189186596,0.3141177868252527,0.39711333467879245,18.0,20.0
step_10000,E4_phys001942_700k_80k,10000,2.0,C:\Users\dille\Documents\ilua-system\projects\physics_md_al_fe\runs\stageE_700k_dxa_confirm\20260625-102200\cases\E4_700k_dxa_confirm\E4_phys001942_700k_80k\production\dump.chunk0000000_0010000.lammpstrj,C:\Users\dille\Documents\ilua-system\projects\physics_md_al_fe\runs\stageE_700k_dxa_confirm\20260625-102200\cases\E4_700k_dxa_confirm\E4_phys001942_700k_80k\production\restart.10000,290.82185,8924.2638,-2357207.7,26698.172,-2330509.5,8981.2827,8280.1551,9511.3536,0.001942,surface-distance,analytic ellipsoid Fe4Al13/Al interface from Stage E geometry metadata; r is radial signed distance from ellipsoid surface into Al matrix,20-22,21.0,6520,803.5490342607562,840.8563876548742,909.1816379969991,851.1956866375432,99.88411916152702,913.822600715732,7803.931093774769,9330.833859009133,6058.820122229181,7727.149021061496,6520,1.0,120.0,157.63581189186596,0,0,0,0.0,,,,,4.091126250801846,weak_hcp,local_lattice_disturbance_no_DXA,157.63581189186596,157.63581189186596,0.3141177868252527,0.39711333467879245,20.0,22.0
step_10000,E4_phys001942_700k_80k,10000,2.0,C:\Users\dille\Documents\ilua-system\projects\physics_md_al_fe\runs\stageE_700k_dxa_confirm\20260625-102200\cases\E4_700k_dxa_confirm\E4_phys001942_700k_80k\production\dump.chunk0000000_0010000.lammpstrj,C:\Users\dille\Documents\ilua-system\projects\physics_md_al_fe\runs\stageE_700k_dxa_confirm\20260625-102200\cases\E4_700k_dxa_confirm\E4_phys001942_700k_80k\production\restart.10000,290.82185,8924.2638,-2357207.7,26698.172,-2330509.5,8981.2827,8280.1551,9511.3536,0.001942,surface-distance,analytic ellipsoid Fe4Al13/Al interface from Stage E geometry metadata; r is radial signed distance from ellipsoid surface into Al matrix,22-24,23.0,6853,876.9307286265812,859.8623795582213,946.1110380238548,894.3013820695523,112.26141939623844,959.6483440274385,7773.895102340747,9361.010986502317,6028.285344750913,7664.316397861568,6853,1.0,120.0,157.63581189186596,0,0,0,0.0,,,,,4.091126250801846,weak_hcp,local_lattice_disturbance_no_DXA,157.63581189186596,157.63581189186596,0.3141177868252527,0.39711333467879245,22.0,24.0
step_10000,E4_phys001942_700k_80k,10000,2.0,C:\Users\dille\Documents\ilua-system\projects\physics_md_al_fe\runs\stageE_700k_dxa_confirm\20260625-102200\cases\E4_700k_dxa_confirm\E4_phys001942_700k_80k\production\dump.chunk0000000_0010000.lammpstrj,C:\Users\dille\Documents\ilua-system\projects\physics_md_al_fe\runs\stageE_700k_dxa_confirm\20260625-102200\cases\E4_700k_dxa_confirm\E4_phys001942_700k_80k\production\restart.10000,290.82185,8924.2638,-2357207.7,26698.172,-2330509.5,8981.2827,8280.1551,9511.3536,0.001942,surface-distance,analytic ellipsoid Fe4Al13/Al interface from Stage E geometry metadata; r is radial signed distance from ellipsoid surface into Al matrix,24-26,25.0,7541,834.8908621562973,911.7083630021722,971.3408499127104,905.9800250237266,141.02231380791457,977.4730154466653,7714.037667012504,9171.346188664,5958.6772442743095,7566.090029242963,7541,1.0,120.0,157.63581189186596,0,0,0,0.0,,,,,4.091126250801846,weak_hcp,local_lattice_disturbance_no_DXA,157.63581189186596,157.63581189186596,0.3141177868252527,0.39711333467879245,24.0,26.0
step_10000,E4_phys001942_700k_80k,10000,2.0,C:\Users\dille\Documents\ilua-system\projects\physics_md_al_fe\runs\stageE_700k_dxa_confirm\20260625-102200\cases\E4_700k_dxa_confirm\E4_phys001942_700k_80k\production\dump.chunk0000000_0010000.lammpstrj,C:\Users\dille\Documents\ilua-system\projects\physics_md_al_fe\runs\stageE_700k_dxa_confirm\20260625-102200\cases\E4_700k_dxa_confirm\E4_phys001942_700k_80k\production\restart.10000,290.82185,8924.2638,-2357207.7,26698.172,-2330509.5,8981.2827,8280.1551,9511.3536,0.001942,surface-distance,analytic ellipsoid Fe4Al13/Al interface from Stage E geometry metadata; r is radial signed distance from ellipsoid surface into Al matrix,26-28,27.0,7862,915.9755295516788,852.7212095904721,1012.2823208405385,926.9930199942297,142.68826878845957,1012.7697120787583,7650.66821262117,9009.51437760763,5985.897393282003,7584.310406857344,7862,1.0,120.0,157.63581189186596,0,0,0,0.0,,,,,4.091126250801846,weak_hcp,local_lattice_disturbance_no_DXA,157.63581189186596,157.63581189186596,0.3141177868252527,0.39711333467879245,26.0,28.0
step_10000,E4_phys001942_700k_80k,10000,2.0,C:\Users\dille\Documents\ilua-system\projects\physics_md_al_fe\runs\stageE_700k_dxa_confirm\20260625-102200\cases\E4_700k_dxa_confirm\E4_phys001942_700k_80k\production\dump.chunk0000000_0010000.lammpstrj,C:\Users\dille\Documents\ilua-system\projects\physics_md_al_fe\runs\stageE_700k_dxa_confirm\20260625-102200\cases\E4_700k_dxa_confirm\E4_phys001942_700k_80k\production\restart.10000,290.82185,8924.2638,-2357207.7,26698.172,-2330509.5,8981.2827,8280.1551,9511.3536,0.001942,surface-distance,analytic ellipsoid Fe4Al13/Al interface from Stage E geometry metadata; r is radial signed distance from ellipsoid surface into Al matrix,28-30,29.0,8269,910.6480885805161,878.9921734316937,1003.7153682975916,931.1185434366004,143.099975964259,1009.1472872376228,7700.857814629897,9164.692035728265,5929.0336285941585,7577.953733504685,8269,1.0,120.0,157.63581189186596,0,0,0,0.0,,,,,4.091126250801846,weak_hcp,local_lattice_disturbance_no_DXA,157.63581189186596,157.63581189186596,0.3141177868252527,0.39711333467879245,28.0,30.0
step_10000,E4_phys001942_700k_80k,10000,2.0,C:\Users\dille\Documents\ilua-system\projects\physics_md_al_fe\runs\stageE_700k_dxa_confirm\20260625-102200\cases\E4_700k_dxa_confirm\E4_phys001942_700k_80k\production\dump.chunk0000000_0010000.lammpstrj,C:\Users\dille\Documents\ilua-system\projects\physics_md_al_fe\runs\stageE_700k_dxa_confirm\20260625-102200\cases\E4_700k_dxa_confirm\E4_phys001942_700k_80k\production\restart.10000,290.82185,8924.2638,-2357207.7,26698.172,-2330509.5,8981.2827,8280.1551,9511.3536,0.001942,surface-distance,analytic ellipsoid Fe4Al13/Al interface from Stage E geometry metadata; r is radial signed distance from ellipsoid surface into Al matrix,30-32,31.0,8647,949.6543939050871,935.6171577560985,1004.2738990677801,963.1818169096554,74.6293502531094,1009.1073380197948,7595.877964520948,9057.934458155722,5931.378569530858,7524.3540519862245,8647,1.0,120.0,157.63581189186596,0,0,0,0.0,,,,,4.091126250801846,weak_hcp,local_lattice_disturbance_no_DXA,157.63581189186596,157.63581189186596,0.3141177868252527,0.39711333467879245,30.0,32.0
step_10000,E4_phys001942_700k_80k,10000,2.0,C:\Users\dille\Documents\ilua-system\projects\physics_md_al_fe\runs\stageE_700k_dxa_confirm\20260625-102200\cases\E4_700k_dxa_confirm\E4_phys001942_700k_80k\production\dump.chunk0000000_0010000.lammpstrj,C:\Users\dille\Documents\ilua-system\projects\physics_md_al_fe\runs\stageE_700k_dxa_confirm\20260625-102200\cases\E4_700k_dxa_confirm\E4_phys001942_700k_80k\production\restart.10000,290.82185,8924.2638,-2357207.7,26698.172,-2330509.5,8981.2827,8280.1551,9511.3536,0.001942,surface-distance,analytic ellipsoid Fe4Al13/Al interface from Stage E geometry metadata; r is radial signed distance from ellipsoid surface into Al matrix,32-34,33.0,9205,948.4745908828511,906.4871637805384,977.7484798338255,944.236744832405,101.10323048654887,1001.4310154634078,7674.170013543225,9100.322617285166,6022.881811363292,7645.980488130219,9205,1.0,120.0,157.63581189186596,0,0,0,0.0,,,,,4.091126250801846,weak_hcp,local_lattice_disturbance_no_DXA,157.63581189186596,157.63581189186596,0.3141177868252527,0.39711333467879245,32.0,34.0
step_10000,E4_phys001942_700k_80k,10000,2.0,C:\Users\dille\Documents\ilua-system\projects\physics_md_al_fe\runs\stageE_700k_dxa_confirm\20260625-102200\cases\E4_700k_dxa_confirm\E4_phys001942_700k_80k\production\dump.chunk0000000_0010000.lammpstrj,C:\Users\dille\Documents\ilua-system\projects\physics_md_al_fe\runs\stageE_700k_dxa_confirm\20260625-102200\cases\E4_700k_dxa_confirm\E4_phys001942_700k_80k\production\restart.10000,290.82185,8924.2638,-2357207.7,26698.172,-2330509.5,8981.2827,8280.1551,9511.3536,0.001942,surface-distance,analytic ellipsoid Fe4Al13/Al interface from Stage E geometry metadata; r is radial signed distance from ellipsoid surface into Al matrix,34-36,35.0,9787,943.9248771964018,933.7527312584984,950.9404341107049,942.8726808552016,41.473488392668145,967.6819072145897,7625.695591785354,9078.866635493841,6009.129277335004,7620.276999022685,9787,1.0,120.0,157.63581189186596,0,0,0,0.0,,,,,4.091126250801846,weak_hcp,local_lattice_disturbance_no_DXA,157.63581189186596,157.63581189186596,0.3141177868252527,0.39711333467879245,34.0,36.0
step_10000,E4_phys001942_700k_80k,10000,2.0,C:\Users\dille\Documents\ilua-system\projects\physics_md_al_fe\runs\stageE_700k_dxa_confirm\20260625-102200\cases\E4_700k_dxa_confirm\E4_phys001942_700k_80k\production\dump.chunk0000000_0010000.lammpstrj,C:\Users\dille\Documents\ilua-system\projects\physics_md_al_fe\runs\stageE_700k_dxa_confirm\20260625-102200\cases\E4_700k_dxa_confirm\E4_phys001942_700k_80k\production\restart.10000,290.82185,8924.2638,-2357207.7,26698.172,-2330509.5,8981.2827,8280.1551,9511.3536,0.001942,surface-distance,analytic ellipsoid Fe4Al13/Al interface from Stage E geometry metadata; r is radial signed distance from ellipsoid surface into Al matrix,36-38,37.0,10064,944.986372184986,924.2126436425378,983.377571054782,950.858862294102,87.00408262755084,1008.8315981807215,7645.49679238001,9032.341623278815,5956.7171095293015,7498.701108179888,10064,1.0,120.0,157.63581189186596,0,0,0,0.0,,,,,4.091126250801846,weak_hcp,local_lattice_disturbance_no_DXA,157.63581189186596,157.63581189186596,0.3141177868252527,0.39711333467879245,36.0,38.0
step_10000,E4_phys001942_700k_80k,10000,2.0,C:\Users\dille\Documents\ilua-system\projects\physics_md_al_fe\runs\stageE_700k_dxa_confirm\20260625-102200\cases\E4_700k_dxa_confirm\E4_phys001942_700k_80k\production\dump.chunk0000000_0010000.lammpstrj,C:\Users\dille\Documents\ilua-system\projects\physics_md_al_fe\runs\stageE_700k_dxa_confirm\20260625-102200\cases\E4_700k_dxa_confirm\E4_phys001942_700k_80k\production\restart.10000,290.82185,8924.2638,-2357207.7,26698.172,-2330509.5,8981.2827,8280.1551,9511.3536,0.001942,surface-distance,analytic ellipsoid Fe4Al13/Al interface from Stage E geometry metadata; r is radial signed distance from ellipsoid surface into Al matrix,38-40,39.0,10629,920.0838888713806,902.911470386909,995.5057376018766,939.5003656200555,94.27928959122941,998.1397147818486,7548.427997984524,9020.560184702339,5886.3457148319585,7472.140755871464,10629,1.0,120.0,157.63581189186596,0,0,0,0.0,,,,,4.091126250801846,weak_hcp,local_lattice_disturbance_no_DXA,157.63581189186596,157.63581189186596,0.3141177868252527,0.39711333467879245,38.0,40.0
step_10000,E4_phys001942_700k_80k,10000,2.0,C:\Users\dille\Documents\ilua-system\projects\physics_md_al_fe\runs\stageE_700k_dxa_confirm\20260625-102200\cases\E4_700k_dxa_confirm\E4_phys001942_700k_80k\production\dump.chunk0000000_0010000.lammpstrj,C:\Users\dille\Documents\ilua-system\projects\physics_md_al_fe\runs\stageE_700k_dxa_confirm\20260625-102200\cases\E4_700k_dxa_confirm\E4_phys001942_700k_80k\production\restart.10000,290.82185,8924.2638,-2357207.7,26698.172,-2330509.5,8981.2827,8280.1551,9511.3536,0.001942,surface-distance,analytic ellipsoid Fe4Al13/Al interface from Stage E geometry metadata; r is radial signed distance from ellipsoid surface into Al matrix,40-42,41.0,11089,915.6697127788475,941.3276578942207,969.6621867204278,942.2198524644987,65.84858111599453,976.5496899795039,7681.718683202312,9103.747372084157,5946.385108412138,7537.796695179944,11089,1.0,120.0,157.63581189186596,0,0,0,0.0,,,,,4.091126250801846,weak_hcp,local_lattice_disturbance_no_DXA,157.63581189186596,157.63581189186596,0.3141177868252527,0.39711333467879245,40.0,42.0
step_10000,E4_phys001942_700k_80k,10000,2.0,C:\Users\dille\Documents\ilua-system\projects\physics_md_al_fe\runs\stageE_700k_dxa_confirm\20260625-102200\cases\E4_700k_dxa_confirm\E4_phys001942_700k_80k\production\dump.chunk0000000_0010000.lammpstrj,C:\Users\dille\Documents\ilua-system\projects\physics_md_al_fe\runs\stageE_700k_dxa_confirm\20260625-102200\cases\E4_700k_dxa_confirm\E4_phys001942_700k_80k\production\restart.10000,290.82185,8924.2638,-2357207.7,26698.172,-2330509.5,8981.2827,8280.1551,9511.3536,0.001942,surface-distance,analytic ellipsoid Fe4Al13/Al interface from Stage E geometry metadata; r is radial signed distance from ellipsoid surface into Al matrix,42-44,43.0,11768,900.9670166522918,894.7828371518847,974.2719623060747,923.3406053700837,82.23185751769299,977.3917426170095,7569.5901919247535,8998.199068959482,5929.2427296912865,7540.846863413994,11768,1.0,120.0,157.63581189186596,0,0,0,0.0,,,,,4.091126250801846,weak_hcp,local_lattice_disturbance_no_DXA,157.63581189186596,157.63581189186596,0.3141177868252527,0.39711333467879245,42.0,44.0
step_10000,E4_phys001942_700k_80k,10000,2.0,C:\Users\dille\Documents\ilua-system\projects\physics_md_al_fe\runs\stageE_700k_dxa_confirm\20260625-102200\cases\E4_700k_dxa_confirm\E4_phys001942_700k_80k\production\dump.chunk0000000_0010000.lammpstrj,C:\Users\dille\Documents\ilua-system\projects\physics_md_al_fe\runs\stageE_700k_dxa_confirm\20260625-102200\cases\E4_700k_dxa_confirm\E4_phys001942_700k_80k\production\restart.10000,290.82185,8924.2638,-2357207.7,26698.172,-2330509.5,8981.2827,8280.1551,9511.3536,0.001942,surface-distance,analytic ellipsoid Fe4Al13/Al interface from Stage E geometry metadata; r is radial signed distance from ellipsoid surface into Al matrix,44-46,45.0,12271,955.1268948081505,950.4398827620057,975.2080314014862,960.2582696572141,48.130153279375826,984.6044766706825,7564.982649781914,9016.325541444727,6009.147329228281,7789.397966378795,12271,1.0,120.0,157.63581189186596,0,0,0,0.0,,,,,4.091126250801846,weak_hcp,local_lattice_disturbance_no_DXA,157.63581189186596,157.63581189186596,0.3141177868252527,0.39711333467879245,44.0,46.0
step_10000,E4_phys001942_700k_80k,10000,2.0,C:\Users\dille\Documents\ilua-system\projects\physics_md_al_fe\runs\stageE_700k_dxa_confirm\20260625-102200\cases\E4_700k_dxa_confirm\E4_phys001942_700k_80k\production\dump.chunk0000000_0010000.lammpstrj,C:\Users\dille\Documents\ilua-system\projects\physics_md_al_fe\runs\stageE_700k_dxa_confirm\20260625-102200\cases\E4_700k_dxa_confirm\E4_phys001942_700k_80k\production\restart.10000,290.82185,8924.2638,-2357207.7,26698.172,-2330509.5,8981.2827,8280.1551,9511.3536,0.001942,surface-distance,analytic ellipsoid Fe4Al13/Al interface from Stage E geometry metadata; r is radial signed distance from ellipsoid surface into Al matrix,46-48,47.0,12821,948.827806671189,932.7963647632262,979.4565919481673,953.6935877941942,63.90748374672958,995.9955187990118,7464.403059194476,8985.653624361195,6022.0514242725485,7598.6917485014455,12821,1.0,120.0,157.63581189186596,0,0,0,0.0,,,,,4.091126250801846,weak_hcp,local_lattice_disturbance_no_DXA,157.63581189186596,157.63581189186596,0.3141177868252527,0.39711333467879245,46.0,48.0
step_10000,E4_phys001942_700k_80k,10000,2.0,C:\Users\dille\Documents\ilua-system\projects\physics_md_al_fe\runs\stageE_700k_dxa_confirm\20260625-102200\cases\E4_700k_dxa_confirm\E4_phys001942_700k_80k\production\dump.chunk0000000_0010000.lammpstrj,C:\Users\dille\Documents\ilua-system\projects\physics_md_al_fe\runs\stageE_700k_dxa_confirm\20260625-102200\cases\E4_700k_dxa_confirm\E4_phys001942_700k_80k\production\restart.10000,290.82185,8924.2638,-2357207.7,26698.172,-2330509.5,8981.2827,8280.1551,9511.3536,0.001942,surface-distance,analytic ellipsoid Fe4Al13/Al interface from Stage E geometry metadata; r is radial signed distance from ellipsoid surface into Al matrix,48-50,49.0,13212,960.1065989531213,912.3040639045178,1003.2886098731005,958.56642424358,96.57785581749616,1016.5286341527529,7562.797266481182,9055.890941532152,5845.7894288008965,7431.468035128769,13212,1.0,120.0,157.63581189186596,0,0,0,0.0,,,,,4.091126250801846,weak_hcp,local_lattice_disturbance_no_DXA,157.63581189186596,157.63581189186596,0.3141177868252527,0.39711333467879245,48.0,50.0
step_10000,E4_phys001942_700k_80k,10000,2.0,C:\Users\dille\Documents\ilua-system\projects\physics_md_al_fe\runs\stageE_700k_dxa_confirm\20260625-102200\cases\E4_700k_dxa_confirm\E4_phys001942_700k_80k\production\dump.chunk0000000_0010000.lammpstrj,C:\Users\dille\Documents\ilua-system\projects\physics_md_al_fe\runs\stageE_700k_dxa_confirm\20260625-102200\cases\E4_700k_dxa_confirm\E4_phys001942_700k_80k\production\restart.10000,290.82185,8924.2638,-2357207.7,26698.172,-2330509.5,8981.2827,8280.1551,9511.3536,0.001942,surface-distance,analytic ellipsoid Fe4Al13/Al interface from Stage E geometry metadata; r is radial signed distance from ellipsoid surface into Al matrix,50-55,52.5,35875,1019.4314123648146,959.2819431847577,1026.3129311759567,1001.6754289085096,67.38636737995112,1028.1865765730352,7550.752116807321,9031.583347562679,5962.5451632738195,7629.378763613026,35875,1.0,120.0,157.63581189186596,0,0,0,0.0,,,,,4.091126250801846,weak_hcp,local_lattice_disturbance_no_DXA,157.63581189186596,157.63581189186596,0.3141177868252527,0.39711333467879245,50.0,55.0
step_10000,E4_phys001942_700k_80k,10000,2.0,C:\Users\dille\Documents\ilua-system\projects\physics_md_al_fe\runs\stageE_700k_dxa_confirm\20260625-102200\cases\E4_700k_dxa_confirm\E4_phys001942_700k_80k\production\dump.chunk0000000_0010000.lammpstrj,C:\Users\dille\Documents\ilua-system\projects\physics_md_al_fe\runs\stageE_700k_dxa_confirm\20260625-102200\cases\E4_700k_dxa_confirm\E4_phys001942_700k_80k\production\restart.10000,290.82185,8924.2638,-2357207.7,26698.172,-2330509.5,8981.2827,8280.1551,9511.3536,0.001942,surface-distance,analytic ellipsoid Fe4Al13/Al interface from Stage E geometry metadata; r is radial signed distance from ellipsoid surface into Al matrix,55-60,57.5,39568,969.7613929088892,900.2351118584902,1023.5213957609308,964.5059668427701,110.20997686976203,1026.1476388014278,7515.001250156781,9007.533324376182,5980.783291916593,7544.487328558219,39568,1.0,120.0,157.63581189186596,0,0,0,0.0,,,,,4.091126250801846,weak_hcp,local_lattice_disturbance_no_DXA,157.63581189186596,157.63581189186596,0.3141177868252527,0.39711333467879245,55.0,60.0
step_10000,E4_phys001942_700k_80k,10000,2.0,C:\Users\dille\Documents\ilua-system\projects\physics_md_al_fe\runs\stageE_700k_dxa_confirm\20260625-102200\cases\E4_700k_dxa_confirm\E4_phys001942_700k_80k\production\dump.chunk0000000_0010000.lammpstrj,C:\Users\dille\Documents\ilua-system\projects\physics_md_al_fe\runs\stageE_700k_dxa_confirm\20260625-102200\cases\E4_700k_dxa_confirm\E4_phys001942_700k_80k\production\restart.10000,290.82185,8924.2638,-2357207.7,26698.172,-2330509.5,8981.2827,8280.1551,9511.3536,0.001942,surface-distance,analytic ellipsoid Fe4Al13/Al interface from Stage E geometry metadata; r is radial signed distance from ellipsoid surface into Al matrix,60-65,62.5,43036,982.9991648315589,918.7724645673078,964.303963644035,955.3585310143006,59.916521423152524,986.1698116318918,7505.632478670585,8865.807992952534,5891.615965074216,7415.058864139866,43036,1.0,120.0,157.63581189186596,0,1,0,0.0,,,,,4.091126250801846,weak_hcp,local_lattice_disturbance_no_DXA,157.63581189186596,157.63581189186596,0.3141177868252527,0.39711333467879245,60.0,65.0
step_10000,E4_phys001942_700k_80k,10000,2.0,C:\Users\dille\Documents\ilua-system\projects\physics_md_al_fe\runs\stageE_700k_dxa_confirm\20260625-102200\cases\E4_700k_dxa_confirm\E4_phys001942_700k_80k\production\dump.chunk0000000_0010000.lammpstrj,C:\Users\dille\Documents\ilua-system\projects\physics_md_al_fe\runs\stageE_700k_dxa_confirm\20260625-102200\cases\E4_700k_dxa_confirm\E4_phys001942_700k_80k\production\restart.10000,290.82185,8924.2638,-2357207.7,26698.172,-2330509.5,8981.2827,8280.1551,9511.3536,0.001942,surface-distance,analytic ellipsoid Fe4Al13/Al interface from Stage E geometry metadata; r is radial signed distance from ellipsoid surface into Al matrix,65-70,67.5,42919,952.3010272150146,884.1651123232514,986.25820362379,940.9081143873519,93.2139781827097,987.6328521834854,7461.765759285489,8934.53504293817,5869.906457354249,7465.734740677191,42919,1.0,120.0,157.63581189186596,0,1,0,0.0,,,,,4.091126250801846,weak_hcp,local_lattice_disturbance_no_DXA,157.63581189186596,157.63581189186596,0.3141177868252527,0.39711333467879245,65.0,70.0
step_10000,E4_phys001942_700k_80k,10000,2.0,C:\Users\dille\Documents\ilua-system\projects\physics_md_al_fe\runs\stageE_700k_dxa_confirm\20260625-102200\cases\E4_700k_dxa_confirm\E4_phys001942_700k_80k\production\dump.chunk0000000_0010000.lammpstrj,C:\Users\dille\Documents\ilua-system\projects\physics_md_al_fe\runs\stageE_700k_dxa_confirm\20260625-102200\cases\E4_700k_dxa_confirm\E4_phys001942_700k_80k\production\restart.10000,290.82185,8924.2638,-2357207.7,26698.172,-2330509.5,8981.2827,8280.1551,9511.3536,0.001942,surface-distance,analytic ellipsoid Fe4Al13/Al interface from Stage E geometry metadata; r is radial signed distance from ellipsoid surface into Al matrix,70-75,72.5,42484,993.5850817603501,977.7044891928714,1000.9215587650071,990.7370432394096,34.15274000755478,1013.3223085040737,7426.410268499152,8837.673607969044,5908.319381923543,7508.067633871608,42484,1.0,120.0,157.63581189186596,0,0,0,0.0,,,,,4.091126250801846,weak_hcp,local_lattice_disturbance_no_DXA,157.63581189186596,157.63581189186596,0.3141177868252527,0.39711333467879245,70.0,75.0
step_10000,E4_phys001942_700k_80k,10000,2.0,C:\Users\dille\Documents\ilua-system\projects\physics_md_al_fe\runs\stageE_700k_dxa_confirm\20260625-102200\cases\E4_700k_dxa_confirm\E4_phys001942_700k_80k\production\dump.chunk0000000_0010000.lammpstrj,C:\Users\dille\Documents\ilua-system\projects\physics_md_al_fe\runs\stageE_700k_dxa_confirm\20260625-102200\cases\E4_700k_dxa_confirm\E4_phys001942_700k_80k\production\restart.10000,290.82185,8924.2638,-2357207.7,26698.172,-2330509.5,8981.2827,8280.1551,9511.3536,0.001942,surface-distance,analytic ellipsoid Fe4Al13/Al interface from Stage E geometry metadata; r is radial signed distance from ellipsoid surface into Al matrix,75-80,77.5,41399,983.485597166482,991.0930335604024,956.2390321918825,976.9392209729223,52.18681036921021,996.6803939159138,7408.125311459541,8818.719810062365,5859.043429709852,7365.4973911475,41399,1.0,120.0,157.63581189186596,0,0,0,0.0,,,,,4.091126250801846,weak_hcp,local_lattice_disturbance_no_DXA,157.63581189186596,157.63581189186596,0.3141177868252527,0.39711333467879245,75.0,80.0
step_10000,E4_phys001942_700k_80k,10000,2.0,C:\Users\dille\Documents\ilua-system\projects\physics_md_al_fe\runs\stageE_700k_dxa_confirm\20260625-102200\cases\E4_700k_dxa_confirm\E4_phys001942_700k_80k\production\dump.chunk0000000_0010000.lammpstrj,C:\Users\dille\Documents\ilua-system\projects\physics_md_al_fe\runs\stageE_700k_dxa_confirm\20260625-102200\cases\E4_700k_dxa_confirm\E4_phys001942_700k_80k\production\restart.10000,290.82185,8924.2638,-2357207.7,26698.172,-2330509.5,8981.2827,8280.1551,9511.3536,0.001942,surface-distance,analytic ellipsoid Fe4Al13/Al interface from Stage E geometry metadata; r is radial signed distance from ellipsoid surface into Al matrix,80-85,82.5,38858,957.4076593594903,977.9249195688416,942.6810965343465,959.3378918208928,42.95471035341656,984.9998848598322,7413.5121488013865,8763.7388358411,5932.4240750164945,7501.364965897814,38858,1.0,120.0,157.63581189186596,0,0,0,0.0,,,,,4.091126250801846,weak_hcp,local_lattice_disturbance_no_DXA,157.63581189186596,157.63581189186596,0.3141177868252527,0.39711333467879245,80.0,85.0
step_10000,E4_phys001942_700k_80k,10000,2.0,C:\Users\dille\Documents\ilua-system\projects\physics_md_al_fe\runs\stageE_700k_dxa_confirm\20260625-102200\cases\E4_700k_dxa_confirm\E4_phys001942_700k_80k\production\dump.chunk0000000_0010000.lammpstrj,C:\Users\dille\Documents\ilua-system\projects\physics_md_al_fe\runs\stageE_700k_dxa_confirm\20260625-102200\cases\E4_700k_dxa_confirm\E4_phys001942_700k_80k\production\restart.10000,290.82185,8924.2638,-2357207.7,26698.172,-2330509.5,8981.2827,8280.1551,9511.3536,0.001942,surface-distance,analytic ellipsoid Fe4Al13/Al interface from Stage E geometry metadata; r is radial signed distance from ellipsoid surface into Al matrix,85-90,87.5,36302,934.3545407440241,985.6243747606006,958.2978781154567,959.4255978733604,46.295619629650695,987.4761749944303,7438.436203831449,8827.291832146502,5915.85333958275,7447.821245248516,36302,1.0,120.0,157.63581189186596,0,0,0,0.0,,,,,4.091126250801846,weak_hcp,local_lattice_disturbance_no_DXA,157.63581189186596,157.63581189186596,0.3141177868252527,0.39711333467879245,85.0,90.0
step_10000,E4_phys001942_700k_80k,10000,2.0,C:\Users\dille\Documents\ilua-system\projects\physics_md_al_fe\runs\stageE_700k_dxa_confirm\20260625-102200\cases\E4_700k_dxa_confirm\E4_phys001942_700k_80k\production\dump.chunk0000000_0010000.lammpstrj,C:\Users\dille\Documents\ilua-system\projects\physics_md_al_fe\runs\stageE_700k_dxa_confirm\20260625-102200\cases\E4_700k_dxa_confirm\E4_phys001942_700k_80k\production\restart.10000,290.82185,8924.2638,-2357207.7,26698.172,-2330509.5,8981.2827,8280.1551,9511.3536,0.001942,surface-distance,analytic ellipsoid Fe4Al13/Al interface from Stage E geometry metadata; r is radial signed distance from ellipsoid surface into Al matrix,90-95,92.5,33147,881.8172008053185,913.3890731213822,866.8068377183013,887.3377038816674,44.36759110453537,915.1897534761752,7400.598078580306,8824.218017839412,5792.986136640853,7372.253613071366,33147,1.0,120.0,157.63581189186596,0,0,0,0.0,,,,,4.091126250801846,weak_hcp,local_lattice_disturbance_no_DXA,157.63581189186596,157.63581189186596,0.3141177868252527,0.39711333467879245,90.0,95.0
step_10000,E4_phys001942_700k_80k,10000,2.0,C:\Users\dille\Documents\ilua-system\projects\physics_md_al_fe\runs\stageE_700k_dxa_confirm\20260625-102200\cases\E4_700k_dxa_confirm\E4_phys001942_700k_80k\production\dump.chunk0000000_0010000.lammpstrj,C:\Users\dille\Documents\ilua-system\projects\physics_md_al_fe\runs\stageE_700k_dxa_confirm\20260625-102200\cases\E4_700k_dxa_confirm\E4_phys001942_700k_80k\production\restart.10000,290.82185,8924.2638,-2357207.7,26698.172,-2330509.5,8981.2827,8280.1551,9511.3536,0.001942,surface-distance,analytic ellipsoid Fe4Al13/Al interface from Stage E geometry metadata; r is radial signed distance from ellipsoid surface into Al matrix,95-100,97.5,29494,890.5682476736774,909.514839408374,859.3443883097507,886.4758251306007,49.32554296834323,912.4015170447484,7347.327032601934,8736.626692780137,5795.204714324614,7367.741843211627,29494,1.0,120.0,157.63581189186596,0,0,0,0.0,,,,,4.091126250801846,weak_hcp,local_lattice_disturbance_no_DXA,157.63581189186596,157.63581189186596,0.3141177868252527,0.39711333467879245,95.0,100.0
step_10000,E4_phys001942_700k_80k,10000,2.0,C:\Users\dille\Documents\ilua-system\projects\physics_md_al_fe\runs\stageE_700k_dxa_confirm\20260625-102200\cases\E4_700k_dxa_confirm\E4_phys001942_700k_80k\production\dump.chunk0000000_0010000.lammpstrj,C:\Users\dille\Documents\ilua-system\projects\physics_md_al_fe\runs\stageE_700k_dxa_confirm\20260625-102200\cases\E4_700k_dxa_confirm\E4_phys001942_700k_80k\production\restart.10000,290.82185,8924.2638,-2357207.7,26698.172,-2330509.5,8981.2827,8280.1551,9511.3536,0.001942,surface-distance,analytic ellipsoid Fe4Al13/Al interface from Stage E geometry metadata; r is radial signed distance from ellipsoid surface into Al matrix,100-105,102.5,25618,895.9747009492144,881.3432404542266,808.4315920774084,861.916511160283,83.63936252239222,899.5550405018264,7456.2442163198575,8866.352132511172,5799.732129158516,7399.4072709388,25618,1.0,120.0,157.63581189186596,0,0,0,0.0,,,,,4.091126250801846,weak_hcp,local_lattice_disturbance_no_DXA,157.63581189186596,157.63581189186596,0.3141177868252527,0.39711333467879245,100.0,105.0
step_10000,E4_phys001942_700k_80k,10000,2.0,C:\Users\dille\Documents\ilua-system\projects\physics_md_al_fe\runs\stageE_700k_dxa_confirm\20260625-102200\cases\E4_700k_dxa_confirm\E4_phys001942_700k_80k\production\dump.chunk0000000_0010000.lammpstrj,C:\Users\dille\Documents\ilua-system\projects\physics_md_al_fe\runs\stageE_700k_dxa_confirm\20260625-102200\cases\E4_700k_dxa_confirm\E4_phys001942_700k_80k\production\restart.10000,290.82185,8924.2638,-2357207.7,26698.172,-2330509.5,8981.2827,8280.1551,9511.3536,0.001942,surface-distance,analytic ellipsoid Fe4Al13/Al interface from Stage E geometry metadata; r is radial signed distance from ellipsoid surface into Al matrix,105-110,107.5,21764,920.0049542954541,927.9409438919877,888.9132483768747,912.2863821881056,54.802673405185345,938.6142976976572,7378.857626762681,8666.257503370709,5818.2651053914815,7395.626001027029,21764,1.0,120.0,157.63581189186596,0,0,0,0.0,,,,,4.091126250801846,weak_hcp,local_lattice_disturbance_no_DXA,157.63581189186596,157.63581189186596,0.3141177868252527,0.39711333467879245,105.0,110.0
step_10000,E4_phys001942_700k_80k,10000,2.0,C:\Users\dille\Documents\ilua-system\projects\physics_md_al_fe\runs\stageE_700k_dxa_confirm\20260625-102200\cases\E4_700k_dxa_confirm\E4_phys001942_700k_80k\production\dump.chunk0000000_0010000.lammpstrj,C:\Users\dille\Documents\ilua-system\projects\physics_md_al_fe\runs\stageE_700k_dxa_confirm\20260625-102200\cases\E4_700k_dxa_confirm\E4_phys001942_700k_80k\production\restart.10000,290.82185,8924.2638,-2357207.7,26698.172,-2330509.5,8981.2827,8280.1551,9511.3536,0.001942,surface-distance,analytic ellipsoid Fe4Al13/Al interface from Stage E geometry metadata; r is radial signed distance from ellipsoid surface into Al matrix,110-115,112.5,18346,807.4959608719784,839.9755060231503,738.0086828696625,795.1600499215971,98.83386493542115,846.5837770812603,7356.633047440509,8784.354017547092,5735.455053631534,7241.6523773197605,18346,1.0,120.0,157.63581189186596,0,0,0,0.0,,,,,4.091126250801846,weak_hcp,local_lattice_disturbance_no_DXA,157.63581189186596,157.63581189186596,0.3141177868252527,0.39711333467879245,110.0,115.0
step_10000,E4_phys001942_700k_80k,10000,2.0,C:\Users\dille\Documents\ilua-system\projects\physics_md_al_fe\runs\stageE_700k_dxa_confirm\20260625-102200\cases\E4_700k_dxa_confirm\E4_phys001942_700k_80k\production\dump.chunk0000000_0010000.lammpstrj,C:\Users\dille\Documents\ilua-system\projects\physics_md_al_fe\runs\stageE_700k_dxa_confirm\20260625-102200\cases\E4_700k_dxa_confirm\E4_phys001942_700k_80k\production\restart.10000,290.82185,8924.2638,-2357207.7,26698.172,-2330509.5,8981.2827,8280.1551,9511.3536,0.001942,surface-distance,analytic ellipsoid Fe4Al13/Al interface from Stage E geometry metadata; r is radial signed distance from ellipsoid surface into Al matrix,115-120,117.5,14819,760.2974331190774,758.1413679022218,688.2193755313143,735.5527255175379,71.11321307674348,760.303722128373,7309.398651246285,8660.084270464262,5669.1453349215435,7277.13457701551,14819,1.0,120.0,157.63581189186596,0,0,0,0.0,,,,,4.091126250801846,weak_hcp,local_lattice_disturbance_no_DXA,157.63581189186596,157.63581189186596,0.3141177868252527,0.39711333467879245,115.0,120.0
step_10000,E4_phys001942_700k_80k,10000,2.0,C:\Users\dille\Documents\ilua-system\projects\physics_md_al_fe\runs\stageE_700k_dxa_confirm\20260625-102200\cases\E4_700k_dxa_confirm\E4_phys001942_700k_80k\production\dump.chunk0000000_0010000.lammpstrj,C:\Users\dille\Documents\ilua-system\projects\physics_md_al_fe\runs\stageE_700k_dxa_confirm\20260625-102200\cases\E4_700k_dxa_confirm\E4_phys001942_700k_80k\production\restart.10000,290.82185,8924.2638,-2357207.7,26698.172,-2330509.5,8981.2827,8280.1551,9511.3536,0.001942,surface-distance,analytic ellipsoid Fe4Al13/Al interface from Stage E geometry metadata; r is radial signed distance from ellipsoid surface into Al matrix,120-125,122.5,10947,449.93690351343224,501.694708576343,411.41396281927086,454.34852496968205,82.31718567196921,504.3016832742589,7268.165818327732,8660.408015833817,5468.194065879651,7032.955040872646,10947,1.0,120.0,157.63581189186596,0,0,0,0.0,,,,,4.091126250801846,weak_hcp,local_lattice_disturbance_no_DXA,157.63581189186596,157.63581189186596,0.3141177868252527,0.39711333467879245,120.0,125.0
step_10000,E4_phys001942_700k_80k,10000,2.0,C:\Users\dille\Documents\ilua-system\projects\physics_md_al_fe\runs\stageE_700k_dxa_confirm\20260625-102200\cases\E4_700k_dxa_confirm\E4_phys001942_700k_80k\production\dump.chunk0000000_0010000.lammpstrj,C:\Users\dille\Documents\ilua-system\projects\physics_md_al_fe\runs\stageE_700k_dxa_confirm\20260625-102200\cases\E4_700k_dxa_confirm\E4_phys001942_700k_80k\production\restart.10000,290.82185,8924.2638,-2357207.7,26698.172,-2330509.5,8981.2827,8280.1551,9511.3536,0.001942,surface-distance,analytic ellipsoid Fe4Al13/Al interface from Stage E geometry metadata; r is radial signed distance from ellipsoid surface into Al matrix,125-130,127.5,7419,665.3081275524436,619.0472142348707,563.0592874691911,615.8048764188351,113.03229212733306,687.8919037019293,7401.026174946547,8815.595025905837,5576.039084966097,7238.764676125197,7419,1.0,120.0,157.63581189186596,0,0,0,0.0,,,,,4.091126250801846,weak_hcp,local_lattice_disturbance_no_DXA,157.63581189186596,157.63581189186596,0.3141177868252527,0.39711333467879245,125.0,130.0
step_10000,E4_phys001942_700k_80k,10000,2.0,C:\Users\dille\Documents\ilua-system\projects\physics_md_al_fe\runs\stageE_700k_dxa_confirm\20260625-102200\cases\E4_700k_dxa_confirm\E4_phys001942_700k_80k\production\dump.chunk0000000_0010000.lammpstrj,C:\Users\dille\Documents\ilua-system\projects\physics_md_al_fe\runs\stageE_700k_dxa_confirm\20260625-102200\cases\E4_700k_dxa_confirm\E4_phys001942_700k_80k\production\restart.10000,290.82185,8924.2638,-2357207.7,26698.172,-2330509.5,8981.2827,8280.1551,9511.3536,0.001942,surface-distance,analytic ellipsoid Fe4Al13/Al interface from Stage E geometry metadata; r is radial signed distance from ellipsoid surface into Al matrix,130-135,132.5,4656,916.1393671492688,908.673123686388,903.1103048529924,909.307598562883,43.57655826762985,932.2222117870443,7504.908930191264,8828.109536089498,6064.067205875066,7845.443077706524,4656,1.0,120.0,157.63581189186596,0,0,0,0.0,,,,,4.091126250801846,weak_hcp,local_lattice_disturbance_no_DXA,157.63581189186596,157.63581189186596,0.3141177868252527,0.39711333467879245,130.0,135.0
step_10000,E4_phys001942_700k_80k,10000,2.0,C:\Users\dille\Documents\ilua-system\projects\physics_md_al_fe\runs\stageE_700k_dxa_confirm\20260625-102200\cases\E4_700k_dxa_confirm\E4_phys001942_700k_80k\production\dump.chunk0000000_0010000.lammpstrj,C:\Users\dille\Documents\ilua-system\projects\physics_md_al_fe\runs\stageE_700k_dxa_confirm\20260625-102200\cases\E4_700k_dxa_confirm\E4_phys001942_700k_80k\production\restart.10000,290.82185,8924.2638,-2357207.7,26698.172,-2330509.5,8981.2827,8280.1551,9511.3536,0.001942,surface-distance,analytic ellipsoid Fe4Al13/Al interface from Stage E geometry metadata; r is radial signed distance from ellipsoid surface into Al matrix,135-140,137.5,2894,1173.311163699247,1342.5222174402215,1306.6549706404737,1274.1627839266475,161.4066301766922,1342.6957007082563,7582.120527718754,8982.083019115471,6315.806874922385,7732.669891755427,2894,1.0,120.0,157.63581189186596,0,0,0,0.0,,,,,4.091126250801846,weak_hcp,local_lattice_disturbance_no_DXA,157.63581189186596,157.63581189186596,0.3141177868252527,0.39711333467879245,135.0,140.0
step_10000,E4_phys001942_700k_80k,10000,2.0,C:\Users\dille\Documents\ilua-system\projects\physics_md_al_fe\runs\stageE_700k_dxa_confirm\20260625-102200\cases\E4_700k_dxa_confirm\E4_phys001942_700k_80k\production\dump.chunk0000000_0010000.lammpstrj,C:\Users\dille\Documents\ilua-system\projects\physics_md_al_fe\runs\stageE_700k_dxa_confirm\20260625-102200\cases\E4_700k_dxa_confirm\E4_phys001942_700k_80k\production\restart.10000,290.82185,8924.2638,-2357207.7,26698.172,-2330509.5,8981.2827,8280.1551,9511.3536,0.001942,surface-distance,analytic ellipsoid Fe4Al13/Al interface from Stage E geometry metadata; r is radial signed distance from ellipsoid surface into Al matrix,140-145,142.5,1587,1192.9938527847526,1186.6482757614112,1179.2499980885477,1186.2973755449038,74.58148438118833,1235.4935545387916,7270.2095452804,8720.664310395367,6287.6068089746295,7903.837342079376,1587,1.0,120.0,157.63581189186596,0,0,0,0.0,,,,,4.091126250801846,weak_hcp,local_lattice_disturbance_no_DXA,157.63581189186596,157.63581189186596,0.3141177868252527,0.39711333467879245,140.0,145.0
step_10000,E4_phys001942_700k_80k,10000,2.0,C:\Users\dille\Documents\ilua-system\projects\physics_md_al_fe\runs\stageE_700k_dxa_confirm\20260625-102200\cases\E4_700k_dxa_confirm\E4_phys001942_700k_80k\production\dump.chunk0000000_0010000.lammpstrj,C:\Users\dille\Documents\ilua-system\projects\physics_md_al_fe\runs\stageE_700k_dxa_confirm\20260625-102200\cases\E4_700k_dxa_confirm\E4_phys001942_700k_80k\production\restart.10000,290.82185,8924.2638,-2357207.7,26698.172,-2330509.5,8981.2827,8280.1551,9511.3536,0.001942,surface-distance,analytic ellipsoid Fe4Al13/Al interface from Stage E geometry metadata; r is radial signed distance from ellipsoid surface into Al matrix,145-150,147.5,674,429.4119584589828,199.35282736937492,408.5271231467341,345.7639696583639,251.0153250606548,471.32348742625186,7150.375467770021,8651.088309945879,5636.776485086327,6970.505117810197,674,1.0,120.0,157.63581189186596,0,0,0,0.0,,,,,4.091126250801846,weak_hcp,local_lattice_disturbance_no_DXA,157.63581189186596,157.63581189186596,0.3141177868252527,0.39711333467879245,145.0,150.0
step_10000,E4_phys001942_700k_80k,10000,2.0,C:\Users\dille\Documents\ilua-system\projects\physics_md_al_fe\runs\stageE_700k_dxa_confirm\20260625-102200\cases\E4_700k_dxa_confirm\E4_phys001942_700k_80k\production\dump.chunk0000000_0010000.lammpstrj,C:\Users\dille\Documents\ilua-system\projects\physics_md_al_fe\runs\stageE_700k_dxa_confirm\20260625-102200\cases\E4_700k_dxa_confirm\E4_phys001942_700k_80k\production\restart.10000,290.82185,8924.2638,-2357207.7,26698.172,-2330509.5,8981.2827,8280.1551,9511.3536,0.001942,surface-distance,analytic ellipsoid Fe4Al13/Al interface from Stage E geometry metadata; r is radial signed distance from ellipsoid surface into Al matrix,150-155,152.5,212,-515.2255505020169,-611.8132847631208,-347.3620015948824,-491.4669456200066,552.8605333696821,-137.53276248502166,7423.3843579909235,8091.38718313923,4885.824945515082,6152.08462711569,212,1.0,120.0,157.63581189186596,0,0,0,0.0,,,,,4.091126250801846,weak_hcp,local_lattice_disturbance_no_DXA,157.63581189186596,157.63581189186596,0.3141177868252527,0.39711333467879245,150.0,155.0
step_10000,E4_phys001942_700k_80k,10000,2.0,C:\Users\dille\Documents\ilua-system\projects\physics_md_al_fe\runs\stageE_700k_dxa_confirm\20260625-102200\cases\E4_700k_dxa_confirm\E4_phys001942_700k_80k\production\dump.chunk0000000_0010000.lammpstrj,C:\Users\dille\Documents\ilua-system\projects\physics_md_al_fe\runs\stageE_700k_dxa_confirm\20260625-102200\cases\E4_700k_dxa_confirm\E4_phys001942_700k_80k\production\restart.10000,290.82185,8924.2638,-2357207.7,26698.172,-2330509.5,8981.2827,8280.1551,9511.3536,0.001942,surface-distance,analytic ellipsoid Fe4Al13/Al interface from Stage E geometry metadata; r is radial signed distance from ellipsoid surface into Al matrix,155-157.636,156.31790594593298,18,-1546.4871915209478,-835.4169499447049,-1328.1987360833164,-1236.7009591829897,789.8031011718077,-739.3488036848713,5952.033576657324,6640.778901873153,5306.569448071759,5324.949645114622,18,1.0,120.0,157.63581189186596,0,0,0,0.0,,,,,4.091126250801846,weak_hcp,local_lattice_disturbance_no_DXA,157.63581189186596,157.63581189186596,0.3141177868252527,0.39711333467879245,155.0,157.63581189186596
step_20000,E4_phys001942_700k_80k,20000,4.0,C:\Users\dille\Documents\ilua-system\projects\physics_md_al_fe\runs\stageE_700k_dxa_confirm\20260625-102200\cases\E4_700k_dxa_confirm\E4_phys001942_700k_80k\production\dump.chunk0010000_0020000.lammpstrj,C:\Users\dille\Documents\ilua-system\projects\physics_md_al_fe\runs\stageE_700k_dxa_confirm\20260625-102200\cases\E4_700k_dxa_confirm\E4_phys001942_700k_80k\production\restart.20000,287.71067,8883.274,-2357181.1,26412.557,-2330768.5,8926.363,8253.994,9469.465,0.001942,surface-distance,analytic ellipsoid Fe4Al13/Al interface from Stage E geometry metadata; r is radial signed distance from ellipsoid surface into Al matrix,0-2,1.0,367,-2672.3400022062056,-1416.5790871131571,-2685.803755457702,-2258.2409482590215,1306.8295243427146,-1415.7262984326164,23198.034459692088,34021.59467816689,15716.483740080017,21958.9487812663,367,1.0,120.0,157.75136551076184,0,367,0,0.0,,,,,4.847923668953543,weak_hcp,local_lattice_disturbance_no_DXA,157.75136551076184,157.75136551076184,0.3105301692266516,0.39733070104749585,0.0,2.0
step_20000,E4_phys001942_700k_80k,20000,4.0,C:\Users\dille\Documents\ilua-system\projects\physics_md_al_fe\runs\stageE_700k_dxa_confirm\20260625-102200\cases\E4_700k_dxa_confirm\E4_phys001942_700k_80k\production\dump.chunk0010000_0020000.lammpstrj,C:\Users\dille\Documents\ilua-system\projects\physics_md_al_fe\runs\stageE_700k_dxa_confirm\20260625-102200\cases\E4_700k_dxa_confirm\E4_phys001942_700k_80k\production\restart.20000,287.71067,8883.274,-2357181.1,26412.557,-2330768.5,8926.363,8253.994,9469.465,0.001942,surface-distance,analytic ellipsoid Fe4Al13/Al interface from Stage E geometry metadata; r is radial signed distance from ellipsoid surface into Al matrix,2-4,3.0,3418,-391.24417557474635,-277.31759429938575,-789.9107295201165,-486.1574997980829,508.2426511454995,-221.92394031118616,20249.257688727434,26876.648884573842,13800.218104384094,18626.800346542295,3418,1.0,120.0,157.75136551076184,3,3387,0,0.0,,,,,4.847923668953543,weak_hcp,local_lattice_disturbance_no_DXA,157.75136551076184,157.75136551076184,0.3105301692266516,0.39733070104749585,2.0,4.0
step_20000,E4_phys001942_700k_80k,20000,4.0,C:\Users\dille\Documents\ilua-system\projects\physics_md_al_fe\runs\stageE_700k_dxa_confirm\20260625-102200\cases\E4_700k_dxa_confirm\E4_phys001942_700k_80k\production\dump.chunk0010000_0020000.lammpstrj,C:\Users\dille\Documents\ilua-system\projects\physics_md_al_fe\runs\stageE_700k_dxa_confirm\20260625-102200\cases\E4_700k_dxa_confirm\E4_phys001942_700k_80k\production\restart.20000,287.71067,8883.274,-2357181.1,26412.557,-2330768.5,8926.363,8253.994,9469.465,0.001942,surface-distance,analytic ellipsoid Fe4Al13/Al interface from Stage E geometry metadata; r is radial signed distance from ellipsoid surface into Al matrix,4-6,5.0,3672,197.78199346390852,181.914042486861,115.84285404773851,165.17962999950268,113.59656105737116,239.4003472767919,13439.264239661006,16758.803723642315,10041.305462425245,13351.044878564819,3672,1.0,120.0,157.75136551076184,0,2737,0,0.0,,,,,4.847923668953543,weak_hcp,local_lattice_disturbance_no_DXA,157.75136551076184,157.75136551076184,0.3105301692266516,0.39733070104749585,4.0,6.0
step_20000,E4_phys001942_700k_80k,20000,4.0,C:\Users\dille\Documents\ilua-system\projects\physics_md_al_fe\runs\stageE_700k_dxa_confirm\20260625-102200\cases\E4_700k_dxa_confirm\E4_phys001942_700k_80k\production\dump.chunk0010000_0020000.lammpstrj,C:\Users\dille\Documents\ilua-system\projects\physics_md_al_fe\runs\stageE_700k_dxa_confirm\20260625-102200\cases\E4_700k_dxa_confirm\E4_phys001942_700k_80k\production\restart.20000,287.71067,8883.274,-2357181.1,26412.557,-2330768.5,8926.363,8253.994,9469.465,0.001942,surface-distance,analytic ellipsoid Fe4Al13/Al interface from Stage E geometry metadata; r is radial signed distance from ellipsoid surface into Al matrix,6-8,7.0,3963,664.8512188237897,641.8527524503625,622.3655912313172,643.0231875018231,95.68324371517048,705.7394315776035,9938.73127360609,12302.101075198823,7272.5000542814905,9881.18637251668,3963,1.0,120.0,157.75136551076184,0,938,0,0.0,,,,,4.847923668953543,weak_hcp,local_lattice_disturbance_no_DXA,157.75136551076184,157.75136551076184,0.3105301692266516,0.39733070104749585,6.0,8.0
step_20000,E4_phys001942_700k_80k,20000,4.0,C:\Users\dille\Documents\ilua-system\projects\physics_md_al_fe\runs\stageE_700k_dxa_confirm\20260625-102200\cases\E4_700k_dxa_confirm\E4_phys001942_700k_80k\production\dump.chunk0010000_0020000.lammpstrj,C:\Users\dille\Documents\ilua-system\projects\physics_md_al_fe\runs\stageE_700k_dxa_confirm\20260625-102200\cases\E4_700k_dxa_confirm\E4_phys001942_700k_80k\production\restart.20000,287.71067,8883.274,-2357181.1,26412.557,-2330768.5,8926.363,8253.994,9469.465,0.001942,surface-distance,analytic ellipsoid Fe4Al13/Al interface from Stage E geometry metadata; r is radial signed distance from ellipsoid surface into Al matrix,8-10,9.0,4418,893.4584919654019,901.8813937352443,919.2450284482474,904.8616380496311,32.76100669095998,919.8624336412202,8588.12732697071,10412.601699973135,6242.919347167098,7922.963924736273,4418,1.0,120.0,157.75136551076184,0,71,0,0.0,,,,,4.847923668953543,weak_hcp,local_lattice_disturbance_no_DXA,157.75136551076184,157.75136551076184,0.3105301692266516,0.39733070104749585,8.0,10.0
step_20000,E4_phys001942_700k_80k,20000,4.0,C:\Users\dille\Documents\ilua-system\projects\physics_md_al_fe\runs\stageE_700k_dxa_confirm\20260625-102200\cases\E4_700k_dxa_confirm\E4_phys001942_700k_80k\production\dump.chunk0010000_0020000.lammpstrj,C:\Users\dille\Documents\ilua-system\projects\physics_md_al_fe\runs\stageE_700k_dxa_confirm\20260625-102200\cases\E4_700k_dxa_confirm\E4_phys001942_700k_80k\production\restart.20000,287.71067,8883.274,-2357181.1,26412.557,-2330768.5,8926.363,8253.994,9469.465,0.001942,surface-distance,analytic ellipsoid Fe4Al13/Al interface from Stage E geometry metadata; r is radial signed distance from ellipsoid surface into Al matrix,10-12,11.0,4843,905.2050016455875,888.5701290068088,939.5989657919044,911.1246988147668,85.85202223552653,968.1892228798321,8007.704944131121,9634.274324456386,6032.617799137428,7744.29230237701,4843,1.0,120.0,157.75136551076184,0,1,0,0.0,,,,,4.847923668953543,weak_hcp,local_lattice_disturbance_no_DXA,157.75136551076184,157.75136551076184,0.3105301692266516,0.39733070104749585,10.0,12.0
step_20000,E4_phys001942_700k_80k,20000,4.0,C:\Users\dille\Documents\ilua-system\projects\physics_md_al_fe\runs\stageE_700k_dxa_confirm\20260625-102200\cases\E4_700k_dxa_confirm\E4_phys001942_700k_80k\production\dump.chunk0010000_0020000.lammpstrj,C:\Users\dille\Documents\ilua-system\projects\physics_md_al_fe\runs\stageE_700k_dxa_confirm\20260625-102200\cases\E4_700k_dxa_confirm\E4_phys001942_700k_80k\production\restart.20000,287.71067,8883.274,-2357181.1,26412.557,-2330768.5,8926.363,8253.994,9469.465,0.001942,surface-distance,analytic ellipsoid Fe4Al13/Al interface from Stage E geometry metadata; r is radial signed distance from ellipsoid surface into Al matrix,12-14,13.0,5050,912.9968765631679,915.6303822684445,941.0657840322897,923.2310142879674,94.48053705780883,985.2825262134647,8009.638192940417,9535.848178386173,6117.756545130126,7679.330157500176,5050,1.0,120.0,157.75136551076184,0,0,0,0.0,,,,,4.847923668953543,weak_hcp,local_lattice_disturbance_no_DXA,157.75136551076184,157.75136551076184,0.3105301692266516,0.39733070104749585,12.0,14.0
step_20000,E4_phys001942_700k_80k,20000,4.0,C:\Users\dille\Documents\ilua-system\projects\physics_md_al_fe\runs\stageE_700k_dxa_confirm\20260625-102200\cases\E4_700k_dxa_confirm\E4_phys001942_700k_80k\production\dump.chunk0010000_0020000.lammpstrj,C:\Users\dille\Documents\ilua-system\projects\physics_md_al_fe\runs\stageE_700k_dxa_confirm\20260625-102200\cases\E4_700k_dxa_confirm\E4_phys001942_700k_80k\production\restart.20000,287.71067,8883.274,-2357181.1,26412.557,-2330768.5,8926.363,8253.994,9469.465,0.001942,surface-distance,analytic ellipsoid Fe4Al13/Al interface from Stage E geometry metadata; r is radial signed distance from ellipsoid surface into Al matrix,14-16,15.0,5381,919.4068442105026,795.8623754112474,910.7154728815248,875.328230834425,133.36829169862062,927.744378782701,7761.092968325169,9249.776689371467,5982.668210439613,7868.627725972114,5381,1.0,120.0,157.75136551076184,0,0,0,0.0,,,,,4.847923668953543,weak_hcp,local_lattice_disturbance_no_DXA,157.75136551076184,157.75136551076184,0.3105301692266516,0.39733070104749585,14.0,16.0
step_20000,E4_phys001942_700k_80k,20000,4.0,C:\Users\dille\Documents\ilua-system\projects\physics_md_al_fe\runs\stageE_700k_dxa_confirm\20260625-102200\cases\E4_700k_dxa_confirm\E4_phys001942_700k_80k\production\dump.chunk0010000_0020000.lammpstrj,C:\Users\dille\Documents\ilua-system\projects\physics_md_al_fe\runs\stageE_700k_dxa_confirm\20260625-102200\cases\E4_700k_dxa_confirm\E4_phys001942_700k_80k\production\restart.20000,287.71067,8883.274,-2357181.1,26412.557,-2330768.5,8926.363,8253.994,9469.465,0.001942,surface-distance,analytic ellipsoid Fe4Al13/Al interface from Stage E geometry metadata; r is radial signed distance from ellipsoid surface into Al matrix,16-18,17.0,5936,926.4398648804771,817.6817586861645,893.6888861244054,879.2701698970155,103.24972800266256,933.7256764017366,7734.852195220292,9289.775400686125,5940.659950459294,7671.780855731666,5936,1.0,120.0,157.75136551076184,0,1,0,0.0,,,,,4.847923668953543,weak_hcp,local_lattice_disturbance_no_DXA,157.75136551076184,157.75136551076184,0.3105301692266516,0.39733070104749585,16.0,18.0
step_20000,E4_phys001942_700k_80k,20000,4.0,C:\Users\dille\Documents\ilua-system\projects\physics_md_al_fe\runs\stageE_700k_dxa_confirm\20260625-102200\cases\E4_700k_dxa_confirm\E4_phys001942_700k_80k\production\dump.chunk0010000_0020000.lammpstrj,C:\Users\dille\Documents\ilua-system\projects\physics_md_al_fe\runs\stageE_700k_dxa_confirm\20260625-102200\cases\E4_700k_dxa_confirm\E4_phys001942_700k_80k\production\restart.20000,287.71067,8883.274,-2357181.1,26412.557,-2330768.5,8926.363,8253.994,9469.465,0.001942,surface-distance,analytic ellipsoid Fe4Al13/Al interface from Stage E geometry metadata; r is radial signed distance from ellipsoid surface into Al matrix,18-20,19.0,6182,860.3939607917172,831.6315676596926,867.2436652268043,853.0897312260713,67.6509033095993,887.7633417557812,7638.147536949761,9102.228555844596,5917.791511190941,7330.281757742478,6182,1.0,120.0,157.75136551076184,0,0,0,0.0,,,,,4.847923668953543,weak_hcp,local_lattice_disturbance_no_DXA,157.75136551076184,157.75136551076184,0.3105301692266516,0.39733070104749585,18.0,20.0
step_20000,E4_phys001942_700k_80k,20000,4.0,C:\Users\dille\Documents\ilua-system\projects\physics_md_al_fe\runs\stageE_700k_dxa_confirm\20260625-102200\cases\E4_700k_dxa_confirm\E4_phys001942_700k_80k\production\dump.chunk0010000_0020000.lammpstrj,C:\Users\dille\Documents\ilua-system\projects\physics_md_al_fe\runs\stageE_700k_dxa_confirm\20260625-102200\cases\E4_700k_dxa_confirm\E4_phys001942_700k_80k\production\restart.20000,287.71067,8883.274,-2357181.1,26412.557,-2330768.5,8926.363,8253.994,9469.465,0.001942,surface-distance,analytic ellipsoid Fe4Al13/Al interface from Stage E geometry metadata; r is radial signed distance from ellipsoid surface into Al matrix,20-22,21.0,6529,833.6220300352167,788.3821972216504,844.7566189029473,822.2536153866048,69.55262069402765,865.6900883085533,7694.7855814559525,9137.920343689018,5723.902744528834,7222.480664929677,6529,1.0,120.0,157.75136551076184,0,0,0,0.0,,,,,4.847923668953543,weak_hcp,local_lattice_disturbance_no_DXA,157.75136551076184,157.75136551076184,0.3105301692266516,0.39733070104749585,20.0,22.0
step_20000,E4_phys001942_700k_80k,20000,4.0,C:\Users\dille\Documents\ilua-system\projects\physics_md_al_fe\runs\stageE_700k_dxa_confirm\20260625-102200\cases\E4_700k_dxa_confirm\E4_phys001942_700k_80k\production\dump.chunk0010000_0020000.lammpstrj,C:\Users\dille\Documents\ilua-system\projects\physics_md_al_fe\runs\stageE_700k_dxa_confirm\20260625-102200\cases\E4_700k_dxa_confirm\E4_phys001942_700k_80k\production\restart.20000,287.71067,8883.274,-2357181.1,26412.557,-2330768.5,8926.363,8253.994,9469.465,0.001942,surface-distance,analytic ellipsoid Fe4Al13/Al interface from Stage E geometry metadata; r is radial signed distance from ellipsoid surface into Al matrix,22-24,23.0,6848,847.1225889912429,796.1305821273953,835.4343444794819,826.22917186604,68.12973677418785,867.3484186613472,7639.726716838514,9144.675661358955,5837.313463177508,7519.767667634291,6848,1.0,120.0,157.75136551076184,0,0,0,0.0,,,,,4.847923668953543,weak_hcp,local_lattice_disturbance_no_DXA,157.75136551076184,157.75136551076184,0.3105301692266516,0.39733070104749585,22.0,24.0
step_20000,E4_phys001942_700k_80k,20000,4.0,C:\Users\dille\Documents\ilua-system\projects\physics_md_al_fe\runs\stageE_700k_dxa_confirm\20260625-102200\cases\E4_700k_dxa_confirm\E4_phys001942_700k_80k\production\dump.chunk0010000_0020000.lammpstrj,C:\Users\dille\Documents\ilua-system\projects\physics_md_al_fe\runs\stageE_700k_dxa_confirm\20260625-102200\cases\E4_700k_dxa_confirm\E4_phys001942_700k_80k\production\restart.20000,287.71067,8883.274,-2357181.1,26412.557,-2330768.5,8926.363,8253.994,9469.465,0.001942,surface-distance,analytic ellipsoid Fe4Al13/Al interface from Stage E geometry metadata; r is radial signed distance from ellipsoid surface into Al matrix,24-26,25.0,7581,921.1575038924581,883.5584698223413,873.7330899877873,892.8163545675288,73.62296872020514,938.3068305896435,7655.5007708746825,9018.740102114565,5908.216185266975,7640.620279286463,7581,1.0,120.0,157.75136551076184,0,0,0,0.0,,,,,4.847923668953543,weak_hcp,local_lattice_disturbance_no_DXA,157.75136551076184,157.75136551076184,0.3105301692266516,0.39733070104749585,24.0,26.0
step_20000,E4_phys001942_700k_80k,20000,4.0,C:\Users\dille\Documents\ilua-system\projects\physics_md_al_fe\runs\stageE_700k_dxa_confirm\20260625-102200\cases\E4_700k_dxa_confirm\E4_phys001942_700k_80k\production\dump.chunk0010000_0020000.lammpstrj,C:\Users\dille\Documents\ilua-system\projects\physics_md_al_fe\runs\stageE_700k_dxa_confirm\20260625-102200\cases\E4_700k_dxa_confirm\E4_phys001942_700k_80k\production\restart.20000,287.71067,8883.274,-2357181.1,26412.557,-2330768.5,8926.363,8253.994,9469.465,0.001942,surface-distance,analytic ellipsoid Fe4Al13/Al interface from Stage E geometry metadata; r is radial signed distance from ellipsoid surface into Al matrix,26-28,27.0,7809,900.3178318702345,888.9936225048268,936.5387978713121,908.6167507487911,61.18717330470635,938.607096547329,7571.303178004206,8955.378927501211,6069.166865725853,7750.318024352921,7809,1.0,120.0,157.75136551076184,0,0,0,0.0,,,,,4.847923668953543,weak_hcp,local_lattice_disturbance_no_DXA,157.75136551076184,157.75136551076184,0.3105301692266516,0.39733070104749585,26.0,28.0
step_20000,E4_phys001942_700k_80k,20000,4.0,C:\Users\dille\Documents\ilua-system\projects\physics_md_al_fe\runs\stageE_700k_dxa_confirm\20260625-102200\cases\E4_700k_dxa_confirm\E4_phys001942_700k_80k\production\dump.chunk0010000_0020000.lammpstrj,C:\Users\dille\Documents\ilua-system\projects\physics_md_al_fe\runs\stageE_700k_dxa_confirm\20260625-102200\cases\E4_700k_dxa_confirm\E4_phys001942_700k_80k\production\restart.20000,287.71067,8883.274,-2357181.1,26412.557,-2330768.5,8926.363,8253.994,9469.465,0.001942,surface-distance,analytic ellipsoid Fe4Al13/Al interface from Stage E geometry metadata; r is radial signed distance from ellipsoid surface into Al matrix,28-30,29.0,8236,913.4020183404826,925.1100461092609,932.0737899501954,923.528618133313,73.89688840562808,972.0728547376708,7601.507364208637,9015.969700907266,5856.69457752961,7527.329605728083,8236,1.0,120.0,157.75136551076184,0,0,0,0.0,,,,,4.847923668953543,weak_hcp,local_lattice_disturbance_no_DXA,157.75136551076184,157.75136551076184,0.3105301692266516,0.39733070104749585,28.0,30.0
step_20000,E4_phys001942_700k_80k,20000,4.0,C:\Users\dille\Documents\ilua-system\projects\physics_md_al_fe\runs\stageE_700k_dxa_confirm\20260625-102200\cases\E4_700k_dxa_confirm\E4_phys001942_700k_80k\production\dump.chunk0010000_0020000.lammpstrj,C:\Users\dille\Documents\ilua-system\projects\physics_md_al_fe\runs\stageE_700k_dxa_confirm\20260625-102200\cases\E4_700k_dxa_confirm\E4_phys001942_700k_80k\production\restart.20000,287.71067,8883.274,-2357181.1,26412.557,-2330768.5,8926.363,8253.994,9469.465,0.001942,surface-distance,analytic ellipsoid Fe4Al13/Al interface from Stage E geometry metadata; r is radial signed distance from ellipsoid surface into Al matrix,30-32,31.0,8710,859.464515977918,876.1513489137911,890.7631223705389,875.4596624207494,74.29290555427384,911.376112258339,7609.070267217611,9025.904063808237,5792.211710419267,7324.770514724974,8710,1.0,120.0,157.75136551076184,0,0,0,0.0,,,,,4.847923668953543,weak_hcp,local_lattice_disturbance_no_DXA,157.75136551076184,157.75136551076184,0.3105301692266516,0.39733070104749585,30.0,32.0
step_20000,E4_phys001942_700k_80k,20000,4.0,C:\Users\dille\Documents\ilua-system\projects\physics_md_al_fe\runs\stageE_700k_dxa_confirm\20260625-102200\cases\E4_700k_dxa_confirm\E4_phys001942_700k_80k\production\dump.chunk0010000_0020000.lammpstrj,C:\Users\dille\Documents\ilua-system\projects\physics_md_al_fe\runs\stageE_700k_dxa_confirm\20260625-102200\cases\E4_700k_dxa_confirm\E4_phys001942_700k_80k\production\restart.20000,287.71067,8883.274,-2357181.1,26412.557,-2330768.5,8926.363,8253.994,9469.465,0.001942,surface-distance,analytic ellipsoid Fe4Al13/Al interface from Stage E geometry metadata; r is radial signed distance from ellipsoid surface into Al matrix,32-34,33.0,9176,884.3069423905231,865.3443839277475,908.2263540134347,885.959226777235,58.265031056370326,923.4554374416334,7515.908771055916,9005.29358398846,5839.175215104156,7423.35972639846,9176,1.0,120.0,157.75136551076184,0,0,0,0.0,,,,,4.847923668953543,weak_hcp,local_lattice_disturbance_no_DXA,157.75136551076184,157.75136551076184,0.3105301692266516,0.39733070104749585,32.0,34.0
step_20000,E4_phys001942_700k_80k,20000,4.0,C:\Users\dille\Documents\ilua-system\projects\physics_md_al_fe\runs\stageE_700k_dxa_confirm\20260625-102200\cases\E4_700k_dxa_confirm\E4_phys001942_700k_80k\production\dump.chunk0010000_0020000.lammpstrj,C:\Users\dille\Documents\ilua-system\projects\physics_md_al_fe\runs\stageE_700k_dxa_confirm\20260625-102200\cases\E4_700k_dxa_confirm\E4_phys001942_700k_80k\production\restart.20000,287.71067,8883.274,-2357181.1,26412.557,-2330768.5,8926.363,8253.994,9469.465,0.001942,surface-distance,analytic ellipsoid Fe4Al13/Al interface from Stage E geometry metadata; r is radial signed distance from ellipsoid surface into Al matrix,34-36,35.0,9801,877.8314182394545,877.4519123010031,870.7246078717652,875.3359794707409,56.898821474404755,905.0425522661325,7544.660187337274,9092.702282463672,5824.786351837845,7459.824550818261,9801,1.0,120.0,157.75136551076184,0,0,0,0.0,,,,,4.847923668953543,weak_hcp,local_lattice_disturbance_no_DXA,157.75136551076184,157.75136551076184,0.3105301692266516,0.39733070104749585,34.0,36.0
step_20000,E4_phys001942_700k_80k,20000,4.0,C:\Users\dille\Documents\ilua-system\projects\physics_md_al_fe\runs\stageE_700k_dxa_confirm\20260625-102200\cases\E4_700k_dxa_confirm\E4_phys001942_700k_80k\production\dump.chunk0010000_0020000.lammpstrj,C:\Users\dille\Documents\ilua-system\projects\physics_md_al_fe\runs\stageE_700k_dxa_confirm\20260625-102200\cases\E4_700k_dxa_confirm\E4_phys001942_700k_80k\production\restart.20000,287.71067,8883.274,-2357181.1,26412.557,-2330768.5,8926.363,8253.994,9469.465,0.001942,surface-distance,analytic ellipsoid Fe4Al13/Al interface from Stage E geometry metadata; r is radial signed distance from ellipsoid surface into Al matrix,36-38,37.0,10028,972.807646269959,927.4489191481907,966.828637124695,955.6950675142816,51.9294721202387,976.7875158909484,7528.20498452702,8800.254340544709,5935.5479551481,7585.595701658669,10028,1.0,120.0,157.75136551076184,0,0,0,0.0,,,,,4.847923668953543,weak_hcp,local_lattice_disturbance_no_DXA,157.75136551076184,157.75136551076184,0.3105301692266516,0.39733070104749585,36.0,38.0
step_20000,E4_phys001942_700k_80k,20000,4.0,C:\Users\dille\Documents\ilua-system\projects\physics_md_al_fe\runs\stageE_700k_dxa_confirm\20260625-102200\cases\E4_700k_dxa_confirm\E4_phys001942_700k_80k\production\dump.chunk0010000_0020000.lammpstrj,C:\Users\dille\Documents\ilua-system\projects\physics_md_al_fe\runs\stageE_700k_dxa_confirm\20260625-102200\cases\E4_700k_dxa_confirm\E4_phys001942_700k_80k\production\restart.20000,287.71067,8883.274,-2357181.1,26412.557,-2330768.5,8926.363,8253.994,9469.465,0.001942,surface-distance,analytic ellipsoid Fe4Al13/Al interface from Stage E geometry metadata; r is radial signed distance from ellipsoid surface into Al matrix,38-40,39.0,10646,957.1704750761783,947.3803366731045,939.8584215337322,948.1364110943383,49.60783100396898,977.6575290824815,7519.081095797504,8837.068415842692,5847.378296274172,7487.070875071205,10646,1.0,120.0,157.75136551076184,0,0,0,0.0,,,,,4.847923668953543,weak_hcp,local_lattice_disturbance_no_DXA,157.75136551076184,157.75136551076184,0.3105301692266516,0.39733070104749585,38.0,40.0
step_20000,E4_phys001942_700k_80k,20000,4.0,C:\Users\dille\Documents\ilua-system\projects\physics_md_al_fe\runs\stageE_700k_dxa_confirm\20260625-102200\cases\E4_700k_dxa_confirm\E4_phys001942_700k_80k\production\dump.chunk0010000_0020000.lammpstrj,C:\Users\dille\Documents\ilua-system\projects\physics_md_al_fe\runs\stageE_700k_dxa_confirm\20260625-102200\cases\E4_700k_dxa_confirm\E4_phys001942_700k_80k\production\restart.20000,287.71067,8883.274,-2357181.1,26412.557,-2330768.5,8926.363,8253.994,9469.465,0.001942,surface-distance,analytic ellipsoid Fe4Al13/Al interface from Stage E geometry metadata; r is radial signed distance from ellipsoid surface into Al matrix,40-42,41.0,11114,920.8380478575287,941.4442274662805,950.4672217038383,937.5831656758825,49.65066299022801,966.0221376813013,7488.1676175231405,8876.592099692742,5867.248917798971,7436.339037664716,11114,1.0,120.0,157.75136551076184,0,0,0,0.0,,,,,4.847923668953543,weak_hcp,local_lattice_disturbance_no_DXA,157.75136551076184,157.75136551076184,0.3105301692266516,0.39733070104749585,40.0,42.0
step_20000,E4_phys001942_700k_80k,20000,4.0,C:\Users\dille\Documents\ilua-system\projects\physics_md_al_fe\runs\stageE_700k_dxa_confirm\20260625-102200\cases\E4_700k_dxa_confirm\E4_phys001942_700k_80k\production\dump.chunk0010000_0020000.lammpstrj,C:\Users\dille\Documents\ilua-system\projects\physics_md_al_fe\runs\stageE_700k_dxa_confirm\20260625-102200\cases\E4_700k_dxa_confirm\E4_phys001942_700k_80k\production\restart.20000,287.71067,8883.274,-2357181.1,26412.557,-2330768.5,8926.363,8253.994,9469.465,0.001942,surface-distance,analytic ellipsoid Fe4Al13/Al interface from Stage E geometry metadata; r is radial signed distance from ellipsoid surface into Al matrix,42-44,43.0,11716,993.6284793004536,987.1801492795632,1005.805890287871,995.5381729559626,57.72113480166167,1029.1717252904712,7589.775162040256,9059.784245619912,5924.693050855674,7475.938874216979,11716,1.0,120.0,157.75136551076184,0,0,0,0.0,,,,,4.847923668953543,weak_hcp,local_lattice_disturbance_no_DXA,157.75136551076184,157.75136551076184,0.3105301692266516,0.39733070104749585,42.0,44.0
step_20000,E4_phys001942_700k_80k,20000,4.0,C:\Users\dille\Documents\ilua-system\projects\physics_md_al_fe\runs\stageE_700k_dxa_confirm\20260625-102200\cases\E4_700k_dxa_confirm\E4_phys001942_700k_80k\production\dump.chunk0010000_0020000.lammpstrj,C:\Users\dille\Documents\ilua-system\projects\physics_md_al_fe\runs\stageE_700k_dxa_confirm\20260625-102200\cases\E4_700k_dxa_confirm\E4_phys001942_700k_80k\production\restart.20000,287.71067,8883.274,-2357181.1,26412.557,-2330768.5,8926.363,8253.994,9469.465,0.001942,surface-distance,analytic ellipsoid Fe4Al13/Al interface from Stage E geometry metadata; r is radial signed distance from ellipsoid surface into Al matrix,44-46,45.0,12312,954.8021554376534,982.5182926538233,990.9605218495452,976.0936566470073,64.93007812269639,1018.7483439490007,7549.534008106742,8938.10020724814,5881.433192941472,7390.346423973247,12312,1.0,120.0,157.75136551076184,0,0,0,0.0,,,,,4.847923668953543,weak_hcp,local_lattice_disturbance_no_DXA,157.75136551076184,157.75136551076184,0.3105301692266516,0.39733070104749585,44.0,46.0
step_20000,E4_phys001942_700k_80k,20000,4.0,C:\Users\dille\Documents\ilua-system\projects\physics_md_al_fe\runs\stageE_700k_dxa_confirm\20260625-102200\cases\E4_700k_dxa_confirm\E4_phys001942_700k_80k\production\dump.chunk0010000_0020000.lammpstrj,C:\Users\dille\Documents\ilua-system\projects\physics_md_al_fe\runs\stageE_700k_dxa_confirm\20260625-102200\cases\E4_700k_dxa_confirm\E4_phys001942_700k_80k\production\restart.20000,287.71067,8883.274,-2357181.1,26412.557,-2330768.5,8926.363,8253.994,9469.465,0.001942,surface-distance,analytic ellipsoid Fe4Al13/Al interface from Stage E geometry metadata; r is radial signed distance from ellipsoid surface into Al matrix,46-48,47.0,12842,993.7443275807508,953.4424060235601,993.5481534105699,980.2449623382936,57.5216674830589,1005.1378529606015,7515.523627337449,9011.412757517055,5932.490867021617,7449.900221624272,12842,1.0,120.0,157.75136551076184,0,0,0,0.0,,,,,4.847923668953543,weak_hcp,local_lattice_disturbance_no_DXA,157.75136551076184,157.75136551076184,0.3105301692266516,0.39733070104749585,46.0,48.0
step_20000,E4_phys001942_700k_80k,20000,4.0,C:\Users\dille\Documents\ilua-system\projects\physics_md_al_fe\runs\stageE_700k_dxa_confirm\20260625-102200\cases\E4_700k_dxa_confirm\E4_phys001942_700k_80k\production\dump.chunk0010000_0020000.lammpstrj,C:\Users\dille\Documents\ilua-system\projects\physics_md_al_fe\runs\stageE_700k_dxa_confirm\20260625-102200\cases\E4_700k_dxa_confirm\E4_phys001942_700k_80k\production\restart.20000,287.71067,8883.274,-2357181.1,26412.557,-2330768.5,8926.363,8253.994,9469.465,0.001942,surface-distance,analytic ellipsoid Fe4Al13/Al interface from Stage E geometry metadata; r is radial signed distance from ellipsoid surface into Al matrix,48-50,49.0,13208,964.7352799338414,954.8158316365351,968.7202928673393,962.757134812572,50.00596302207589,985.2261181141972,7572.276791022991,9026.988052861972,5880.150004194358,7386.2985877707415,13208,1.0,120.0,157.75136551076184,0,0,0,0.0,,,,,4.847923668953543,weak_hcp,local_lattice_disturbance_no_DXA,157.75136551076184,157.75136551076184,0.3105301692266516,0.39733070104749585,48.0,50.0
step_20000,E4_phys001942_700k_80k,20000,4.0,C:\Users\dille\Documents\ilua-system\projects\physics_md_al_fe\runs\stageE_700k_dxa_confirm\20260625-102200\cases\E4_700k_dxa_confirm\E4_phys001942_700k_80k\production\dump.chunk0010000_0020000.lammpstrj,C:\Users\dille\Documents\ilua-system\projects\physics_md_al_fe\runs\stageE_700k_dxa_confirm\20260625-102200\cases\E4_700k_dxa_confirm\E4_phys001942_700k_80k\production\restart.20000,287.71067,8883.274,-2357181.1,26412.557,-2330768.5,8926.363,8253.994,9469.465,0.001942,surface-distance,analytic ellipsoid Fe4Al13/Al interface from Stage E geometry metadata; r is radial signed distance from ellipsoid surface into Al matrix,50-55,52.5,35853,971.0479464675082,972.624936792053,976.1990241848291,973.2906358147967,37.656390609081285,991.7587189395331,7568.520123140635,8961.113845292108,5875.131878728208,7420.348670599846,35853,1.0,120.0,157.75136551076184,0,7,0,0.0,,,,,4.847923668953543,weak_hcp,local_lattice_disturbance_no_DXA,157.75136551076184,157.75136551076184,0.3105301692266516,0.39733070104749585,50.0,55.0
step_20000,E4_phys001942_700k_80k,20000,4.0,C:\Users\dille\Documents\ilua-system\projects\physics_md_al_fe\runs\stageE_700k_dxa_confirm\20260625-102200\cases\E4_700k_dxa_confirm\E4_phys001942_700k_80k\production\dump.chunk0010000_0020000.lammpstrj,C:\Users\dille\Documents\ilua-system\projects\physics_md_al_fe\runs\stageE_700k_dxa_confirm\20260625-102200\cases\E4_700k_dxa_confirm\E4_phys001942_700k_80k\production\restart.20000,287.71067,8883.274,-2357181.1,26412.557,-2330768.5,8926.363,8253.994,9469.465,0.001942,surface-distance,analytic ellipsoid Fe4Al13/Al interface from Stage E geometry metadata; r is radial signed distance from ellipsoid surface into Al matrix,55-60,57.5,39566,948.8423828631678,915.3959552192275,955.9294669712434,940.0559350178796,49.44513394304758,966.2312682546461,7540.815421587538,9004.89404919709,5889.57910978278,7475.478550938406,39566,1.0,120.0,157.75136551076184,0,2,0,0.0,,,,,4.847923668953543,weak_hcp,local_lattice_disturbance_no_DXA,157.75136551076184,157.75136551076184,0.3105301692266516,0.39733070104749585,55.0,60.0
step_20000,E4_phys001942_700k_80k,20000,4.0,C:\Users\dille\Documents\ilua-system\projects\physics_md_al_fe\runs\stageE_700k_dxa_confirm\20260625-102200\cases\E4_700k_dxa_confirm\E4_phys001942_700k_80k\production\dump.chunk0010000_0020000.lammpstrj,C:\Users\dille\Documents\ilua-system\projects\physics_md_al_fe\runs\stageE_700k_dxa_confirm\20260625-102200\cases\E4_700k_dxa_confirm\E4_phys001942_700k_80k\production\restart.20000,287.71067,8883.274,-2357181.1,26412.557,-2330768.5,8926.363,8253.994,9469.465,0.001942,surface-distance,analytic ellipsoid Fe4Al13/Al interface from Stage E geometry metadata; r is radial signed distance from ellipsoid surface into Al matrix,60-65,62.5,43027,913.8478965337167,874.5037574267658,897.3650498233045,895.2389012612624,34.76174343902787,914.1583636807696,7495.276226603462,9006.2068593334,5857.876073944595,7401.1222008001405,43027,1.0,120.0,157.75136551076184,0,0,0,0.0,,,,,4.847923668953543,weak_hcp,local_lattice_disturbance_no_DXA,157.75136551076184,157.75136551076184,0.3105301692266516,0.39733070104749585,60.0,65.0
step_20000,E4_phys001942_700k_80k,20000,4.0,C:\Users\dille\Documents\ilua-system\projects\physics_md_al_fe\runs\stageE_700k_dxa_confirm\20260625-102200\cases\E4_700k_dxa_confirm\E4_phys001942_700k_80k\production\dump.chunk0010000_0020000.lammpstrj,C:\Users\dille\Documents\ilua-system\projects\physics_md_al_fe\runs\stageE_700k_dxa_confirm\20260625-102200\cases\E4_700k_dxa_confirm\E4_phys001942_700k_80k\production\restart.20000,287.71067,8883.274,-2357181.1,26412.557,-2330768.5,8926.363,8253.994,9469.465,0.001942,surface-distance,analytic ellipsoid Fe4Al13/Al interface from Stage E geometry metadata; r is radial signed distance from ellipsoid surface into Al matrix,65-70,67.5,42892,915.2794250817577,881.5040193119253,916.7631483476027,904.5155309137621,54.222564375175466,927.6721430181257,7471.370341991243,8910.089953940296,5877.462378150282,7445.688113192936,42892,1.0,120.0,157.75136551076184,0,0,0,0.0,,,,,4.847923668953543,weak_hcp,local_lattice_disturbance_no_DXA,157.75136551076184,157.75136551076184,0.3105301692266516,0.39733070104749585,65.0,70.0
step_20000,E4_phys001942_700k_80k,20000,4.0,C:\Users\dille\Documents\ilua-system\projects\physics_md_al_fe\runs\stageE_700k_dxa_confirm\20260625-102200\cases\E4_700k_dxa_confirm\E4_phys001942_700k_80k\production\dump.chunk0010000_0020000.lammpstrj,C:\Users\dille\Documents\ilua-system\projects\physics_md_al_fe\runs\stageE_700k_dxa_confirm\20260625-102200\cases\E4_700k_dxa_confirm\E4_phys001942_700k_80k\production\restart.20000,287.71067,8883.274,-2357181.1,26412.557,-2330768.5,8926.363,8253.994,9469.465,0.001942,surface-distance,analytic ellipsoid Fe4Al13/Al interface from Stage E geometry metadata; r is radial signed distance from ellipsoid surface into Al matrix,70-75,72.5,42420,865.0169004739624,904.5098762905735,932.6171741745219,900.7146503130193,63.698755308987316,936.2365449713712,7481.5498714195055,8921.840513189747,5849.253887985664,7447.98551747734,42420,1.0,120.0,157.75136551076184,0,0,0,0.0,,,,,4.847923668953543,weak_hcp,local_lattice_disturbance_no_DXA,157.75136551076184,157.75136551076184,0.3105301692266516,0.39733070104749585,70.0,75.0
step_20000,E4_phys001942_700k_80k,20000,4.0,C:\Users\dille\Documents\ilua-system\projects\physics_md_al_fe\runs\stageE_700k_dxa_confirm\20260625-102200\cases\E4_700k_dxa_confirm\E4_phys001942_700k_80k\production\dump.chunk0010000_0020000.lammpstrj,C:\Users\dille\Documents\ilua-system\projects\physics_md_al_fe\runs\stageE_700k_dxa_confirm\20260625-102200\cases\E4_700k_dxa_confirm\E4_phys001942_700k_80k\production\restart.20000,287.71067,8883.274,-2357181.1,26412.557,-2330768.5,8926.363,8253.994,9469.465,0.001942,surface-distance,analytic ellipsoid Fe4Al13/Al interface from Stage E geometry metadata; r is radial signed distance from ellipsoid surface into Al matrix,75-80,77.5,41356,870.9744660879004,917.3854329663609,929.0525756203351,905.8041582248655,58.4132882219591,932.0780818808228,7461.482322533857,8847.887404817231,5817.693462104373,7391.389823404657,41356,1.0,120.0,157.75136551076184,0,0,0,0.0,,,,,4.847923668953543,weak_hcp,local_lattice_disturbance_no_DXA,157.75136551076184,157.75136551076184,0.3105301692266516,0.39733070104749585,75.0,80.0
step_20000,E4_phys001942_700k_80k,20000,4.0,C:\Users\dille\Documents\ilua-system\projects\physics_md_al_fe\runs\stageE_700k_dxa_confirm\20260625-102200\cases\E4_700k_dxa_confirm\E4_phys001942_700k_80k\production\dump.chunk0010000_0020000.lammpstrj,C:\Users\dille\Documents\ilua-system\projects\physics_md_al_fe\runs\stageE_700k_dxa_confirm\20260625-102200\cases\E4_700k_dxa_confirm\E4_phys001942_700k_80k\production\restart.20000,287.71067,8883.274,-2357181.1,26412.557,-2330768.5,8926.363,8253.994,9469.465,0.001942,surface-distance,analytic ellipsoid Fe4Al13/Al interface from Stage E geometry metadata; r is radial signed distance from ellipsoid surface into Al matrix,80-85,82.5,38824,928.5660968184459,938.8933663395472,902.5636853420864,923.3410495000265,52.22936977431269,956.6560065263607,7433.92193230605,8880.781108531437,5845.728052363755,7403.151835334263,38824,1.0,120.0,157.75136551076184,0,0,0,0.0,,,,,4.847923668953543,weak_hcp,local_lattice_disturbance_no_DXA,157.75136551076184,157.75136551076184,0.3105301692266516,0.39733070104749585,80.0,85.0
step_20000,E4_phys001942_700k_80k,20000,4.0,C:\Users\dille\Documents\ilua-system\projects\physics_md_al_fe\runs\stageE_700k_dxa_confirm\20260625-102200\cases\E4_700k_dxa_confirm\E4_phys001942_700k_80k\production\dump.chunk0010000_0020000.lammpstrj,C:\Users\dille\Documents\ilua-system\projects\physics_md_al_fe\runs\stageE_700k_dxa_confirm\20260625-102200\cases\E4_700k_dxa_confirm\E4_phys001942_700k_80k\production\restart.20000,287.71067,8883.274,-2357181.1,26412.557,-2330768.5,8926.363,8253.994,9469.465,0.001942,surface-distance,analytic ellipsoid Fe4Al13/Al interface from Stage E geometry metadata; r is radial signed distance from ellipsoid surface into Al matrix,85-90,87.5,36231,923.2117439356624,944.8676127900262,936.4614409875929,934.8469325710939,33.58288078647432,948.6546238403294,7439.779329648858,8833.550410231222,5941.591127287506,7575.188183454621,36231,1.0,120.0,157.75136551076184,0,1,0,0.0,,,,,4.847923668953543,weak_hcp,local_lattice_disturbance_no_DXA,157.75136551076184,157.75136551076184,0.3105301692266516,0.39733070104749585,85.0,90.0
step_20000,E4_phys001942_700k_80k,20000,4.0,C:\Users\dille\Documents\ilua-system\projects\physics_md_al_fe\runs\stageE_700k_dxa_confirm\20260625-102200\cases\E4_700k_dxa_confirm\E4_phys001942_700k_80k\production\dump.chunk0010000_0020000.lammpstrj,C:\Users\dille\Documents\ilua-system\projects\physics_md_al_fe\runs\stageE_700k_dxa_confirm\20260625-102200\cases\E4_700k_dxa_confirm\E4_phys001942_700k_80k\production\restart.20000,287.71067,8883.274,-2357181.1,26412.557,-2330768.5,8926.363,8253.994,9469.465,0.001942,surface-distance,analytic ellipsoid Fe4Al13/Al interface from Stage E geometry metadata; r is radial signed distance from ellipsoid surface into Al matrix,90-95,92.5,33193,898.8183265445892,872.4598382689088,921.4271101791142,897.5684249975375,43.87724156329536,922.5883559555167,7431.943164528698,8802.389434739594,5798.907157635754,7389.614720565752,33193,1.0,120.0,157.75136551076184,0,0,0,0.0,,,,,4.847923668953543,weak_hcp,local_lattice_disturbance_no_DXA,157.75136551076184,157.75136551076184,0.3105301692266516,0.39733070104749585,90.0,95.0
step_20000,E4_phys001942_700k_80k,20000,4.0,C:\Users\dille\Documents\ilua-system\projects\physics_md_al_fe\runs\stageE_700k_dxa_confirm\20260625-102200\cases\E4_700k_dxa_confirm\E4_phys001942_700k_80k\production\dump.chunk0010000_0020000.lammpstrj,C:\Users\dille\Documents\ilua-system\projects\physics_md_al_fe\runs\stageE_700k_dxa_confirm\20260625-102200\cases\E4_700k_dxa_confirm\E4_phys001942_700k_80k\production\restart.20000,287.71067,8883.274,-2357181.1,26412.557,-2330768.5,8926.363,8253.994,9469.465,0.001942,surface-distance,analytic ellipsoid Fe4Al13/Al interface from Stage E geometry metadata; r is radial signed distance from ellipsoid surface into Al matrix,95-100,97.5,29554,892.6507080718102,872.9254562676941,878.9418527321859,881.5060056905635,30.26835300598607,900.0200794055525,7433.497181062898,8781.58884241988,5828.111510579492,7353.881599553468,29554,1.0,120.0,157.75136551076184,0,0,0,0.0,,,,,4.847923668953543,weak_hcp,local_lattice_disturbance_no_DXA,157.75136551076184,157.75136551076184,0.3105301692266516,0.39733070104749585,95.0,100.0
step_20000,E4_phys001942_700k_80k,20000,4.0,C:\Users\dille\Documents\ilua-system\projects\physics_md_al_fe\runs\stageE_700k_dxa_confirm\20260625-102200\cases\E4_700k_dxa_confirm\E4_phys001942_700k_80k\production\dump.chunk0010000_0020000.lammpstrj,C:\Users\dille\Documents\ilua-system\projects\physics_md_al_fe\runs\stageE_700k_dxa_confirm\20260625-102200\cases\E4_700k_dxa_confirm\E4_phys001942_700k_80k\production\restart.20000,287.71067,8883.274,-2357181.1,26412.557,-2330768.5,8926.363,8253.994,9469.465,0.001942,surface-distance,analytic ellipsoid Fe4Al13/Al interface from Stage E geometry metadata; r is radial signed distance from ellipsoid surface into Al matrix,100-105,102.5,25620,929.4678176367074,918.0739658065719,904.4865997928305,917.3427944120366,45.19397529575474,942.4726228717129,7429.051186864962,8858.73906388334,5877.443423662342,7455.241175115217,25620,1.0,120.0,157.75136551076184,0,0,0,0.0,,,,,4.847923668953543,weak_hcp,local_lattice_disturbance_no_DXA,157.75136551076184,157.75136551076184,0.3105301692266516,0.39733070104749585,100.0,105.0
step_20000,E4_phys001942_700k_80k,20000,4.0,C:\Users\dille\Documents\ilua-system\projects\physics_md_al_fe\runs\stageE_700k_dxa_confirm\20260625-102200\cases\E4_700k_dxa_confirm\E4_phys001942_700k_80k\production\dump.chunk0010000_0020000.lammpstrj,C:\Users\dille\Documents\ilua-system\projects\physics_md_al_fe\runs\stageE_700k_dxa_confirm\20260625-102200\cases\E4_700k_dxa_confirm\E4_phys001942_700k_80k\production\restart.20000,287.71067,8883.274,-2357181.1,26412.557,-2330768.5,8926.363,8253.994,9469.465,0.001942,surface-distance,analytic ellipsoid Fe4Al13/Al interface from Stage E geometry metadata; r is radial signed distance from ellipsoid surface into Al matrix,105-110,107.5,21732,936.2059303418606,918.5221383859716,944.3899642770108,933.0393443349476,29.814783198229367,951.3583314644989,7408.312571936482,8892.668194702814,5912.860335677405,7564.268593211279,21732,1.0,120.0,157.75136551076184,0,0,0,0.0,,,,,4.847923668953543,weak_hcp,local_lattice_disturbance_no_DXA,157.75136551076184,157.75136551076184,0.3105301692266516,0.39733070104749585,105.0,110.0
step_20000,E4_phys001942_700k_80k,20000,4.0,C:\Users\dille\Documents\ilua-system\projects\physics_md_al_fe\runs\stageE_700k_dxa_confirm\20260625-102200\cases\E4_700k_dxa_confirm\E4_phys001942_700k_80k\production\dump.chunk0010000_0020000.lammpstrj,C:\Users\dille\Documents\ilua-system\projects\physics_md_al_fe\runs\stageE_700k_dxa_confirm\20260625-102200\cases\E4_700k_dxa_confirm\E4_phys001942_700k_80k\production\restart.20000,287.71067,8883.274,-2357181.1,26412.557,-2330768.5,8926.363,8253.994,9469.465,0.001942,surface-distance,analytic ellipsoid Fe4Al13/Al interface from Stage E geometry metadata; r is radial signed distance from ellipsoid surface into Al matrix,110-115,112.5,18371,984.900845450327,950.1730975571205,981.4442005871017,972.1727145315164,63.81888812232465,1012.8300349867825,7413.9575719717795,8809.685784696361,5916.146983713394,7497.468765598833,18371,1.0,120.0,157.75136551076184,0,0,0,0.0,,,,,4.847923668953543,weak_hcp,local_lattice_disturbance_no_DXA,157.75136551076184,157.75136551076184,0.3105301692266516,0.39733070104749585,110.0,115.0
step_20000,E4_phys001942_700k_80k,20000,4.0,C:\Users\dille\Documents\ilua-system\projects\physics_md_al_fe\runs\stageE_700k_dxa_confirm\20260625-102200\cases\E4_700k_dxa_confirm\E4_phys001942_700k_80k\production\dump.chunk0010000_0020000.lammpstrj,C:\Users\dille\Documents\ilua-system\projects\physics_md_al_fe\runs\stageE_700k_dxa_confirm\20260625-102200\cases\E4_700k_dxa_confirm\E4_phys001942_700k_80k\production\restart.20000,287.71067,8883.274,-2357181.1,26412.557,-2330768.5,8926.363,8253.994,9469.465,0.001942,surface-distance,analytic ellipsoid Fe4Al13/Al interface from Stage E geometry metadata; r is radial signed distance from ellipsoid surface into Al matrix,115-120,117.5,14882,890.9344538927255,873.7443262713616,921.4869886647465,895.3885896096112,66.48886295105886,939.0504167212027,7354.641728612067,8686.780456139457,5811.816367383116,7372.760269542672,14882,1.0,120.0,157.75136551076184,0,0,0,0.0,,,,,4.847923668953543,weak_hcp,local_lattice_disturbance_no_DXA,157.75136551076184,157.75136551076184,0.3105301692266516,0.39733070104749585,115.0,120.0
step_20000,E4_phys001942_700k_80k,20000,4.0,C:\Users\dille\Documents\ilua-system\projects\physics_md_al_fe\runs\stageE_700k_dxa_confirm\20260625-102200\cases\E4_700k_dxa_confirm\E4_phys001942_700k_80k\production\dump.chunk0010000_0020000.lammpstrj,C:\Users\dille\Documents\ilua-system\projects\physics_md_al_fe\runs\stageE_700k_dxa_confirm\20260625-102200\cases\E4_700k_dxa_confirm\E4_phys001942_700k_80k\production\restart.20000,287.71067,8883.274,-2357181.1,26412.557,-2330768.5,8926.363,8253.994,9469.465,0.001942,surface-distance,analytic ellipsoid Fe4Al13/Al interface from Stage E geometry metadata; r is radial signed distance from ellipsoid surface into Al matrix,120-125,122.5,11001,853.6040864444266,824.5114705118473,882.1276085142099,853.4143884901613,76.91070156212916,901.930336206413,7334.97630944045,8862.954980905688,5772.369671058823,7258.425594823095,11001,1.0,120.0,157.75136551076184,0,0,0,0.0,,,,,4.847923668953543,weak_hcp,local_lattice_disturbance_no_DXA,157.75136551076184,157.75136551076184,0.3105301692266516,0.39733070104749585,120.0,125.0
step_20000,E4_phys001942_700k_80k,20000,4.0,C:\Users\dille\Documents\ilua-system\projects\physics_md_al_fe\runs\stageE_700k_dxa_confirm\20260625-102200\cases\E4_700k_dxa_confirm\E4_phys001942_700k_80k\production\dump.chunk0010000_0020000.lammpstrj,C:\Users\dille\Documents\ilua-system\projects\physics_md_al_fe\runs\stageE_700k_dxa_confirm\20260625-102200\cases\E4_700k_dxa_confirm\E4_phys001942_700k_80k\production\restart.20000,287.71067,8883.274,-2357181.1,26412.557,-2330768.5,8926.363,8253.994,9469.465,0.001942,surface-distance,analytic ellipsoid Fe4Al13/Al interface from Stage E geometry metadata; r is radial signed distance from ellipsoid surface into Al matrix,125-130,127.5,7434,978.6162776971131,910.9899287960852,908.0580160717013,932.5547408549666,92.47603110553327,993.0665035573614,7466.064914012177,8784.938385127798,5798.18448017489,7436.334223826511,7434,1.0,120.0,157.75136551076184,0,0,0,0.0,,,,,4.847923668953543,weak_hcp,local_lattice_disturbance_no_DXA,157.75136551076184,157.75136551076184,0.3105301692266516,0.39733070104749585,125.0,130.0
step_20000,E4_phys001942_700k_80k,20000,4.0,C:\Users\dille\Documents\ilua-system\projects\physics_md_al_fe\runs\stageE_700k_dxa_confirm\20260625-102200\cases\E4_700k_dxa_confirm\E4_phys001942_700k_80k\production\dump.chunk0010000_0020000.lammpstrj,C:\Users\dille\Documents\ilua-system\projects\physics_md_al_fe\runs\stageE_700k_dxa_confirm\20260625-102200\cases\E4_700k_dxa_confirm\E4_phys001942_700k_80k\production\restart.20000,287.71067,8883.274,-2357181.1,26412.557,-2330768.5,8926.363,8253.994,9469.465,0.001942,surface-distance,analytic ellipsoid Fe4Al13/Al interface from Stage E geometry metadata; r is radial signed distance from ellipsoid surface into Al matrix,130-135,132.5,4667,766.7379381990659,799.7979844109142,809.4933997631279,792.0097741243693,42.16228062750029,811.291251543148,7456.485033773486,8851.796985198553,5755.701154536496,7126.555310974121,4667,1.0,120.0,157.75136551076184,0,0,0,0.0,,,,,4.847923668953543,weak_hcp,local_lattice_disturbance_no_DXA,157.75136551076184,157.75136551076184,0.3105301692266516,0.39733070104749585,130.0,135.0
step_20000,E4_phys001942_700k_80k,20000,4.0,C:\Users\dille\Documents\ilua-system\projects\physics_md_al_fe\runs\stageE_700k_dxa_confirm\20260625-102200\cases\E4_700k_dxa_confirm\E4_phys001942_700k_80k\production\dump.chunk0010000_0020000.lammpstrj,C:\Users\dille\Documents\ilua-system\projects\physics_md_al_fe\runs\stageE_700k_dxa_confirm\20260625-102200\cases\E4_700k_dxa_confirm\E4_phys001942_700k_80k\production\restart.20000,287.71067,8883.274,-2357181.1,26412.557,-2330768.5,8926.363,8253.994,9469.465,0.001942,surface-distance,analytic ellipsoid Fe4Al13/Al interface from Stage E geometry metadata; r is radial signed distance from ellipsoid surface into Al matrix,135-140,137.5,2867,791.9873630591815,834.8045083077654,731.7606976294988,786.1841896654819,100.84565389395898,844.2699016615397,7252.859218013186,8674.509426072475,5758.522665455712,7222.570924396068,2867,1.0,120.0,157.75136551076184,0,0,0,0.0,,,,,4.847923668953543,weak_hcp,local_lattice_disturbance_no_DXA,157.75136551076184,157.75136551076184,0.3105301692266516,0.39733070104749585,135.0,140.0
step_20000,E4_phys001942_700k_80k,20000,4.0,C:\Users\dille\Documents\ilua-system\projects\physics_md_al_fe\runs\stageE_700k_dxa_confirm\20260625-102200\cases\E4_700k_dxa_confirm\E4_phys001942_700k_80k\production\dump.chunk0010000_0020000.lammpstrj,C:\Users\dille\Documents\ilua-system\projects\physics_md_al_fe\runs\stageE_700k_dxa_confirm\20260625-102200\cases\E4_700k_dxa_confirm\E4_phys001942_700k_80k\production\restart.20000,287.71067,8883.274,-2357181.1,26412.557,-2330768.5,8926.363,8253.994,9469.465,0.001942,surface-distance,analytic ellipsoid Fe4Al13/Al interface from Stage E geometry metadata; r is radial signed distance from ellipsoid surface into Al matrix,140-145,142.5,1582,868.8604104897964,946.5873544408292,860.616319248483,892.0213613930363,105.73466025180785,951.6322386657847,7279.488762193913,9159.775796481064,6070.797553418554,7826.29543450749,1582,1.0,120.0,157.75136551076184,0,0,0,0.0,,,,,4.847923668953543,weak_hcp,local_lattice_disturbance_no_DXA,157.75136551076184,157.75136551076184,0.3105301692266516,0.39733070104749585,140.0,145.0
step_20000,E4_phys001942_700k_80k,20000,4.0,C:\Users\dille\Documents\ilua-system\projects\physics_md_al_fe\runs\stageE_700k_dxa_confirm\20260625-102200\cases\E4_700k_dxa_confirm\E4_phys001942_700k_80k\production\dump.chunk0010000_0020000.lammpstrj,C:\Users\dille\Documents\ilua-system\projects\physics_md_al_fe\runs\stageE_700k_dxa_confirm\20260625-102200\cases\E4_700k_dxa_confirm\E4_phys001942_700k_80k\production\restart.20000,287.71067,8883.274,-2357181.1,26412.557,-2330768.5,8926.363,8253.994,9469.465,0.001942,surface-distance,analytic ellipsoid Fe4Al13/Al interface from Stage E geometry metadata; r is radial signed distance from ellipsoid surface into Al matrix,145-150,147.5,674,1388.8752163712752,1176.5896453128505,1183.4578876444202,1249.6409164428487,242.65545879231274,1408.375165526587,7829.461788312253,9480.814026413193,6351.970834454233,7600.2857306778205,674,1.0,120.0,157.75136551076184,0,0,0,0.0,,,,,4.847923668953543,weak_hcp,local_lattice_disturbance_no_DXA,157.75136551076184,157.75136551076184,0.3105301692266516,0.39733070104749585,145.0,150.0
step_20000,E4_phys001942_700k_80k,20000,4.0,C:\Users\dille\Documents\ilua-system\projects\physics_md_al_fe\runs\stageE_700k_dxa_confirm\20260625-102200\cases\E4_700k_dxa_confirm\E4_phys001942_700k_80k\production\dump.chunk0010000_0020000.lammpstrj,C:\Users\dille\Documents\ilua-system\projects\physics_md_al_fe\runs\stageE_700k_dxa_confirm\20260625-102200\cases\E4_700k_dxa_confirm\E4_phys001942_700k_80k\production\restart.20000,287.71067,8883.274,-2357181.1,26412.557,-2330768.5,8926.363,8253.994,9469.465,0.001942,surface-distance,analytic ellipsoid Fe4Al13/Al interface from Stage E geometry metadata; r is radial signed distance from ellipsoid surface into Al matrix,150-155,152.5,212,986.0979253483142,1345.2844382455587,999.7087903320788,1110.3637179753173,591.3466722053619,1485.4777232029314,6757.859892472257,8219.149682145457,5876.706605551746,6364.404978543517,212,1.0,120.0,157.75136551076184,0,0,0,0.0,,,,,4.847923668953543,weak_hcp,local_lattice_disturbance_no_DXA,157.75136551076184,157.75136551076184,0.3105301692266516,0.39733070104749585,150.0,155.0
step_20000,E4_phys001942_700k_80k,20000,4.0,C:\Users\dille\Documents\ilua-system\projects\physics_md_al_fe\runs\stageE_700k_dxa_confirm\20260625-102200\cases\E4_700k_dxa_confirm\E4_phys001942_700k_80k\production\dump.chunk0010000_0020000.lammpstrj,C:\Users\dille\Documents\ilua-system\projects\physics_md_al_fe\runs\stageE_700k_dxa_confirm\20260625-102200\cases\E4_700k_dxa_confirm\E4_phys001942_700k_80k\production\restart.20000,287.71067,8883.274,-2357181.1,26412.557,-2330768.5,8926.363,8253.994,9469.465,0.001942,surface-distance,analytic ellipsoid Fe4Al13/Al interface from Stage E geometry metadata; r is radial signed distance from ellipsoid surface into Al matrix,155-157.751,156.37568275538092,18,1327.221894651,712.751847976875,2233.843635032675,1424.6057925535167,1475.9219015002873,2356.077324045357,7574.880595798027,7671.7984231476685,5076.064221086324,5886.143172589386,18,1.0,120.0,157.75136551076184,0,0,0,0.0,,,,,4.847923668953543,weak_hcp,local_lattice_disturbance_no_DXA,157.75136551076184,157.75136551076184,0.3105301692266516,0.39733070104749585,155.0,157.75136551076184
step_30000,E4_phys001942_700k_80k,30000,6.0,C:\Users\dille\Documents\ilua-system\projects\physics_md_al_fe\runs\stageE_700k_dxa_confirm\20260625-102200\cases\E4_700k_dxa_confirm\E4_phys001942_700k_80k\production\dump.chunk0020000_0030000.lammpstrj,C:\Users\dille\Documents\ilua-system\projects\physics_md_al_fe\runs\stageE_700k_dxa_confirm\20260625-102200\cases\E4_700k_dxa_confirm\E4_phys001942_700k_80k\production\restart.30000,286.84079,8874.8527,-2357136.9,26332.7,-2330804.2,8924.7837,8256.1721,9443.6024,0.001942,surface-distance,analytic ellipsoid Fe4Al13/Al interface from Stage E geometry metadata; r is radial signed distance from ellipsoid surface into Al matrix,0-2,1.0,374,-2590.087223483948,-1496.0294054158967,-3082.514913530522,-2389.543847476789,1555.222024899358,-1484.2075484620627,23376.365329048516,33063.981872531185,15957.95489050151,24449.570903630818,374,1.0,120.0,157.80153788152887,0,374,0,0.0,,,,,4.931511647557984,weak_hcp,local_lattice_disturbance_no_DXA,157.80153788152887,157.80153788152887,0.32271814327675924,0.4144679101078789,0.0,2.0
step_30000,E4_phys001942_700k_80k,30000,6.0,C:\Users\dille\Documents\ilua-system\projects\physics_md_al_fe\runs\stageE_700k_dxa_confirm\20260625-102200\cases\E4_700k_dxa_confirm\E4_phys001942_700k_80k\production\dump.chunk0020000_0030000.lammpstrj,C:\Users\dille\Documents\ilua-system\projects\physics_md_al_fe\runs\stageE_700k_dxa_confirm\20260625-102200\cases\E4_700k_dxa_confirm\E4_phys001942_700k_80k\production\restart.30000,286.84079,8874.8527,-2357136.9,26332.7,-2330804.2,8924.7837,8256.1721,9443.6024,0.001942,surface-distance,analytic ellipsoid Fe4Al13/Al interface from Stage E geometry metadata; r is radial signed distance from ellipsoid surface into Al matrix,2-4,3.0,3423,-495.40312096158726,-347.79000556460903,-929.382981093167,-590.8587025397877,588.6017546898395,-270.30906515278673,20179.17019633461,26677.709447646466,13883.596790782269,18328.62158030977,3423,1.0,120.0,157.80153788152887,0,3387,0,0.0,,,,,4.931511647557984,weak_hcp,local_lattice_disturbance_no_DXA,157.80153788152887,157.80153788152887,0.32271814327675924,0.4144679101078789,2.0,4.0
step_30000,E4_phys001942_700k_80k,30000,6.0,C:\Users\dille\Documents\ilua-system\projects\physics_md_al_fe\runs\stageE_700k_dxa_confirm\20260625-102200\cases\E4_700k_dxa_confirm\E4_phys001942_700k_80k\production\dump.chunk0020000_0030000.lammpstrj,C:\Users\dille\Documents\ilua-system\projects\physics_md_al_fe\runs\stageE_700k_dxa_confirm\20260625-102200\cases\E4_700k_dxa_confirm\E4_phys001942_700k_80k\production\restart.30000,286.84079,8874.8527,-2357136.9,26332.7,-2330804.2,8924.7837,8256.1721,9443.6024,0.001942,surface-distance,analytic ellipsoid Fe4Al13/Al interface from Stage E geometry metadata; r is radial signed distance from ellipsoid surface into Al matrix,4-6,5.0,3639,34.80120632018512,-25.538782579107384,-13.390484657477053,-1.3760203054664377,87.59978809671188,48.78445101707484,13336.76900512123,17575.52778090168,9858.433766230182,13408.821166457818,3639,1.0,120.0,157.80153788152887,0,2789,0,0.0,,,,,4.931511647557984,weak_hcp,local_lattice_disturbance_no_DXA,157.80153788152887,157.80153788152887,0.32271814327675924,0.4144679101078789,4.0,6.0
step_30000,E4_phys001942_700k_80k,30000,6.0,C:\Users\dille\Documents\ilua-system\projects\physics_md_al_fe\runs\stageE_700k_dxa_confirm\20260625-102200\cases\E4_700k_dxa_confirm\E4_phys001942_700k_80k\production\dump.chunk0020000_0030000.lammpstrj,C:\Users\dille\Documents\ilua-system\projects\physics_md_al_fe\runs\stageE_700k_dxa_confirm\20260625-102200\cases\E4_700k_dxa_confirm\E4_phys001942_700k_80k\production\restart.30000,286.84079,8874.8527,-2357136.9,26332.7,-2330804.2,8924.7837,8256.1721,9443.6024,0.001942,surface-distance,analytic ellipsoid Fe4Al13/Al interface from Stage E geometry metadata; r is radial signed distance from ellipsoid surface into Al matrix,6-8,7.0,3997,700.777828123119,654.9485695920768,704.1556225474831,686.6273400875594,61.19770400248555,714.6619641363574,10142.039309224618,12316.974831583288,7342.727936427285,9829.814294628623,3997,1.0,120.0,157.80153788152887,0,1069,0,0.0,,,,,4.931511647557984,weak_hcp,local_lattice_disturbance_no_DXA,157.80153788152887,157.80153788152887,0.32271814327675924,0.4144679101078789,6.0,8.0
step_30000,E4_phys001942_700k_80k,30000,6.0,C:\Users\dille\Documents\ilua-system\projects\physics_md_al_fe\runs\stageE_700k_dxa_confirm\20260625-102200\cases\E4_700k_dxa_confirm\E4_phys001942_700k_80k\production\dump.chunk0020000_0030000.lammpstrj,C:\Users\dille\Documents\ilua-system\projects\physics_md_al_fe\runs\stageE_700k_dxa_confirm\20260625-102200\cases\E4_700k_dxa_confirm\E4_phys001942_700k_80k\production\restart.30000,286.84079,8874.8527,-2357136.9,26332.7,-2330804.2,8924.7837,8256.1721,9443.6024,0.001942,surface-distance,analytic ellipsoid Fe4Al13/Al interface from Stage E geometry metadata; r is radial signed distance from ellipsoid surface into Al matrix,8-10,9.0,4411,1005.6149904594815,969.484704848595,1119.2313887893793,1031.443694699152,174.91503112025472,1119.3205703975002,8762.119773930313,10720.476181309938,6759.411091665666,8419.384972559552,4411,1.0,120.0,157.80153788152887,0,90,0,0.0,,,,,4.931511647557984,weak_hcp,local_lattice_disturbance_no_DXA,157.80153788152887,157.80153788152887,0.32271814327675924,0.4144679101078789,8.0,10.0
step_30000,E4_phys001942_700k_80k,30000,6.0,C:\Users\dille\Documents\ilua-system\projects\physics_md_al_fe\runs\stageE_700k_dxa_confirm\20260625-102200\cases\E4_700k_dxa_confirm\E4_phys001942_700k_80k\production\dump.chunk0020000_0030000.lammpstrj,C:\Users\dille\Documents\ilua-system\projects\physics_md_al_fe\runs\stageE_700k_dxa_confirm\20260625-102200\cases\E4_700k_dxa_confirm\E4_phys001942_700k_80k\production\restart.30000,286.84079,8874.8527,-2357136.9,26332.7,-2330804.2,8924.7837,8256.1721,9443.6024,0.001942,surface-distance,analytic ellipsoid Fe4Al13/Al interface from Stage E geometry metadata; r is radial signed distance from ellipsoid surface into Al matrix,10-12,11.0,4827,1055.3040054466317,1058.712534169104,1216.4500821467493,1110.155540587495,179.33912742218936,1217.096823920028,8105.0606120988205,9672.641994164287,6444.610142103576,8074.289335699782,4827,1.0,120.0,157.80153788152887,0,1,0,0.0,,,,,4.931511647557984,weak_hcp,local_lattice_disturbance_no_DXA,157.80153788152887,157.80153788152887,0.32271814327675924,0.4144679101078789,10.0,12.0
step_30000,E4_phys001942_700k_80k,30000,6.0,C:\Users\dille\Documents\ilua-system\projects\physics_md_al_fe\runs\stageE_700k_dxa_confirm\20260625-102200\cases\E4_700k_dxa_confirm\E4_phys001942_700k_80k\production\dump.chunk0020000_0030000.lammpstrj,C:\Users\dille\Documents\ilua-system\projects\physics_md_al_fe\runs\stageE_700k_dxa_confirm\20260625-102200\cases\E4_700k_dxa_confirm\E4_phys001942_700k_80k\production\restart.30000,286.84079,8874.8527,-2357136.9,26332.7,-2330804.2,8924.7837,8256.1721,9443.6024,0.001942,surface-distance,analytic ellipsoid Fe4Al13/Al interface from Stage E geometry metadata; r is radial signed distance from ellipsoid surface into Al matrix,12-14,13.0,5096,989.5035146102473,1053.5134283489326,1172.8960206139354,1071.970987857705,164.14182798411284,1173.4361747598552,7792.20952752222,9256.418097430518,6255.311971901847,7725.073053334636,5096,1.0,120.0,157.80153788152887,0,0,0,0.0,,,,,4.931511647557984,weak_hcp,local_lattice_disturbance_no_DXA,157.80153788152887,157.80153788152887,0.32271814327675924,0.4144679101078789,12.0,14.0
step_30000,E4_phys001942_700k_80k,30000,6.0,C:\Users\dille\Documents\ilua-system\projects\physics_md_al_fe\runs\stageE_700k_dxa_confirm\20260625-102200\cases\E4_700k_dxa_confirm\E4_phys001942_700k_80k\production\dump.chunk0020000_0030000.lammpstrj,C:\Users\dille\Documents\ilua-system\projects\physics_md_al_fe\runs\stageE_700k_dxa_confirm\20260625-102200\cases\E4_700k_dxa_confirm\E4_phys001942_700k_80k\production\restart.30000,286.84079,8874.8527,-2357136.9,26332.7,-2330804.2,8924.7837,8256.1721,9443.6024,0.001942,surface-distance,analytic ellipsoid Fe4Al13/Al interface from Stage E geometry metadata; r is radial signed distance from ellipsoid surface into Al matrix,14-16,15.0,5419,1050.2388858703605,1031.3520364319381,1128.703720647416,1070.0982143165716,105.61213051208445,1136.9919042759748,7765.559880472466,9339.479356768368,6095.7813737141,7537.762998312481,5419,1.0,120.0,157.80153788152887,0,0,0,0.0,,,,,4.931511647557984,weak_hcp,local_lattice_disturbance_no_DXA,157.80153788152887,157.80153788152887,0.32271814327675924,0.4144679101078789,14.0,16.0
step_30000,E4_phys001942_700k_80k,30000,6.0,C:\Users\dille\Documents\ilua-system\projects\physics_md_al_fe\runs\stageE_700k_dxa_confirm\20260625-102200\cases\E4_700k_dxa_confirm\E4_phys001942_700k_80k\production\dump.chunk0020000_0030000.lammpstrj,C:\Users\dille\Documents\ilua-system\projects\physics_md_al_fe\runs\stageE_700k_dxa_confirm\20260625-102200\cases\E4_700k_dxa_confirm\E4_phys001942_700k_80k\production\restart.30000,286.84079,8874.8527,-2357136.9,26332.7,-2330804.2,8924.7837,8256.1721,9443.6024,0.001942,surface-distance,analytic ellipsoid Fe4Al13/Al interface from Stage E geometry metadata; r is radial signed distance from ellipsoid surface into Al matrix,16-18,17.0,5909,1017.9129296868396,955.1308860866197,1098.9673010679517,1024.0037056138037,139.4589986289197,1109.0544115711132,7618.340249784438,9022.29383391137,5938.924862650467,7576.986152025035,5909,1.0,120.0,157.80153788152887,0,0,0,0.0,,,,,4.931511647557984,weak_hcp,local_lattice_disturbance_no_DXA,157.80153788152887,157.80153788152887,0.32271814327675924,0.4144679101078789,16.0,18.0
step_30000,E4_phys001942_700k_80k,30000,6.0,C:\Users\dille\Documents\ilua-system\projects\physics_md_al_fe\runs\stageE_700k_dxa_confirm\20260625-102200\cases\E4_700k_dxa_confirm\E4_phys001942_700k_80k\production\dump.chunk0020000_0030000.lammpstrj,C:\Users\dille\Documents\ilua-system\projects\physics_md_al_fe\runs\stageE_700k_dxa_confirm\20260625-102200\cases\E4_700k_dxa_confirm\E4_phys001942_700k_80k\production\restart.30000,286.84079,8874.8527,-2357136.9,26332.7,-2330804.2,8924.7837,8256.1721,9443.6024,0.001942,surface-distance,analytic ellipsoid Fe4Al13/Al interface from Stage E geometry metadata; r is radial signed distance from ellipsoid surface into Al matrix,18-20,19.0,6180,955.122525972647,907.3337929846014,1055.077581024343,972.5112999938638,148.7696623182271,1060.8682988566047,7611.343695206687,9077.606930790085,5954.202480795796,7516.623629555194,6180,1.0,120.0,157.80153788152887,0,0,0,0.0,,,,,4.931511647557984,weak_hcp,local_lattice_disturbance_no_DXA,157.80153788152887,157.80153788152887,0.32271814327675924,0.4144679101078789,18.0,20.0
step_30000,E4_phys001942_700k_80k,30000,6.0,C:\Users\dille\Documents\ilua-system\projects\physics_md_al_fe\runs\stageE_700k_dxa_confirm\20260625-102200\cases\E4_700k_dxa_confirm\E4_phys001942_700k_80k\production\dump.chunk0020000_0030000.lammpstrj,C:\Users\dille\Documents\ilua-system\projects\physics_md_al_fe\runs\stageE_700k_dxa_confirm\20260625-102200\cases\E4_700k_dxa_confirm\E4_phys001942_700k_80k\production\restart.30000,286.84079,8874.8527,-2357136.9,26332.7,-2330804.2,8924.7837,8256.1721,9443.6024,0.001942,surface-distance,analytic ellipsoid Fe4Al13/Al interface from Stage E geometry metadata; r is radial signed distance from ellipsoid surface into Al matrix,20-22,21.0,6558,906.8360824662404,922.394554771387,1016.0936232827904,948.4414201734726,157.90181047048722,1041.9790629249726,7665.340059043211,9078.923367742304,5931.300043795101,7557.806015418088,6558,1.0,120.0,157.80153788152887,0,0,0,0.0,,,,,4.931511647557984,weak_hcp,local_lattice_disturbance_no_DXA,157.80153788152887,157.80153788152887,0.32271814327675924,0.4144679101078789,20.0,22.0
step_30000,E4_phys001942_700k_80k,30000,6.0,C:\Users\dille\Documents\ilua-system\projects\physics_md_al_fe\runs\stageE_700k_dxa_confirm\20260625-102200\cases\E4_700k_dxa_confirm\E4_phys001942_700k_80k\production\dump.chunk0020000_0030000.lammpstrj,C:\Users\dille\Documents\ilua-system\projects\physics_md_al_fe\runs\stageE_700k_dxa_confirm\20260625-102200\cases\E4_700k_dxa_confirm\E4_phys001942_700k_80k\production\restart.30000,286.84079,8874.8527,-2357136.9,26332.7,-2330804.2,8924.7837,8256.1721,9443.6024,0.001942,surface-distance,analytic ellipsoid Fe4Al13/Al interface from Stage E geometry metadata; r is radial signed distance from ellipsoid surface into Al matrix,22-24,23.0,6903,882.2512552557226,873.4235694701729,954.0513593161352,903.2420613473436,96.18353509328247,962.1465459891612,7586.947432043256,9165.213686106283,5958.277093973329,7414.241113374405,6903,1.0,120.0,157.80153788152887,0,0,0,0.0,,,,,4.931511647557984,weak_hcp,local_lattice_disturbance_no_DXA,157.80153788152887,157.80153788152887,0.32271814327675924,0.4144679101078789,22.0,24.0
step_30000,E4_phys001942_700k_80k,30000,6.0,C:\Users\dille\Documents\ilua-system\projects\physics_md_al_fe\runs\stageE_700k_dxa_confirm\20260625-102200\cases\E4_700k_dxa_confirm\E4_phys001942_700k_80k\production\dump.chunk0020000_0030000.lammpstrj,C:\Users\dille\Documents\ilua-system\projects\physics_md_al_fe\runs\stageE_700k_dxa_confirm\20260625-102200\cases\E4_700k_dxa_confirm\E4_phys001942_700k_80k\production\restart.30000,286.84079,8874.8527,-2357136.9,26332.7,-2330804.2,8924.7837,8256.1721,9443.6024,0.001942,surface-distance,analytic ellipsoid Fe4Al13/Al interface from Stage E geometry metadata; r is radial signed distance from ellipsoid surface into Al matrix,24-26,25.0,7500,769.385066014334,754.1726080432392,855.1951920538377,792.917622037137,94.99161338271044,855.6006704300266,7570.543170498475,9103.970367066151,5745.6260920336435,7275.896818866478,7500,1.0,120.0,157.80153788152887,0,0,0,0.0,,,,,4.931511647557984,weak_hcp,local_lattice_disturbance_no_DXA,157.80153788152887,157.80153788152887,0.32271814327675924,0.4144679101078789,24.0,26.0
step_30000,E4_phys001942_700k_80k,30000,6.0,C:\Users\dille\Documents\ilua-system\projects\physics_md_al_fe\runs\stageE_700k_dxa_confirm\20260625-102200\cases\E4_700k_dxa_confirm\E4_phys001942_700k_80k\production\dump.chunk0020000_0030000.lammpstrj,C:\Users\dille\Documents\ilua-system\projects\physics_md_al_fe\runs\stageE_700k_dxa_confirm\20260625-102200\cases\E4_700k_dxa_confirm\E4_phys001942_700k_80k\production\restart.30000,286.84079,8874.8527,-2357136.9,26332.7,-2330804.2,8924.7837,8256.1721,9443.6024,0.001942,surface-distance,analytic ellipsoid Fe4Al13/Al interface from Stage E geometry metadata; r is radial signed distance from ellipsoid surface into Al matrix,26-28,27.0,7857,761.0886618319579,735.5261728031992,843.5831522619225,780.0659956323598,111.72064883858722,852.8462637524393,7646.23324757208,9059.916196434962,5799.532956602691,7451.359416330831,7857,1.0,120.0,157.80153788152887,0,0,0,0.0,,,,,4.931511647557984,weak_hcp,local_lattice_disturbance_no_DXA,157.80153788152887,157.80153788152887,0.32271814327675924,0.4144679101078789,26.0,28.0
step_30000,E4_phys001942_700k_80k,30000,6.0,C:\Users\dille\Documents\ilua-system\projects\physics_md_al_fe\runs\stageE_700k_dxa_confirm\20260625-102200\cases\E4_700k_dxa_confirm\E4_phys001942_700k_80k\production\dump.chunk0020000_0030000.lammpstrj,C:\Users\dille\Documents\ilua-system\projects\physics_md_al_fe\runs\stageE_700k_dxa_confirm\20260625-102200\cases\E4_700k_dxa_confirm\E4_phys001942_700k_80k\production\restart.30000,286.84079,8874.8527,-2357136.9,26332.7,-2330804.2,8924.7837,8256.1721,9443.6024,0.001942,surface-distance,analytic ellipsoid Fe4Al13/Al interface from Stage E geometry metadata; r is radial signed distance from ellipsoid surface into Al matrix,28-30,29.0,8215,796.6569604517674,696.987440629281,850.5946115157427,781.4130041989303,144.59812703396057,858.8955908418357,7628.247937338902,8976.220139328696,5766.663467593918,7280.711258803485,8215,1.0,120.0,157.80153788152887,0,0,0,0.0,,,,,4.931511647557984,weak_hcp,local_lattice_disturbance_no_DXA,157.80153788152887,157.80153788152887,0.32271814327675924,0.4144679101078789,28.0,30.0
step_30000,E4_phys001942_700k_80k,30000,6.0,C:\Users\dille\Documents\ilua-system\projects\physics_md_al_fe\runs\stageE_700k_dxa_confirm\20260625-102200\cases\E4_700k_dxa_confirm\E4_phys001942_700k_80k\production\dump.chunk0020000_0030000.lammpstrj,C:\Users\dille\Documents\ilua-system\projects\physics_md_al_fe\runs\stageE_700k_dxa_confirm\20260625-102200\cases\E4_700k_dxa_confirm\E4_phys001942_700k_80k\production\restart.30000,286.84079,8874.8527,-2357136.9,26332.7,-2330804.2,8924.7837,8256.1721,9443.6024,0.001942,surface-distance,analytic ellipsoid Fe4Al13/Al interface from Stage E geometry metadata; r is radial signed distance from ellipsoid surface into Al matrix,30-32,31.0,8651,756.944338768782,774.8003122033728,879.9241189172552,803.8895899631367,120.7730777609895,883.2534723740843,7581.748325694038,9186.865428529545,5734.72244762937,7262.4872708104485,8651,1.0,120.0,157.80153788152887,0,0,0,0.0,,,,,4.931511647557984,weak_hcp,local_lattice_disturbance_no_DXA,157.80153788152887,157.80153788152887,0.32271814327675924,0.4144679101078789,30.0,32.0
step_30000,E4_phys001942_700k_80k,30000,6.0,C:\Users\dille\Documents\ilua-system\projects\physics_md_al_fe\runs\stageE_700k_dxa_confirm\20260625-102200\cases\E4_700k_dxa_confirm\E4_phys001942_700k_80k\production\dump.chunk0020000_0030000.lammpstrj,C:\Users\dille\Documents\ilua-system\projects\physics_md_al_fe\runs\stageE_700k_dxa_confirm\20260625-102200\cases\E4_700k_dxa_confirm\E4_phys001942_700k_80k\production\restart.30000,286.84079,8874.8527,-2357136.9,26332.7,-2330804.2,8924.7837,8256.1721,9443.6024,0.001942,surface-distance,analytic ellipsoid Fe4Al13/Al interface from Stage E geometry metadata; r is radial signed distance from ellipsoid surface into Al matrix,32-34,33.0,9217,768.677264302124,734.4502209686028,847.9023252473762,783.6766035060342,131.7194543467563,853.5468768260636,7589.689406259324,8937.261910831001,5705.80752670784,7182.164769944088,9217,1.0,120.0,157.80153788152887,0,0,0,0.0,,,,,4.931511647557984,weak_hcp,local_lattice_disturbance_no_DXA,157.80153788152887,157.80153788152887,0.32271814327675924,0.4144679101078789,32.0,34.0
step_30000,E4_phys001942_700k_80k,30000,6.0,C:\Users\dille\Documents\ilua-system\projects\physics_md_al_fe\runs\stageE_700k_dxa_confirm\20260625-102200\cases\E4_700k_dxa_confirm\E4_phys001942_700k_80k\production\dump.chunk0020000_0030000.lammpstrj,C:\Users\dille\Documents\ilua-system\projects\physics_md_al_fe\runs\stageE_700k_dxa_confirm\20260625-102200\cases\E4_700k_dxa_confirm\E4_phys001942_700k_80k\production\restart.30000,286.84079,8874.8527,-2357136.9,26332.7,-2330804.2,8924.7837,8256.1721,9443.6024,0.001942,surface-distance,analytic ellipsoid Fe4Al13/Al interface from Stage E geometry metadata; r is radial signed distance from ellipsoid surface into Al matrix,34-36,35.0,9742,731.778914435765,707.642989626876,822.2338802514641,753.8852614380352,106.32590466314915,823.2394823431674,7494.4656725047,8788.553792954252,5718.858744682317,7239.805668637513,9742,1.0,120.0,157.80153788152887,0,0,0,0.0,,,,,4.931511647557984,weak_hcp,local_lattice_disturbance_no_DXA,157.80153788152887,157.80153788152887,0.32271814327675924,0.4144679101078789,34.0,36.0
step_30000,E4_phys001942_700k_80k,30000,6.0,C:\Users\dille\Documents\ilua-system\projects\physics_md_al_fe\runs\stageE_700k_dxa_confirm\20260625-102200\cases\E4_700k_dxa_confirm\E4_phys001942_700k_80k\production\dump.chunk0020000_0030000.lammpstrj,C:\Users\dille\Documents\ilua-system\projects\physics_md_al_fe\runs\stageE_700k_dxa_confirm\20260625-102200\cases\E4_700k_dxa_confirm\E4_phys001942_700k_80k\production\restart.30000,286.84079,8874.8527,-2357136.9,26332.7,-2330804.2,8924.7837,8256.1721,9443.6024,0.001942,surface-distance,analytic ellipsoid Fe4Al13/Al interface from Stage E geometry metadata; r is radial signed distance from ellipsoid surface into Al matrix,36-38,37.0,10034,724.0837831834023,683.1424953233906,810.7339163192555,739.3200649420161,123.0870660881174,812.7461597507878,7504.268157739387,8915.868691736197,5647.186711074358,7222.415076384103,10034,1.0,120.0,157.80153788152887,0,0,0,0.0,,,,,4.931511647557984,weak_hcp,local_lattice_disturbance_no_DXA,157.80153788152887,157.80153788152887,0.32271814327675924,0.4144679101078789,36.0,38.0
step_30000,E4_phys001942_700k_80k,30000,6.0,C:\Users\dille\Documents\ilua-system\projects\physics_md_al_fe\runs\stageE_700k_dxa_confirm\20260625-102200\cases\E4_700k_dxa_confirm\E4_phys001942_700k_80k\production\dump.chunk0020000_0030000.lammpstrj,C:\Users\dille\Documents\ilua-system\projects\physics_md_al_fe\runs\stageE_700k_dxa_confirm\20260625-102200\cases\E4_700k_dxa_confirm\E4_phys001942_700k_80k\production\restart.30000,286.84079,8874.8527,-2357136.9,26332.7,-2330804.2,8924.7837,8256.1721,9443.6024,0.001942,surface-distance,analytic ellipsoid Fe4Al13/Al interface from Stage E geometry metadata; r is radial signed distance from ellipsoid surface into Al matrix,38-40,39.0,10629,755.5535138742138,735.787340728065,849.8446706097188,780.3951750706659,119.73195295133438,851.3151211324553,7483.488136663774,8904.066137544496,5784.748456008726,7378.473092035104,10629,1.0,120.0,157.80153788152887,0,0,0,0.0,,,,,4.931511647557984,weak_hcp,local_lattice_disturbance_no_DXA,157.80153788152887,157.80153788152887,0.32271814327675924,0.4144679101078789,38.0,40.0
step_30000,E4_phys001942_700k_80k,30000,6.0,C:\Users\dille\Documents\ilua-system\projects\physics_md_al_fe\runs\stageE_700k_dxa_confirm\20260625-102200\cases\E4_700k_dxa_confirm\E4_phys001942_700k_80k\production\dump.chunk0020000_0030000.lammpstrj,C:\Users\dille\Documents\ilua-system\projects\physics_md_al_fe\runs\stageE_700k_dxa_confirm\20260625-102200\cases\E4_700k_dxa_confirm\E4_phys001942_700k_80k\production\restart.30000,286.84079,8874.8527,-2357136.9,26332.7,-2330804.2,8924.7837,8256.1721,9443.6024,0.001942,surface-distance,analytic ellipsoid Fe4Al13/Al interface from Stage E geometry metadata; r is radial signed distance from ellipsoid surface into Al matrix,40-42,41.0,11080,808.3208439349779,752.943520373753,882.5647267457795,814.6096970181701,113.15722881856843,882.9844066984679,7486.054855750298,8840.020198351696,5706.241674741154,7323.6464835035795,11080,1.0,120.0,157.80153788152887,0,0,0,0.0,,,,,4.931511647557984,weak_hcp,local_lattice_disturbance_no_DXA,157.80153788152887,157.80153788152887,0.32271814327675924,0.4144679101078789,40.0,42.0
step_30000,E4_phys001942_700k_80k,30000,6.0,C:\Users\dille\Documents\ilua-system\projects\physics_md_al_fe\runs\stageE_700k_dxa_confirm\20260625-102200\cases\E4_700k_dxa_confirm\E4_phys001942_700k_80k\production\dump.chunk0020000_0030000.lammpstrj,C:\Users\dille\Documents\ilua-system\projects\physics_md_al_fe\runs\stageE_700k_dxa_confirm\20260625-102200\cases\E4_700k_dxa_confirm\E4_phys001942_700k_80k\production\restart.30000,286.84079,8874.8527,-2357136.9,26332.7,-2330804.2,8924.7837,8256.1721,9443.6024,0.001942,surface-distance,analytic ellipsoid Fe4Al13/Al interface from Stage E geometry metadata; r is radial signed distance from ellipsoid surface into Al matrix,42-44,43.0,11743,895.1994848341516,838.9261459009433,923.1736880556097,885.7664395969015,91.15179617096038,925.3432414698677,7480.875977662239,8898.02567808543,5817.073981300079,7354.219771687505,11743,1.0,120.0,157.80153788152887,0,0,0,0.0,,,,,4.931511647557984,weak_hcp,local_lattice_disturbance_no_DXA,157.80153788152887,157.80153788152887,0.32271814327675924,0.4144679101078789,42.0,44.0
step_30000,E4_phys001942_700k_80k,30000,6.0,C:\Users\dille\Documents\ilua-system\projects\physics_md_al_fe\runs\stageE_700k_dxa_confirm\20260625-102200\cases\E4_700k_dxa_confirm\E4_phys001942_700k_80k\production\dump.chunk0020000_0030000.lammpstrj,C:\Users\dille\Documents\ilua-system\projects\physics_md_al_fe\runs\stageE_700k_dxa_confirm\20260625-102200\cases\E4_700k_dxa_confirm\E4_phys001942_700k_80k\production\restart.30000,286.84079,8874.8527,-2357136.9,26332.7,-2330804.2,8924.7837,8256.1721,9443.6024,0.001942,surface-distance,analytic ellipsoid Fe4Al13/Al interface from Stage E geometry metadata; r is radial signed distance from ellipsoid surface into Al matrix,44-46,45.0,12283,943.6228618467018,893.9608762739698,944.3061367469159,927.2966249558625,67.82379322772648,969.5912870299281,7500.996967147189,8897.882128539075,5810.879774986919,7585.452489972006,12283,1.0,120.0,157.80153788152887,0,0,0,0.0,,,,,4.931511647557984,weak_hcp,local_lattice_disturbance_no_DXA,157.80153788152887,157.80153788152887,0.32271814327675924,0.4144679101078789,44.0,46.0
step_30000,E4_phys001942_700k_80k,30000,6.0,C:\Users\dille\Documents\ilua-system\projects\physics_md_al_fe\runs\stageE_700k_dxa_confirm\20260625-102200\cases\E4_700k_dxa_confirm\E4_phys001942_700k_80k\production\dump.chunk0020000_0030000.lammpstrj,C:\Users\dille\Documents\ilua-system\projects\physics_md_al_fe\runs\stageE_700k_dxa_confirm\20260625-102200\cases\E4_700k_dxa_confirm\E4_phys001942_700k_80k\production\restart.30000,286.84079,8874.8527,-2357136.9,26332.7,-2330804.2,8924.7837,8256.1721,9443.6024,0.001942,surface-distance,analytic ellipsoid Fe4Al13/Al interface from Stage E geometry metadata; r is radial signed distance from ellipsoid surface into Al matrix,46-48,47.0,12786,1000.0301756026116,948.1481215821007,962.5220248924824,970.2334406923983,54.76013350255801,1006.3057745646074,7560.830289967086,8920.170537517357,6054.394399727404,7668.663895492483,12786,1.0,120.0,157.80153788152887,0,0,0,0.0,,,,,4.931511647557984,weak_hcp,local_lattice_disturbance_no_DXA,157.80153788152887,157.80153788152887,0.32271814327675924,0.4144679101078789,46.0,48.0
step_30000,E4_phys001942_700k_80k,30000,6.0,C:\Users\dille\Documents\ilua-system\projects\physics_md_al_fe\runs\stageE_700k_dxa_confirm\20260625-102200\cases\E4_700k_dxa_confirm\E4_phys001942_700k_80k\production\dump.chunk0020000_0030000.lammpstrj,C:\Users\dille\Documents\ilua-system\projects\physics_md_al_fe\runs\stageE_700k_dxa_confirm\20260625-102200\cases\E4_700k_dxa_confirm\E4_phys001942_700k_80k\production\restart.30000,286.84079,8874.8527,-2357136.9,26332.7,-2330804.2,8924.7837,8256.1721,9443.6024,0.001942,surface-distance,analytic ellipsoid Fe4Al13/Al interface from Stage E geometry metadata; r is radial signed distance from ellipsoid surface into Al matrix,48-50,49.0,13265,1033.5167776610338,1010.8156732712786,1010.2146507356246,1018.1823672226457,31.833171145630747,1038.5917265245607,7570.499719353323,9016.918731264332,5966.433541085715,7623.913853788257,13265,1.0,120.0,157.80153788152887,0,0,0,0.0,,,,,4.931511647557984,weak_hcp,local_lattice_disturbance_no_DXA,157.80153788152887,157.80153788152887,0.32271814327675924,0.4144679101078789,48.0,50.0
step_30000,E4_phys001942_700k_80k,30000,6.0,C:\Users\dille\Documents\ilua-system\projects\physics_md_al_fe\runs\stageE_700k_dxa_confirm\20260625-102200\cases\E4_700k_dxa_confirm\E4_phys001942_700k_80k\production\dump.chunk0020000_0030000.lammpstrj,C:\Users\dille\Documents\ilua-system\projects\physics_md_al_fe\runs\stageE_700k_dxa_confirm\20260625-102200\cases\E4_700k_dxa_confirm\E4_phys001942_700k_80k\production\restart.30000,286.84079,8874.8527,-2357136.9,26332.7,-2330804.2,8924.7837,8256.1721,9443.6024,0.001942,surface-distance,analytic ellipsoid Fe4Al13/Al interface from Stage E geometry metadata; r is radial signed distance from ellipsoid surface into Al matrix,50-55,52.5,35826,1032.064345054384,1004.1545335126202,1008.3724977595521,1014.8637921088521,27.754868133915984,1032.2326833550942,7497.108807714834,8942.490958391989,5967.585853606572,7484.465385141541,35826,1.0,120.0,157.80153788152887,0,0,0,0.0,,,,,4.931511647557984,weak_hcp,local_lattice_disturbance_no_DXA,157.80153788152887,157.80153788152887,0.32271814327675924,0.4144679101078789,50.0,55.0
step_30000,E4_phys001942_700k_80k,30000,6.0,C:\Users\dille\Documents\ilua-system\projects\physics_md_al_fe\runs\stageE_700k_dxa_confirm\20260625-102200\cases\E4_700k_dxa_confirm\E4_phys001942_700k_80k\production\dump.chunk0020000_0030000.lammpstrj,C:\Users\dille\Documents\ilua-system\projects\physics_md_al_fe\runs\stageE_700k_dxa_confirm\20260625-102200\cases\E4_700k_dxa_confirm\E4_phys001942_700k_80k\production\restart.30000,286.84079,8874.8527,-2357136.9,26332.7,-2330804.2,8924.7837,8256.1721,9443.6024,0.001942,surface-distance,analytic ellipsoid Fe4Al13/Al interface from Stage E geometry metadata; r is radial signed distance from ellipsoid surface into Al matrix,55-60,57.5,39618,974.0551784697936,924.7535587168381,955.7415685910419,951.5167685925579,46.84029034492659,978.2982757254728,7536.472674061665,8954.791417276834,5898.7964064900825,7438.6310263811365,39618,1.0,120.0,157.80153788152887,0,1,0,0.0,,,,,4.931511647557984,weak_hcp,local_lattice_disturbance_no_DXA,157.80153788152887,157.80153788152887,0.32271814327675924,0.4144679101078789,55.0,60.0
step_30000,E4_phys001942_700k_80k,30000,6.0,C:\Users\dille\Documents\ilua-system\projects\physics_md_al_fe\runs\stageE_700k_dxa_confirm\20260625-102200\cases\E4_700k_dxa_confirm\E4_phys001942_700k_80k\production\dump.chunk0020000_0030000.lammpstrj,C:\Users\dille\Documents\ilua-system\projects\physics_md_al_fe\runs\stageE_700k_dxa_confirm\20260625-102200\cases\E4_700k_dxa_confirm\E4_phys001942_700k_80k\production\restart.30000,286.84079,8874.8527,-2357136.9,26332.7,-2330804.2,8924.7837,8256.1721,9443.6024,0.001942,surface-distance,analytic ellipsoid Fe4Al13/Al interface from Stage E geometry metadata; r is radial signed distance from ellipsoid surface into Al matrix,60-65,62.5,42981,870.6184324676419,841.9264478686202,849.1004021129104,853.8817608163909,27.94799218563436,871.9220517777095,7558.040555844377,9004.865588723422,5774.253085257403,7349.431206130858,42981,1.0,120.0,157.80153788152887,0,1,0,0.0,,,,,4.931511647557984,weak_hcp,local_lattice_disturbance_no_DXA,157.80153788152887,157.80153788152887,0.32271814327675924,0.4144679101078789,60.0,65.0
step_30000,E4_phys001942_700k_80k,30000,6.0,C:\Users\dille\Documents\ilua-system\projects\physics_md_al_fe\runs\stageE_700k_dxa_confirm\20260625-102200\cases\E4_700k_dxa_confirm\E4_phys001942_700k_80k\production\dump.chunk0020000_0030000.lammpstrj,C:\Users\dille\Documents\ilua-system\projects\physics_md_al_fe\runs\stageE_700k_dxa_confirm\20260625-102200\cases\E4_700k_dxa_confirm\E4_phys001942_700k_80k\production\restart.30000,286.84079,8874.8527,-2357136.9,26332.7,-2330804.2,8924.7837,8256.1721,9443.6024,0.001942,surface-distance,analytic ellipsoid Fe4Al13/Al interface from Stage E geometry metadata; r is radial signed distance from ellipsoid surface into Al matrix,65-70,67.5,42814,858.7723373519261,839.6846841920781,869.0923760117893,855.8497991852645,37.05340190336633,878.73069199635,7499.478688389074,8952.416514026481,5805.284590665674,7348.943203282627,42814,1.0,120.0,157.80153788152887,0,0,0,0.0,,,,,4.931511647557984,weak_hcp,local_lattice_disturbance_no_DXA,157.80153788152887,157.80153788152887,0.32271814327675924,0.4144679101078789,65.0,70.0
step_30000,E4_phys001942_700k_80k,30000,6.0,C:\Users\dille\Documents\ilua-system\projects\physics_md_al_fe\runs\stageE_700k_dxa_confirm\20260625-102200\cases\E4_700k_dxa_confirm\E4_phys001942_700k_80k\production\dump.chunk0020000_0030000.lammpstrj,C:\Users\dille\Documents\ilua-system\projects\physics_md_al_fe\runs\stageE_700k_dxa_confirm\20260625-102200\cases\E4_700k_dxa_confirm\E4_phys001942_700k_80k\production\restart.30000,286.84079,8874.8527,-2357136.9,26332.7,-2330804.2,8924.7837,8256.1721,9443.6024,0.001942,surface-distance,analytic ellipsoid Fe4Al13/Al interface from Stage E geometry metadata; r is radial signed distance from ellipsoid surface into Al matrix,70-75,72.5,42404,855.9666807037773,841.2091095598064,854.4764798825289,850.5507567153709,37.84232094300994,872.2992715649015,7462.653831246929,8919.404882774503,5765.37516414371,7342.023912589485,42404,1.0,120.0,157.80153788152887,0,0,0,0.0,,,,,4.931511647557984,weak_hcp,local_lattice_disturbance_no_DXA,157.80153788152887,157.80153788152887,0.32271814327675924,0.4144679101078789,70.0,75.0
step_30000,E4_phys001942_700k_80k,30000,6.0,C:\Users\dille\Documents\ilua-system\projects\physics_md_al_fe\runs\stageE_700k_dxa_confirm\20260625-102200\cases\E4_700k_dxa_confirm\E4_phys001942_700k_80k\production\dump.chunk0020000_0030000.lammpstrj,C:\Users\dille\Documents\ilua-system\projects\physics_md_al_fe\runs\stageE_700k_dxa_confirm\20260625-102200\cases\E4_700k_dxa_confirm\E4_phys001942_700k_80k\production\restart.30000,286.84079,8874.8527,-2357136.9,26332.7,-2330804.2,8924.7837,8256.1721,9443.6024,0.001942,surface-distance,analytic ellipsoid Fe4Al13/Al interface from Stage E geometry metadata; r is radial signed distance from ellipsoid surface into Al matrix,75-80,77.5,41377,902.0007676781703,917.887667218041,898.0689402779449,905.9857917247188,23.236306986774665,920.7886296752903,7461.016442004343,8950.88639312893,5861.099540354116,7414.355442031827,41377,1.0,120.0,157.80153788152887,0,1,0,0.0,,,,,4.931511647557984,weak_hcp,local_lattice_disturbance_no_DXA,157.80153788152887,157.80153788152887,0.32271814327675924,0.4144679101078789,75.0,80.0
step_30000,E4_phys001942_700k_80k,30000,6.0,C:\Users\dille\Documents\ilua-system\projects\physics_md_al_fe\runs\stageE_700k_dxa_confirm\20260625-102200\cases\E4_700k_dxa_confirm\E4_phys001942_700k_80k\production\dump.chunk0020000_0030000.lammpstrj,C:\Users\dille\Documents\ilua-system\projects\physics_md_al_fe\runs\stageE_700k_dxa_confirm\20260625-102200\cases\E4_700k_dxa_confirm\E4_phys001942_700k_80k\production\restart.30000,286.84079,8874.8527,-2357136.9,26332.7,-2330804.2,8924.7837,8256.1721,9443.6024,0.001942,surface-distance,analytic ellipsoid Fe4Al13/Al interface from Stage E geometry metadata; r is radial signed distance from ellipsoid surface into Al matrix,80-85,82.5,38756,875.3568147955856,909.1021844167389,864.8109280770245,883.0899757631163,47.71581428039852,914.0810810957674,7499.925075859196,8917.67097938293,5807.307606172266,7376.641426597246,38756,1.0,120.0,157.80153788152887,0,0,0,0.0,,,,,4.931511647557984,weak_hcp,local_lattice_disturbance_no_DXA,157.80153788152887,157.80153788152887,0.32271814327675924,0.4144679101078789,80.0,85.0
step_30000,E4_phys001942_700k_80k,30000,6.0,C:\Users\dille\Documents\ilua-system\projects\physics_md_al_fe\runs\stageE_700k_dxa_confirm\20260625-102200\cases\E4_700k_dxa_confirm\E4_phys001942_700k_80k\production\dump.chunk0020000_0030000.lammpstrj,C:\Users\dille\Documents\ilua-system\projects\physics_md_al_fe\runs\stageE_700k_dxa_confirm\20260625-102200\cases\E4_700k_dxa_confirm\E4_phys001942_700k_80k\production\restart.30000,286.84079,8874.8527,-2357136.9,26332.7,-2330804.2,8924.7837,8256.1721,9443.6024,0.001942,surface-distance,analytic ellipsoid Fe4Al13/Al interface from Stage E geometry metadata; r is radial signed distance from ellipsoid surface into Al matrix,85-90,87.5,36317,871.3927941095925,896.8841065842812,832.5395364094256,866.9388123677664,62.5257190096301,904.457595288439,7467.006193190645,8899.945518027364,5761.536128173431,7313.445358612667,36317,1.0,120.0,157.80153788152887,0,0,0,0.0,,,,,4.931511647557984,weak_hcp,local_lattice_disturbance_no_DXA,157.80153788152887,157.80153788152887,0.32271814327675924,0.4144679101078789,85.0,90.0
step_30000,E4_phys001942_700k_80k,30000,6.0,C:\Users\dille\Documents\ilua-system\projects\physics_md_al_fe\runs\stageE_700k_dxa_confirm\20260625-102200\cases\E4_700k_dxa_confirm\E4_phys001942_700k_80k\production\dump.chunk0020000_0030000.lammpstrj,C:\Users\dille\Documents\ilua-system\projects\physics_md_al_fe\runs\stageE_700k_dxa_confirm\20260625-102200\cases\E4_700k_dxa_confirm\E4_phys001942_700k_80k\production\restart.30000,286.84079,8874.8527,-2357136.9,26332.7,-2330804.2,8924.7837,8256.1721,9443.6024,0.001942,surface-distance,analytic ellipsoid Fe4Al13/Al interface from Stage E geometry metadata; r is radial signed distance from ellipsoid surface into Al matrix,90-95,92.5,33147,933.8541148867722,954.1045298302834,919.5141136982522,935.8242528051027,40.390002336369726,955.2119867755157,7483.534325286613,8945.734824852214,5847.870511230859,7443.491197781115,33147,1.0,120.0,157.80153788152887,0,0,0,0.0,,,,,4.931511647557984,weak_hcp,local_lattice_disturbance_no_DXA,157.80153788152887,157.80153788152887,0.32271814327675924,0.4144679101078789,90.0,95.0
step_30000,E4_phys001942_700k_80k,30000,6.0,C:\Users\dille\Documents\ilua-system\projects\physics_md_al_fe\runs\stageE_700k_dxa_confirm\20260625-102200\cases\E4_700k_dxa_confirm\E4_phys001942_700k_80k\production\dump.chunk0020000_0030000.lammpstrj,C:\Users\dille\Documents\ilua-system\projects\physics_md_al_fe\runs\stageE_700k_dxa_confirm\20260625-102200\cases\E4_700k_dxa_confirm\E4_phys001942_700k_80k\production\restart.30000,286.84079,8874.8527,-2357136.9,26332.7,-2330804.2,8924.7837,8256.1721,9443.6024,0.001942,surface-distance,analytic ellipsoid Fe4Al13/Al interface from Stage E geometry metadata; r is radial signed distance from ellipsoid surface into Al matrix,95-100,97.5,29576,987.6974345951262,1028.5795191738976,978.9690032899621,998.415319019662,55.63373940838514,1035.1207497326748,7439.7551340583195,8827.368019357638,5893.317356015585,7496.259288749265,29576,1.0,120.0,157.80153788152887,0,0,0,0.0,,,,,4.931511647557984,weak_hcp,local_lattice_disturbance_no_DXA,157.80153788152887,157.80153788152887,0.32271814327675924,0.4144679101078789,95.0,100.0
step_30000,E4_phys001942_700k_80k,30000,6.0,C:\Users\dille\Documents\ilua-system\projects\physics_md_al_fe\runs\stageE_700k_dxa_confirm\20260625-102200\cases\E4_700k_dxa_confirm\E4_phys001942_700k_80k\production\dump.chunk0020000_0030000.lammpstrj,C:\Users\dille\Documents\ilua-system\projects\physics_md_al_fe\runs\stageE_700k_dxa_confirm\20260625-102200\cases\E4_700k_dxa_confirm\E4_phys001942_700k_80k\production\restart.30000,286.84079,8874.8527,-2357136.9,26332.7,-2330804.2,8924.7837,8256.1721,9443.6024,0.001942,surface-distance,analytic ellipsoid Fe4Al13/Al interface from Stage E geometry metadata; r is radial signed distance from ellipsoid surface into Al matrix,100-105,102.5,25667,1022.2029450396008,1035.220520908371,966.0100506577746,1007.8111722019154,66.83035176904379,1041.6874506633067,7438.594519929787,8802.88042214845,5934.612265346566,7589.936580262046,25667,1.0,120.0,157.80153788152887,0,0,0,0.0,,,,,4.931511647557984,weak_hcp,local_lattice_disturbance_no_DXA,157.80153788152887,157.80153788152887,0.32271814327675924,0.4144679101078789,100.0,105.0
step_30000,E4_phys001942_700k_80k,30000,6.0,C:\Users\dille\Documents\ilua-system\projects\physics_md_al_fe\runs\stageE_700k_dxa_confirm\20260625-102200\cases\E4_700k_dxa_confirm\E4_phys001942_700k_80k\production\dump.chunk0020000_0030000.lammpstrj,C:\Users\dille\Documents\ilua-system\projects\physics_md_al_fe\runs\stageE_700k_dxa_confirm\20260625-102200\cases\E4_700k_dxa_confirm\E4_phys001942_700k_80k\production\restart.30000,286.84079,8874.8527,-2357136.9,26332.7,-2330804.2,8924.7837,8256.1721,9443.6024,0.001942,surface-distance,analytic ellipsoid Fe4Al13/Al interface from Stage E geometry metadata; r is radial signed distance from ellipsoid surface into Al matrix,105-110,107.5,21781,1040.505444719966,1055.8156576546965,994.3381840874918,1030.2197621540515,74.48391581913249,1063.4605765045658,7475.792631827243,8937.131299176033,5947.087928790392,7611.580800301325,21781,1.0,120.0,157.80153788152887,0,1,0,0.0,,,,,4.931511647557984,weak_hcp,local_lattice_disturbance_no_DXA,157.80153788152887,157.80153788152887,0.32271814327675924,0.4144679101078789,105.0,110.0
step_30000,E4_phys001942_700k_80k,30000,6.0,C:\Users\dille\Documents\ilua-system\projects\physics_md_al_fe\runs\stageE_700k_dxa_confirm\20260625-102200\cases\E4_700k_dxa_confirm\E4_phys001942_700k_80k\production\dump.chunk0020000_0030000.lammpstrj,C:\Users\dille\Documents\ilua-system\projects\physics_md_al_fe\runs\stageE_700k_dxa_confirm\20260625-102200\cases\E4_700k_dxa_confirm\E4_phys001942_700k_80k\production\restart.30000,286.84079,8874.8527,-2357136.9,26332.7,-2330804.2,8924.7837,8256.1721,9443.6024,0.001942,surface-distance,analytic ellipsoid Fe4Al13/Al interface from Stage E geometry metadata; r is radial signed distance from ellipsoid surface into Al matrix,110-115,112.5,18333,1060.1475703086953,1036.0396030297204,1083.0106572840425,1059.732610207486,57.81175196835895,1093.400791454603,7464.344423030733,8794.996937271644,5983.413151902182,7684.941287660474,18333,1.0,120.0,157.80153788152887,0,0,0,0.0,,,,,4.931511647557984,weak_hcp,local_lattice_disturbance_no_DXA,157.80153788152887,157.80153788152887,0.32271814327675924,0.4144679101078789,110.0,115.0
step_30000,E4_phys001942_700k_80k,30000,6.0,C:\Users\dille\Documents\ilua-system\projects\physics_md_al_fe\runs\stageE_700k_dxa_confirm\20260625-102200\cases\E4_700k_dxa_confirm\E4_phys001942_700k_80k\production\dump.chunk0020000_0030000.lammpstrj,C:\Users\dille\Documents\ilua-system\projects\physics_md_al_fe\runs\stageE_700k_dxa_confirm\20260625-102200\cases\E4_700k_dxa_confirm\E4_phys001942_700k_80k\production\restart.30000,286.84079,8874.8527,-2357136.9,26332.7,-2330804.2,8924.7837,8256.1721,9443.6024,0.001942,surface-distance,analytic ellipsoid Fe4Al13/Al interface from Stage E geometry metadata; r is radial signed distance from ellipsoid surface into Al matrix,115-120,117.5,14960,1089.8282810540022,1073.258953878886,1089.667543300209,1084.2515927443658,44.63203221864941,1108.9683284403045,7495.951393290288,9005.654512654255,6005.134995082551,7695.055763463645,14960,1.0,120.0,157.80153788152887,0,0,0,0.0,,,,,4.931511647557984,weak_hcp,local_lattice_disturbance_no_DXA,157.80153788152887,157.80153788152887,0.32271814327675924,0.4144679101078789,115.0,120.0
step_30000,E4_phys001942_700k_80k,30000,6.0,C:\Users\dille\Documents\ilua-system\projects\physics_md_al_fe\runs\stageE_700k_dxa_confirm\20260625-102200\cases\E4_700k_dxa_confirm\E4_phys001942_700k_80k\production\dump.chunk0020000_0030000.lammpstrj,C:\Users\dille\Documents\ilua-system\projects\physics_md_al_fe\runs\stageE_700k_dxa_confirm\20260625-102200\cases\E4_700k_dxa_confirm\E4_phys001942_700k_80k\production\restart.30000,286.84079,8874.8527,-2357136.9,26332.7,-2330804.2,8924.7837,8256.1721,9443.6024,0.001942,surface-distance,analytic ellipsoid Fe4Al13/Al interface from Stage E geometry metadata; r is radial signed distance from ellipsoid surface into Al matrix,120-125,122.5,11026,1014.3545433806356,988.079337164409,988.6573166621804,997.0303990690751,31.737370922137288,1016.4457816293935,7455.160726659916,8787.531497469634,5836.470439761467,7365.849403066408,11026,1.0,120.0,157.80153788152887,0,0,0,0.0,,,,,4.931511647557984,weak_hcp,local_lattice_disturbance_no_DXA,157.80153788152887,157.80153788152887,0.32271814327675924,0.4144679101078789,120.0,125.0
step_30000,E4_phys001942_700k_80k,30000,6.0,C:\Users\dille\Documents\ilua-system\projects\physics_md_al_fe\runs\stageE_700k_dxa_confirm\20260625-102200\cases\E4_700k_dxa_confirm\E4_phys001942_700k_80k\production\dump.chunk0020000_0030000.lammpstrj,C:\Users\dille\Documents\ilua-system\projects\physics_md_al_fe\runs\stageE_700k_dxa_confirm\20260625-102200\cases\E4_700k_dxa_confirm\E4_phys001942_700k_80k\production\restart.30000,286.84079,8874.8527,-2357136.9,26332.7,-2330804.2,8924.7837,8256.1721,9443.6024,0.001942,surface-distance,analytic ellipsoid Fe4Al13/Al interface from Stage E geometry metadata; r is radial signed distance from ellipsoid surface into Al matrix,125-130,127.5,7431,876.2380767636447,860.8274758252727,859.163825058022,865.4097925489799,33.85903503763179,881.5019149023954,7404.840604771995,8954.38136713745,5687.146682897498,7154.043530596977,7431,1.0,120.0,157.80153788152887,0,0,0,0.0,,,,,4.931511647557984,weak_hcp,local_lattice_disturbance_no_DXA,157.80153788152887,157.80153788152887,0.32271814327675924,0.4144679101078789,125.0,130.0
step_30000,E4_phys001942_700k_80k,30000,6.0,C:\Users\dille\Documents\ilua-system\projects\physics_md_al_fe\runs\stageE_700k_dxa_confirm\20260625-102200\cases\E4_700k_dxa_confirm\E4_phys001942_700k_80k\production\dump.chunk0020000_0030000.lammpstrj,C:\Users\dille\Documents\ilua-system\projects\physics_md_al_fe\runs\stageE_700k_dxa_confirm\20260625-102200\cases\E4_700k_dxa_confirm\E4_phys001942_700k_80k\production\restart.30000,286.84079,8874.8527,-2357136.9,26332.7,-2330804.2,8924.7837,8256.1721,9443.6024,0.001942,surface-distance,analytic ellipsoid Fe4Al13/Al interface from Stage E geometry metadata; r is radial signed distance from ellipsoid surface into Al matrix,130-135,132.5,4645,793.2216630125367,883.0135969739375,804.9996711490268,827.0783103785003,147.67325598251514,913.1940237643225,7363.221022070699,8669.902066629042,5736.67506075218,7331.271001494091,4645,1.0,120.0,157.80153788152887,0,0,0,0.0,,,,,4.931511647557984,weak_hcp,local_lattice_disturbance_no_DXA,157.80153788152887,157.80153788152887,0.32271814327675924,0.4144679101078789,130.0,135.0
step_30000,E4_phys001942_700k_80k,30000,6.0,C:\Users\dille\Documents\ilua-system\projects\physics_md_al_fe\runs\stageE_700k_dxa_confirm\20260625-102200\cases\E4_700k_dxa_confirm\E4_phys001942_700k_80k\production\dump.chunk0020000_0030000.lammpstrj,C:\Users\dille\Documents\ilua-system\projects\physics_md_al_fe\runs\stageE_700k_dxa_confirm\20260625-102200\cases\E4_700k_dxa_confirm\E4_phys001942_700k_80k\production\restart.30000,286.84079,8874.8527,-2357136.9,26332.7,-2330804.2,8924.7837,8256.1721,9443.6024,0.001942,surface-distance,analytic ellipsoid Fe4Al13/Al interface from Stage E geometry metadata; r is radial signed distance from ellipsoid surface into Al matrix,135-140,137.5,2870,520.1089231470411,614.3788922566042,533.5817854994226,556.0232003010227,117.8593524204679,625.6590046515771,7368.860622498529,8971.91239387908,5415.103748616502,6916.635861352142,2870,1.0,120.0,157.80153788152887,0,0,0,0.0,,,,,4.931511647557984,weak_hcp,local_lattice_disturbance_no_DXA,157.80153788152887,157.80153788152887,0.32271814327675924,0.4144679101078789,135.0,140.0
step_30000,E4_phys001942_700k_80k,30000,6.0,C:\Users\dille\Documents\ilua-system\projects\physics_md_al_fe\runs\stageE_700k_dxa_confirm\20260625-102200\cases\E4_700k_dxa_confirm\E4_phys001942_700k_80k\production\dump.chunk0020000_0030000.lammpstrj,C:\Users\dille\Documents\ilua-system\projects\physics_md_al_fe\runs\stageE_700k_dxa_confirm\20260625-102200\cases\E4_700k_dxa_confirm\E4_phys001942_700k_80k\production\restart.30000,286.84079,8874.8527,-2357136.9,26332.7,-2330804.2,8924.7837,8256.1721,9443.6024,0.001942,surface-distance,analytic ellipsoid Fe4Al13/Al interface from Stage E geometry metadata; r is radial signed distance from ellipsoid surface into Al matrix,140-145,142.5,1589,751.133199704037,884.3154687999495,844.3252956254123,826.5913213764662,142.62030486313418,895.2727166769733,7379.776886688342,8712.38194519158,5680.011371214824,7346.001346408198,1589,1.0,120.0,157.80153788152887,0,0,0,0.0,,,,,4.931511647557984,weak_hcp,local_lattice_disturbance_no_DXA,157.80153788152887,157.80153788152887,0.32271814327675924,0.4144679101078789,140.0,145.0
step_30000,E4_phys001942_700k_80k,30000,6.0,C:\Users\dille\Documents\ilua-system\projects\physics_md_al_fe\runs\stageE_700k_dxa_confirm\20260625-102200\cases\E4_700k_dxa_confirm\E4_phys001942_700k_80k\production\dump.chunk0020000_0030000.lammpstrj,C:\Users\dille\Documents\ilua-system\projects\physics_md_al_fe\runs\stageE_700k_dxa_confirm\20260625-102200\cases\E4_700k_dxa_confirm\E4_phys001942_700k_80k\production\restart.30000,286.84079,8874.8527,-2357136.9,26332.7,-2330804.2,8924.7837,8256.1721,9443.6024,0.001942,surface-distance,analytic ellipsoid Fe4Al13/Al interface from Stage E geometry metadata; r is radial signed distance from ellipsoid surface into Al matrix,145-150,147.5,676,1348.615103549435,1484.049992078125,1453.393338720022,1428.6861447825274,232.2208980811602,1547.1728851009327,7842.441403159457,9163.844655272409,6458.636463179906,8694.453705018685,676,1.0,120.0,157.80153788152887,0,0,0,0.0,,,,,4.931511647557984,weak_hcp,local_lattice_disturbance_no_DXA,157.80153788152887,157.80153788152887,0.32271814327675924,0.4144679101078789,145.0,150.0
step_30000,E4_phys001942_700k_80k,30000,6.0,C:\Users\dille\Documents\ilua-system\projects\physics_md_al_fe\runs\stageE_700k_dxa_confirm\20260625-102200\cases\E4_700k_dxa_confirm\E4_phys001942_700k_80k\production\dump.chunk0020000_0030000.lammpstrj,C:\Users\dille\Documents\ilua-system\projects\physics_md_al_fe\runs\stageE_700k_dxa_confirm\20260625-102200\cases\E4_700k_dxa_confirm\E4_phys001942_700k_80k\production\restart.30000,286.84079,8874.8527,-2357136.9,26332.7,-2330804.2,8924.7837,8256.1721,9443.6024,0.001942,surface-distance,analytic ellipsoid Fe4Al13/Al interface from Stage E geometry metadata; r is radial signed distance from ellipsoid surface into Al matrix,150-155,152.5,212,2456.607529387339,2179.701923405613,2062.022869219408,2232.7774406707867,455.84861188863937,2517.4197502086727,7748.292410838771,9020.454352945171,7031.209422792755,9385.855057317558,212,1.0,120.0,157.80153788152887,0,0,0,0.0,,,,,4.931511647557984,weak_hcp,local_lattice_disturbance_no_DXA,157.80153788152887,157.80153788152887,0.32271814327675924,0.4144679101078789,150.0,155.0
step_30000,E4_phys001942_700k_80k,30000,6.0,C:\Users\dille\Documents\ilua-system\projects\physics_md_al_fe\runs\stageE_700k_dxa_confirm\20260625-102200\cases\E4_700k_dxa_confirm\E4_phys001942_700k_80k\production\dump.chunk0020000_0030000.lammpstrj,C:\Users\dille\Documents\ilua-system\projects\physics_md_al_fe\runs\stageE_700k_dxa_confirm\20260625-102200\cases\E4_700k_dxa_confirm\E4_phys001942_700k_80k\production\restart.30000,286.84079,8874.8527,-2357136.9,26332.7,-2330804.2,8924.7837,8256.1721,9443.6024,0.001942,surface-distance,analytic ellipsoid Fe4Al13/Al interface from Stage E geometry metadata; r is radial signed distance from ellipsoid surface into Al matrix,155-157.802,156.40076894076444,18,2742.1810719025084,2320.4247941570798,2928.256210277336,2663.620692112308,1062.0985767128386,3182.960478047059,6786.550613788435,8012.870872331803,6482.043751462582,7376.912204996406,18,1.0,120.0,157.80153788152887,0,0,0,0.0,,,,,4.931511647557984,weak_hcp,local_lattice_disturbance_no_DXA,157.80153788152887,157.80153788152887,0.32271814327675924,0.4144679101078789,155.0,157.80153788152887
step_40000,E4_phys001942_700k_80k,40000,8.0,C:\Users\dille\Documents\ilua-system\projects\physics_md_al_fe\runs\stageE_700k_dxa_confirm\20260625-102200\cases\E4_700k_dxa_confirm\E4_phys001942_700k_80k\production\dump.chunk0030000_0040000.lammpstrj,C:\Users\dille\Documents\ilua-system\projects\physics_md_al_fe\runs\stageE_700k_dxa_confirm\20260625-102200\cases\E4_700k_dxa_confirm\E4_phys001942_700k_80k\production\restart.40000,287.36472,8890.0513,-2357102.4,26380.798,-2330721.6,8934.7809,8246.1273,9489.2458,0.001942,surface-distance,analytic ellipsoid Fe4Al13/Al interface from Stage E geometry metadata; r is radial signed distance from ellipsoid surface into Al matrix,0-2,1.0,394,-2121.65861645207,-1761.9542508329787,-2527.252236761201,-2136.9550346820834,980.9120376470046,-1645.6225723543932,22352.114018147793,29956.571478956743,15486.424394858528,22524.946639617843,394,1.0,120.0,157.66754782649832,0,394,0,0.0,,,,,5.064299877574387,weak_hcp,local_lattice_disturbance_no_DXA,157.66754782649832,157.66754782649832,0.3289390901061841,0.42015978146457,0.0,2.0
step_40000,E4_phys001942_700k_80k,40000,8.0,C:\Users\dille\Documents\ilua-system\projects\physics_md_al_fe\runs\stageE_700k_dxa_confirm\20260625-102200\cases\E4_700k_dxa_confirm\E4_phys001942_700k_80k\production\dump.chunk0030000_0040000.lammpstrj,C:\Users\dille\Documents\ilua-system\projects\physics_md_al_fe\runs\stageE_700k_dxa_confirm\20260625-102200\cases\E4_700k_dxa_confirm\E4_phys001942_700k_80k\production\restart.40000,287.36472,8890.0513,-2357102.4,26380.798,-2330721.6,8934.7809,8246.1273,9489.2458,0.001942,surface-distance,analytic ellipsoid Fe4Al13/Al interface from Stage E geometry metadata; r is radial signed distance from ellipsoid surface into Al matrix,2-4,3.0,3435,-618.6447985250976,-402.7608069919978,-992.613374231293,-671.3396599161296,540.9192008284293,-386.80877195707853,19953.502566819883,26147.790750240045,13523.461519903549,17505.865626579878,3435,1.0,120.0,157.66754782649832,1,3403,0,0.0,,,,,5.064299877574387,weak_hcp,local_lattice_disturbance_no_DXA,157.66754782649832,157.66754782649832,0.3289390901061841,0.42015978146457,2.0,4.0
step_40000,E4_phys001942_700k_80k,40000,8.0,C:\Users\dille\Documents\ilua-system\projects\physics_md_al_fe\runs\stageE_700k_dxa_confirm\20260625-102200\cases\E4_700k_dxa_confirm\E4_phys001942_700k_80k\production\dump.chunk0030000_0040000.lammpstrj,C:\Users\dille\Documents\ilua-system\projects\physics_md_al_fe\runs\stageE_700k_dxa_confirm\20260625-102200\cases\E4_700k_dxa_confirm\E4_phys001942_700k_80k\production\restart.40000,287.36472,8890.0513,-2357102.4,26380.798,-2330721.6,8934.7809,8246.1273,9489.2458,0.001942,surface-distance,analytic ellipsoid Fe4Al13/Al interface from Stage E geometry metadata; r is radial signed distance from ellipsoid surface into Al matrix,4-6,5.0,3612,120.84221258383748,135.72175567789915,25.86709517051047,94.14368781074904,108.81564792298896,137.62729894313304,13351.36948008542,16925.76879842752,10110.179452575258,13718.561568604551,3612,1.0,120.0,157.66754782649832,0,2782,0,0.0,,,,,5.064299877574387,weak_hcp,local_lattice_disturbance_no_DXA,157.66754782649832,157.66754782649832,0.3289390901061841,0.42015978146457,4.0,6.0
step_40000,E4_phys001942_700k_80k,40000,8.0,C:\Users\dille\Documents\ilua-system\projects\physics_md_al_fe\runs\stageE_700k_dxa_confirm\20260625-102200\cases\E4_700k_dxa_confirm\E4_phys001942_700k_80k\production\dump.chunk0030000_0040000.lammpstrj,C:\Users\dille\Documents\ilua-system\projects\physics_md_al_fe\runs\stageE_700k_dxa_confirm\20260625-102200\cases\E4_700k_dxa_confirm\E4_phys001942_700k_80k\production\restart.40000,287.36472,8890.0513,-2357102.4,26380.798,-2330721.6,8934.7809,8246.1273,9489.2458,0.001942,surface-distance,analytic ellipsoid Fe4Al13/Al interface from Stage E geometry metadata; r is radial signed distance from ellipsoid surface into Al matrix,6-8,7.0,3994,760.2693485544023,687.3549364950212,597.5233656833925,681.7158835776054,149.21859616144167,762.429604085009,10199.048820343027,12471.793246974748,7247.1281182804905,9339.762556483292,3994,1.0,120.0,157.66754782649832,0,1084,0,0.0,,,,,5.064299877574387,weak_hcp,local_lattice_disturbance_no_DXA,157.66754782649832,157.66754782649832,0.3289390901061841,0.42015978146457,6.0,8.0
step_40000,E4_phys001942_700k_80k,40000,8.0,C:\Users\dille\Documents\ilua-system\projects\physics_md_al_fe\runs\stageE_700k_dxa_confirm\20260625-102200\cases\E4_700k_dxa_confirm\E4_phys001942_700k_80k\production\dump.chunk0030000_0040000.lammpstrj,C:\Users\dille\Documents\ilua-system\projects\physics_md_al_fe\runs\stageE_700k_dxa_confirm\20260625-102200\cases\E4_700k_dxa_confirm\E4_phys001942_700k_80k\production\restart.40000,287.36472,8890.0513,-2357102.4,26380.798,-2330721.6,8934.7809,8246.1273,9489.2458,0.001942,surface-distance,analytic ellipsoid Fe4Al13/Al interface from Stage E geometry metadata; r is radial signed distance from ellipsoid surface into Al matrix,8-10,9.0,4431,923.8278247624335,858.2555303508569,942.0169108267061,908.0334219799988,86.23677165390542,954.0200745840955,8516.346328010164,10264.3572898683,6411.912146080938,8135.476829692392,4431,1.0,120.0,157.66754782649832,0,81,0,0.0,,,,,5.064299877574387,weak_hcp,local_lattice_disturbance_no_DXA,157.66754782649832,157.66754782649832,0.3289390901061841,0.42015978146457,8.0,10.0
step_40000,E4_phys001942_700k_80k,40000,8.0,C:\Users\dille\Documents\ilua-system\projects\physics_md_al_fe\runs\stageE_700k_dxa_confirm\20260625-102200\cases\E4_700k_dxa_confirm\E4_phys001942_700k_80k\production\dump.chunk0030000_0040000.lammpstrj,C:\Users\dille\Documents\ilua-system\projects\physics_md_al_fe\runs\stageE_700k_dxa_confirm\20260625-102200\cases\E4_700k_dxa_confirm\E4_phys001942_700k_80k\production\restart.40000,287.36472,8890.0513,-2357102.4,26380.798,-2330721.6,8934.7809,8246.1273,9489.2458,0.001942,surface-distance,analytic ellipsoid Fe4Al13/Al interface from Stage E geometry metadata; r is radial signed distance from ellipsoid surface into Al matrix,10-12,11.0,4822,990.179947949717,931.0093708297982,999.5280891248846,973.5724693014666,86.50505915105528,1017.39837552524,7915.0405819018415,9411.363437045731,6079.19168379242,7830.747031389614,4822,1.0,120.0,157.66754782649832,0,0,0,0.0,,,,,5.064299877574387,weak_hcp,local_lattice_disturbance_no_DXA,157.66754782649832,157.66754782649832,0.3289390901061841,0.42015978146457,10.0,12.0
step_40000,E4_phys001942_700k_80k,40000,8.0,C:\Users\dille\Documents\ilua-system\projects\physics_md_al_fe\runs\stageE_700k_dxa_confirm\20260625-102200\cases\E4_700k_dxa_confirm\E4_phys001942_700k_80k\production\dump.chunk0030000_0040000.lammpstrj,C:\Users\dille\Documents\ilua-system\projects\physics_md_al_fe\runs\stageE_700k_dxa_confirm\20260625-102200\cases\E4_700k_dxa_confirm\E4_phys001942_700k_80k\production\restart.40000,287.36472,8890.0513,-2357102.4,26380.798,-2330721.6,8934.7809,8246.1273,9489.2458,0.001942,surface-distance,analytic ellipsoid Fe4Al13/Al interface from Stage E geometry metadata; r is radial signed distance from ellipsoid surface into Al matrix,12-14,13.0,5051,925.4280730012081,975.9113426098352,1031.8829820981487,977.7407992363973,100.31673112231161,1032.34802336457,7728.449321688668,9257.544880449801,5961.977732095143,7518.553376946519,5051,1.0,120.0,157.66754782649832,0,0,0,0.0,,,,,5.064299877574387,weak_hcp,local_lattice_disturbance_no_DXA,157.66754782649832,157.66754782649832,0.3289390901061841,0.42015978146457,12.0,14.0
step_40000,E4_phys001942_700k_80k,40000,8.0,C:\Users\dille\Documents\ilua-system\projects\physics_md_al_fe\runs\stageE_700k_dxa_confirm\20260625-102200\cases\E4_700k_dxa_confirm\E4_phys001942_700k_80k\production\dump.chunk0030000_0040000.lammpstrj,C:\Users\dille\Documents\ilua-system\projects\physics_md_al_fe\runs\stageE_700k_dxa_confirm\20260625-102200\cases\E4_700k_dxa_confirm\E4_phys001942_700k_80k\production\restart.40000,287.36472,8890.0513,-2357102.4,26380.798,-2330721.6,8934.7809,8246.1273,9489.2458,0.001942,surface-distance,analytic ellipsoid Fe4Al13/Al interface from Stage E geometry metadata; r is radial signed distance from ellipsoid surface into Al matrix,14-16,15.0,5420,970.7522340079026,926.280283802351,1013.5083861294457,970.1803013132331,86.28332690419532,1019.4314435853834,7606.804889175907,9098.580877183695,6067.737757508084,7768.215273077654,5420,1.0,120.0,157.66754782649832,0,0,0,0.0,,,,,5.064299877574387,weak_hcp,local_lattice_disturbance_no_DXA,157.66754782649832,157.66754782649832,0.3289390901061841,0.42015978146457,14.0,16.0
step_40000,E4_phys001942_700k_80k,40000,8.0,C:\Users\dille\Documents\ilua-system\projects\physics_md_al_fe\runs\stageE_700k_dxa_confirm\20260625-102200\cases\E4_700k_dxa_confirm\E4_phys001942_700k_80k\production\dump.chunk0030000_0040000.lammpstrj,C:\Users\dille\Documents\ilua-system\projects\physics_md_al_fe\runs\stageE_700k_dxa_confirm\20260625-102200\cases\E4_700k_dxa_confirm\E4_phys001942_700k_80k\production\restart.40000,287.36472,8890.0513,-2357102.4,26380.798,-2330721.6,8934.7809,8246.1273,9489.2458,0.001942,surface-distance,analytic ellipsoid Fe4Al13/Al interface from Stage E geometry metadata; r is radial signed distance from ellipsoid surface into Al matrix,16-18,17.0,5921,1009.188271474704,970.2417258137543,1064.4696993928135,1014.6332322270906,84.49469478105684,1066.278941917496,7593.642000354749,8999.860635890996,5938.621590843419,7711.130974426929,5921,1.0,120.0,157.66754782649832,0,0,0,0.0,,,,,5.064299877574387,weak_hcp,local_lattice_disturbance_no_DXA,157.66754782649832,157.66754782649832,0.3289390901061841,0.42015978146457,16.0,18.0
step_40000,E4_phys001942_700k_80k,40000,8.0,C:\Users\dille\Documents\ilua-system\projects\physics_md_al_fe\runs\stageE_700k_dxa_confirm\20260625-102200\cases\E4_700k_dxa_confirm\E4_phys001942_700k_80k\production\dump.chunk0030000_0040000.lammpstrj,C:\Users\dille\Documents\ilua-system\projects\physics_md_al_fe\runs\stageE_700k_dxa_confirm\20260625-102200\cases\E4_700k_dxa_confirm\E4_phys001942_700k_80k\production\restart.40000,287.36472,8890.0513,-2357102.4,26380.798,-2330721.6,8934.7809,8246.1273,9489.2458,0.001942,surface-distance,analytic ellipsoid Fe4Al13/Al interface from Stage E geometry metadata; r is radial signed distance from ellipsoid surface into Al matrix,18-20,19.0,6201,1027.7559605653082,1036.3216603264543,1105.038243495214,1056.3719547956587,81.95646092740773,1108.7412339266875,7651.1811430872995,9179.01240487411,6017.839315841218,7490.572942366969,6201,1.0,120.0,157.66754782649832,0,0,0,0.0,,,,,5.064299877574387,weak_hcp,local_lattice_disturbance_no_DXA,157.66754782649832,157.66754782649832,0.3289390901061841,0.42015978146457,18.0,20.0
step_40000,E4_phys001942_700k_80k,40000,8.0,C:\Users\dille\Documents\ilua-system\projects\physics_md_al_fe\runs\stageE_700k_dxa_confirm\20260625-102200\cases\E4_700k_dxa_confirm\E4_phys001942_700k_80k\production\dump.chunk0030000_0040000.lammpstrj,C:\Users\dille\Documents\ilua-system\projects\physics_md_al_fe\runs\stageE_700k_dxa_confirm\20260625-102200\cases\E4_700k_dxa_confirm\E4_phys001942_700k_80k\production\restart.40000,287.36472,8890.0513,-2357102.4,26380.798,-2330721.6,8934.7809,8246.1273,9489.2458,0.001942,surface-distance,analytic ellipsoid Fe4Al13/Al interface from Stage E geometry metadata; r is radial signed distance from ellipsoid surface into Al matrix,20-22,21.0,6536,1102.5094756332792,1086.912324346227,1107.9487911213891,1099.1235303669653,29.472784342760868,1109.7818490072202,7660.839659333822,9169.054218750134,5993.351922610794,7625.206971076672,6536,1.0,120.0,157.66754782649832,0,0,0,0.0,,,,,5.064299877574387,weak_hcp,local_lattice_disturbance_no_DXA,157.66754782649832,157.66754782649832,0.3289390901061841,0.42015978146457,20.0,22.0
step_40000,E4_phys001942_700k_80k,40000,8.0,C:\Users\dille\Documents\ilua-system\projects\physics_md_al_fe\runs\stageE_700k_dxa_confirm\20260625-102200\cases\E4_700k_dxa_confirm\E4_phys001942_700k_80k\production\dump.chunk0030000_0040000.lammpstrj,C:\Users\dille\Documents\ilua-system\projects\physics_md_al_fe\runs\stageE_700k_dxa_confirm\20260625-102200\cases\E4_700k_dxa_confirm\E4_phys001942_700k_80k\production\restart.40000,287.36472,8890.0513,-2357102.4,26380.798,-2330721.6,8934.7809,8246.1273,9489.2458,0.001942,surface-distance,analytic ellipsoid Fe4Al13/Al interface from Stage E geometry metadata; r is radial signed distance from ellipsoid surface into Al matrix,22-24,23.0,6930,1098.0181765990333,1063.4225617948543,1095.7036551787785,1085.7147978575556,49.828531799579565,1114.5879813771576,7662.608228190429,9120.1394593642,5976.029626686947,7722.9284884133085,6930,1.0,120.0,157.66754782649832,0,0,0,0.0,,,,,5.064299877574387,weak_hcp,local_lattice_disturbance_no_DXA,157.66754782649832,157.66754782649832,0.3289390901061841,0.42015978146457,22.0,24.0
step_40000,E4_phys001942_700k_80k,40000,8.0,C:\Users\dille\Documents\ilua-system\projects\physics_md_al_fe\runs\stageE_700k_dxa_confirm\20260625-102200\cases\E4_700k_dxa_confirm\E4_phys001942_700k_80k\production\dump.chunk0030000_0040000.lammpstrj,C:\Users\dille\Documents\ilua-system\projects\physics_md_al_fe\runs\stageE_700k_dxa_confirm\20260625-102200\cases\E4_700k_dxa_confirm\E4_phys001942_700k_80k\production\restart.40000,287.36472,8890.0513,-2357102.4,26380.798,-2330721.6,8934.7809,8246.1273,9489.2458,0.001942,surface-distance,analytic ellipsoid Fe4Al13/Al interface from Stage E geometry metadata; r is radial signed distance from ellipsoid surface into Al matrix,24-26,25.0,7547,1112.859219638562,1079.4912766795776,1108.8065156943537,1100.3856706708311,60.076351269194966,1132.0348448280251,7540.420734671214,8929.374819181327,5889.895318780017,7428.893233417676,7547,1.0,120.0,157.66754782649832,0,0,0,0.0,,,,,5.064299877574387,weak_hcp,local_lattice_disturbance_no_DXA,157.66754782649832,157.66754782649832,0.3289390901061841,0.42015978146457,24.0,26.0
step_40000,E4_phys001942_700k_80k,40000,8.0,C:\Users\dille\Documents\ilua-system\projects\physics_md_al_fe\runs\stageE_700k_dxa_confirm\20260625-102200\cases\E4_700k_dxa_confirm\E4_phys001942_700k_80k\production\dump.chunk0030000_0040000.lammpstrj,C:\Users\dille\Documents\ilua-system\projects\physics_md_al_fe\runs\stageE_700k_dxa_confirm\20260625-102200\cases\E4_700k_dxa_confirm\E4_phys001942_700k_80k\production\restart.40000,287.36472,8890.0513,-2357102.4,26380.798,-2330721.6,8934.7809,8246.1273,9489.2458,0.001942,surface-distance,analytic ellipsoid Fe4Al13/Al interface from Stage E geometry metadata; r is radial signed distance from ellipsoid surface into Al matrix,26-28,27.0,7887,1036.924267134591,1033.149581756991,1035.196086505219,1035.0899784656003,34.42318056580406,1050.093169746257,7580.520456664636,9038.047040025282,5994.504235131651,7435.903385306966,7887,1.0,120.0,157.66754782649832,0,0,0,0.0,,,,,5.064299877574387,weak_hcp,local_lattice_disturbance_no_DXA,157.66754782649832,157.66754782649832,0.3289390901061841,0.42015978146457,26.0,28.0
step_40000,E4_phys001942_700k_80k,40000,8.0,C:\Users\dille\Documents\ilua-system\projects\physics_md_al_fe\runs\stageE_700k_dxa_confirm\20260625-102200\cases\E4_700k_dxa_confirm\E4_phys001942_700k_80k\production\dump.chunk0030000_0040000.lammpstrj,C:\Users\dille\Documents\ilua-system\projects\physics_md_al_fe\runs\stageE_700k_dxa_confirm\20260625-102200\cases\E4_700k_dxa_confirm\E4_phys001942_700k_80k\production\restart.40000,287.36472,8890.0513,-2357102.4,26380.798,-2330721.6,8934.7809,8246.1273,9489.2458,0.001942,surface-distance,analytic ellipsoid Fe4Al13/Al interface from Stage E geometry metadata; r is radial signed distance from ellipsoid surface into Al matrix,28-30,29.0,8221,1026.7729982447393,959.7018990625402,979.989767411959,988.8215549064129,68.9266499118033,1029.5956648732354,7604.5554767466665,9024.807402865385,5944.067245315353,7332.570737810022,8221,1.0,120.0,157.66754782649832,0,0,0,0.0,,,,,5.064299877574387,weak_hcp,local_lattice_disturbance_no_DXA,157.66754782649832,157.66754782649832,0.3289390901061841,0.42015978146457,28.0,30.0
step_40000,E4_phys001942_700k_80k,40000,8.0,C:\Users\dille\Documents\ilua-system\projects\physics_md_al_fe\runs\stageE_700k_dxa_confirm\20260625-102200\cases\E4_700k_dxa_confirm\E4_phys001942_700k_80k\production\dump.chunk0030000_0040000.lammpstrj,C:\Users\dille\Documents\ilua-system\projects\physics_md_al_fe\runs\stageE_700k_dxa_confirm\20260625-102200\cases\E4_700k_dxa_confirm\E4_phys001942_700k_80k\production\restart.40000,287.36472,8890.0513,-2357102.4,26380.798,-2330721.6,8934.7809,8246.1273,9489.2458,0.001942,surface-distance,analytic ellipsoid Fe4Al13/Al interface from Stage E geometry metadata; r is radial signed distance from ellipsoid surface into Al matrix,30-32,31.0,8675,969.3443456231394,924.5279687937841,964.3921642583575,952.7548262250936,47.55199771024018,971.6197227838836,7582.744840682048,9053.583491279864,5949.411809184933,7410.397263565932,8675,1.0,120.0,157.66754782649832,0,0,0,0.0,,,,,5.064299877574387,weak_hcp,local_lattice_disturbance_no_DXA,157.66754782649832,157.66754782649832,0.3289390901061841,0.42015978146457,30.0,32.0
step_40000,E4_phys001942_700k_80k,40000,8.0,C:\Users\dille\Documents\ilua-system\projects\physics_md_al_fe\runs\stageE_700k_dxa_confirm\20260625-102200\cases\E4_700k_dxa_confirm\E4_phys001942_700k_80k\production\dump.chunk0030000_0040000.lammpstrj,C:\Users\dille\Documents\ilua-system\projects\physics_md_al_fe\runs\stageE_700k_dxa_confirm\20260625-102200\cases\E4_700k_dxa_confirm\E4_phys001942_700k_80k\production\restart.40000,287.36472,8890.0513,-2357102.4,26380.798,-2330721.6,8934.7809,8246.1273,9489.2458,0.001942,surface-distance,analytic ellipsoid Fe4Al13/Al interface from Stage E geometry metadata; r is radial signed distance from ellipsoid surface into Al matrix,32-34,33.0,9211,943.8198745649894,921.233433107127,958.228105066543,941.0938042462197,42.93231187093253,961.3421729371325,7578.210674965445,8865.038236305802,5852.291419894431,7420.320991030138,9211,1.0,120.0,157.66754782649832,0,0,0,0.0,,,,,5.064299877574387,weak_hcp,local_lattice_disturbance_no_DXA,157.66754782649832,157.66754782649832,0.3289390901061841,0.42015978146457,32.0,34.0
step_40000,E4_phys001942_700k_80k,40000,8.0,C:\Users\dille\Documents\ilua-system\projects\physics_md_al_fe\runs\stageE_700k_dxa_confirm\20260625-102200\cases\E4_700k_dxa_confirm\E4_phys001942_700k_80k\production\dump.chunk0030000_0040000.lammpstrj,C:\Users\dille\Documents\ilua-system\projects\physics_md_al_fe\runs\stageE_700k_dxa_confirm\20260625-102200\cases\E4_700k_dxa_confirm\E4_phys001942_700k_80k\production\restart.40000,287.36472,8890.0513,-2357102.4,26380.798,-2330721.6,8934.7809,8246.1273,9489.2458,0.001942,surface-distance,analytic ellipsoid Fe4Al13/Al interface from Stage E geometry metadata; r is radial signed distance from ellipsoid surface into Al matrix,34-36,35.0,9809,886.1829052540427,902.1379107063912,939.083228619159,909.1346815265309,54.96834669643245,943.7141791544324,7553.175182496066,8899.540093552152,5893.598965550708,7558.599696992501,9809,1.0,120.0,157.66754782649832,0,0,0,0.0,,,,,5.064299877574387,weak_hcp,local_lattice_disturbance_no_DXA,157.66754782649832,157.66754782649832,0.3289390901061841,0.42015978146457,34.0,36.0
step_40000,E4_phys001942_700k_80k,40000,8.0,C:\Users\dille\Documents\ilua-system\projects\physics_md_al_fe\runs\stageE_700k_dxa_confirm\20260625-102200\cases\E4_700k_dxa_confirm\E4_phys001942_700k_80k\production\dump.chunk0030000_0040000.lammpstrj,C:\Users\dille\Documents\ilua-system\projects\physics_md_al_fe\runs\stageE_700k_dxa_confirm\20260625-102200\cases\E4_700k_dxa_confirm\E4_phys001942_700k_80k\production\restart.40000,287.36472,8890.0513,-2357102.4,26380.798,-2330721.6,8934.7809,8246.1273,9489.2458,0.001942,surface-distance,analytic ellipsoid Fe4Al13/Al interface from Stage E geometry metadata; r is radial signed distance from ellipsoid surface into Al matrix,36-38,37.0,9991,907.527662204358,875.9998547739772,882.3505015361766,888.6260061715038,74.84727013774287,934.4514215976949,7429.943642352006,8750.965502242803,5779.707765675976,7323.292064665581,9991,1.0,120.0,157.66754782649832,0,0,0,0.0,,,,,5.064299877574387,weak_hcp,local_lattice_disturbance_no_DXA,157.66754782649832,157.66754782649832,0.3289390901061841,0.42015978146457,36.0,38.0
step_40000,E4_phys001942_700k_80k,40000,8.0,C:\Users\dille\Documents\ilua-system\projects\physics_md_al_fe\runs\stageE_700k_dxa_confirm\20260625-102200\cases\E4_700k_dxa_confirm\E4_phys001942_700k_80k\production\dump.chunk0030000_0040000.lammpstrj,C:\Users\dille\Documents\ilua-system\projects\physics_md_al_fe\runs\stageE_700k_dxa_confirm\20260625-102200\cases\E4_700k_dxa_confirm\E4_phys001942_700k_80k\production\restart.40000,287.36472,8890.0513,-2357102.4,26380.798,-2330721.6,8934.7809,8246.1273,9489.2458,0.001942,surface-distance,analytic ellipsoid Fe4Al13/Al interface from Stage E geometry metadata; r is radial signed distance from ellipsoid surface into Al matrix,38-40,39.0,10654,853.4923630526181,836.9426039498153,873.2470970763185,854.5606880262507,66.1137041141895,889.2567285383262,7559.3022340140005,8960.669543668288,5819.694815339031,7383.898889424424,10654,1.0,120.0,157.66754782649832,0,0,0,0.0,,,,,5.064299877574387,weak_hcp,local_lattice_disturbance_no_DXA,157.66754782649832,157.66754782649832,0.3289390901061841,0.42015978146457,38.0,40.0
step_40000,E4_phys001942_700k_80k,40000,8.0,C:\Users\dille\Documents\ilua-system\projects\physics_md_al_fe\runs\stageE_700k_dxa_confirm\20260625-102200\cases\E4_700k_dxa_confirm\E4_phys001942_700k_80k\production\dump.chunk0030000_0040000.lammpstrj,C:\Users\dille\Documents\ilua-system\projects\physics_md_al_fe\runs\stageE_700k_dxa_confirm\20260625-102200\cases\E4_700k_dxa_confirm\E4_phys001942_700k_80k\production\restart.40000,287.36472,8890.0513,-2357102.4,26380.798,-2330721.6,8934.7809,8246.1273,9489.2458,0.001942,surface-distance,analytic ellipsoid Fe4Al13/Al interface from Stage E geometry metadata; r is radial signed distance from ellipsoid surface into Al matrix,40-42,41.0,11087,854.9323663696637,801.0200876661381,854.3530556036342,836.7685032131453,64.53803783237466,865.8785460627688,7533.88374533079,8889.175085763827,5794.769061966858,7545.54817815313,11087,1.0,120.0,157.66754782649832,0,0,0,0.0,,,,,5.064299877574387,weak_hcp,local_lattice_disturbance_no_DXA,157.66754782649832,157.66754782649832,0.3289390901061841,0.42015978146457,40.0,42.0
step_40000,E4_phys001942_700k_80k,40000,8.0,C:\Users\dille\Documents\ilua-system\projects\physics_md_al_fe\runs\stageE_700k_dxa_confirm\20260625-102200\cases\E4_700k_dxa_confirm\E4_phys001942_700k_80k\production\dump.chunk0030000_0040000.lammpstrj,C:\Users\dille\Documents\ilua-system\projects\physics_md_al_fe\runs\stageE_700k_dxa_confirm\20260625-102200\cases\E4_700k_dxa_confirm\E4_phys001942_700k_80k\production\restart.40000,287.36472,8890.0513,-2357102.4,26380.798,-2330721.6,8934.7809,8246.1273,9489.2458,0.001942,surface-distance,analytic ellipsoid Fe4Al13/Al interface from Stage E geometry metadata; r is radial signed distance from ellipsoid surface into Al matrix,42-44,43.0,11701,847.9806826224522,803.571705253158,829.7583617817986,827.1035832191363,71.33999398102029,866.6369946745442,7613.349479045247,9082.774475557773,5807.119565617296,7436.6579544459455,11701,1.0,120.0,157.66754782649832,0,0,0,0.0,,,,,5.064299877574387,weak_hcp,local_lattice_disturbance_no_DXA,157.66754782649832,157.66754782649832,0.3289390901061841,0.42015978146457,42.0,44.0
step_40000,E4_phys001942_700k_80k,40000,8.0,C:\Users\dille\Documents\ilua-system\projects\physics_md_al_fe\runs\stageE_700k_dxa_confirm\20260625-102200\cases\E4_700k_dxa_confirm\E4_phys001942_700k_80k\production\dump.chunk0030000_0040000.lammpstrj,C:\Users\dille\Documents\ilua-system\projects\physics_md_al_fe\runs\stageE_700k_dxa_confirm\20260625-102200\cases\E4_700k_dxa_confirm\E4_phys001942_700k_80k\production\restart.40000,287.36472,8890.0513,-2357102.4,26380.798,-2330721.6,8934.7809,8246.1273,9489.2458,0.001942,surface-distance,analytic ellipsoid Fe4Al13/Al interface from Stage E geometry metadata; r is radial signed distance from ellipsoid surface into Al matrix,44-46,45.0,12265,860.2047513781467,771.1618711277745,862.0434612185338,831.1366945748183,91.97079959543109,863.1790425754677,7520.884100786039,8866.537046969237,5849.217784199107,7495.971661916386,12265,1.0,120.0,157.66754782649832,0,0,0,0.0,,,,,5.064299877574387,weak_hcp,local_lattice_disturbance_no_DXA,157.66754782649832,157.66754782649832,0.3289390901061841,0.42015978146457,44.0,46.0
step_40000,E4_phys001942_700k_80k,40000,8.0,C:\Users\dille\Documents\ilua-system\projects\physics_md_al_fe\runs\stageE_700k_dxa_confirm\20260625-102200\cases\E4_700k_dxa_confirm\E4_phys001942_700k_80k\production\dump.chunk0030000_0040000.lammpstrj,C:\Users\dille\Documents\ilua-system\projects\physics_md_al_fe\runs\stageE_700k_dxa_confirm\20260625-102200\cases\E4_700k_dxa_confirm\E4_phys001942_700k_80k\production\restart.40000,287.36472,8890.0513,-2357102.4,26380.798,-2330721.6,8934.7809,8246.1273,9489.2458,0.001942,surface-distance,analytic ellipsoid Fe4Al13/Al interface from Stage E geometry metadata; r is radial signed distance from ellipsoid surface into Al matrix,46-48,47.0,12821,841.8134785858233,888.8840978283368,855.4451559902893,862.0475774681499,56.74169391230244,896.8382172299707,7507.557786871166,8851.193926083519,5818.414033511019,7337.805786860384,12821,1.0,120.0,157.66754782649832,0,0,0,0.0,,,,,5.064299877574387,weak_hcp,local_lattice_disturbance_no_DXA,157.66754782649832,157.66754782649832,0.3289390901061841,0.42015978146457,46.0,48.0
step_40000,E4_phys001942_700k_80k,40000,8.0,C:\Users\dille\Documents\ilua-system\projects\physics_md_al_fe\runs\stageE_700k_dxa_confirm\20260625-102200\cases\E4_700k_dxa_confirm\E4_phys001942_700k_80k\production\dump.chunk0030000_0040000.lammpstrj,C:\Users\dille\Documents\ilua-system\projects\physics_md_al_fe\runs\stageE_700k_dxa_confirm\20260625-102200\cases\E4_700k_dxa_confirm\E4_phys001942_700k_80k\production\restart.40000,287.36472,8890.0513,-2357102.4,26380.798,-2330721.6,8934.7809,8246.1273,9489.2458,0.001942,surface-distance,analytic ellipsoid Fe4Al13/Al interface from Stage E geometry metadata; r is radial signed distance from ellipsoid surface into Al matrix,48-50,49.0,13222,907.9889403107996,888.858243961539,885.2903453478141,894.0458432067176,37.09419632980523,917.4060698310911,7499.882823815415,8995.141322275616,5883.49231223462,7401.523554560663,13222,1.0,120.0,157.66754782649832,0,0,0,0.0,,,,,5.064299877574387,weak_hcp,local_lattice_disturbance_no_DXA,157.66754782649832,157.66754782649832,0.3289390901061841,0.42015978146457,48.0,50.0
step_40000,E4_phys001942_700k_80k,40000,8.0,C:\Users\dille\Documents\ilua-system\projects\physics_md_al_fe\runs\stageE_700k_dxa_confirm\20260625-102200\cases\E4_700k_dxa_confirm\E4_phys001942_700k_80k\production\dump.chunk0030000_0040000.lammpstrj,C:\Users\dille\Documents\ilua-system\projects\physics_md_al_fe\runs\stageE_700k_dxa_confirm\20260625-102200\cases\E4_700k_dxa_confirm\E4_phys001942_700k_80k\production\restart.40000,287.36472,8890.0513,-2357102.4,26380.798,-2330721.6,8934.7809,8246.1273,9489.2458,0.001942,surface-distance,analytic ellipsoid Fe4Al13/Al interface from Stage E geometry metadata; r is radial signed distance from ellipsoid surface into Al matrix,50-55,52.5,35824,921.481108778279,905.2134151239145,926.2735575428026,917.6560271483319,55.989841534835136,944.7233876604705,7503.619662950686,8936.796101832082,5880.798067163008,7442.0055269644,35824,1.0,120.0,157.66754782649832,0,0,0,0.0,,,,,5.064299877574387,weak_hcp,local_lattice_disturbance_no_DXA,157.66754782649832,157.66754782649832,0.3289390901061841,0.42015978146457,50.0,55.0
step_40000,E4_phys001942_700k_80k,40000,8.0,C:\Users\dille\Documents\ilua-system\projects\physics_md_al_fe\runs\stageE_700k_dxa_confirm\20260625-102200\cases\E4_700k_dxa_confirm\E4_phys001942_700k_80k\production\dump.chunk0030000_0040000.lammpstrj,C:\Users\dille\Documents\ilua-system\projects\physics_md_al_fe\runs\stageE_700k_dxa_confirm\20260625-102200\cases\E4_700k_dxa_confirm\E4_phys001942_700k_80k\production\restart.40000,287.36472,8890.0513,-2357102.4,26380.798,-2330721.6,8934.7809,8246.1273,9489.2458,0.001942,surface-distance,analytic ellipsoid Fe4Al13/Al interface from Stage E geometry metadata; r is radial signed distance from ellipsoid surface into Al matrix,55-60,57.5,39575,899.6322887728916,916.7405107556968,957.5613991043306,924.6447328776397,54.34355119470257,958.6522891566003,7524.039352167966,9018.20189127737,5826.708878471857,7491.633190232117,39575,1.0,120.0,157.66754782649832,0,0,0,0.0,,,,,5.064299877574387,weak_hcp,local_lattice_disturbance_no_DXA,157.66754782649832,157.66754782649832,0.3289390901061841,0.42015978146457,55.0,60.0
step_40000,E4_phys001942_700k_80k,40000,8.0,C:\Users\dille\Documents\ilua-system\projects\physics_md_al_fe\runs\stageE_700k_dxa_confirm\20260625-102200\cases\E4_700k_dxa_confirm\E4_phys001942_700k_80k\production\dump.chunk0030000_0040000.lammpstrj,C:\Users\dille\Documents\ilua-system\projects\physics_md_al_fe\runs\stageE_700k_dxa_confirm\20260625-102200\cases\E4_700k_dxa_confirm\E4_phys001942_700k_80k\production\restart.40000,287.36472,8890.0513,-2357102.4,26380.798,-2330721.6,8934.7809,8246.1273,9489.2458,0.001942,surface-distance,analytic ellipsoid Fe4Al13/Al interface from Stage E geometry metadata; r is radial signed distance from ellipsoid surface into Al matrix,60-65,62.5,43012,888.5102088236231,844.3813053626645,901.1986055178827,878.0300399013901,59.28304330389314,911.8577132673912,7497.315665846282,8919.892210491955,5824.65788253069,7417.364692641125,43012,1.0,120.0,157.66754782649832,0,0,0,0.0,,,,,5.064299877574387,weak_hcp,local_lattice_disturbance_no_DXA,157.66754782649832,157.66754782649832,0.3289390901061841,0.42015978146457,60.0,65.0
step_40000,E4_phys001942_700k_80k,40000,8.0,C:\Users\dille\Documents\ilua-system\projects\physics_md_al_fe\runs\stageE_700k_dxa_confirm\20260625-102200\cases\E4_700k_dxa_confirm\E4_phys001942_700k_80k\production\dump.chunk0030000_0040000.lammpstrj,C:\Users\dille\Documents\ilua-system\projects\physics_md_al_fe\runs\stageE_700k_dxa_confirm\20260625-102200\cases\E4_700k_dxa_confirm\E4_phys001942_700k_80k\production\restart.40000,287.36472,8890.0513,-2357102.4,26380.798,-2330721.6,8934.7809,8246.1273,9489.2458,0.001942,surface-distance,analytic ellipsoid Fe4Al13/Al interface from Stage E geometry metadata; r is radial signed distance from ellipsoid surface into Al matrix,65-70,67.5,42830,894.8268892845831,871.787279388217,910.4208301027171,892.344999591839,37.264100188746184,913.558892392499,7530.433337847007,8958.506422253608,5826.106847831066,7386.720400343647,42830,1.0,120.0,157.66754782649832,0,0,0,0.0,,,,,5.064299877574387,weak_hcp,local_lattice_disturbance_no_DXA,157.66754782649832,157.66754782649832,0.3289390901061841,0.42015978146457,65.0,70.0
step_40000,E4_phys001942_700k_80k,40000,8.0,C:\Users\dille\Documents\ilua-system\projects\physics_md_al_fe\runs\stageE_700k_dxa_confirm\20260625-102200\cases\E4_700k_dxa_confirm\E4_phys001942_700k_80k\production\dump.chunk0030000_0040000.lammpstrj,C:\Users\dille\Documents\ilua-system\projects\physics_md_al_fe\runs\stageE_700k_dxa_confirm\20260625-102200\cases\E4_700k_dxa_confirm\E4_phys001942_700k_80k\production\restart.40000,287.36472,8890.0513,-2357102.4,26380.798,-2330721.6,8934.7809,8246.1273,9489.2458,0.001942,surface-distance,analytic ellipsoid Fe4Al13/Al interface from Stage E geometry metadata; r is radial signed distance from ellipsoid surface into Al matrix,70-75,72.5,42427,849.9576713777126,812.8177256719373,880.1109574681618,847.6287848392707,58.885771622578346,880.553675865426,7463.460491520836,8881.677284376687,5810.748597895774,7405.795234239806,42427,1.0,120.0,157.66754782649832,0,0,0,0.0,,,,,5.064299877574387,weak_hcp,local_lattice_disturbance_no_DXA,157.66754782649832,157.66754782649832,0.3289390901061841,0.42015978146457,70.0,75.0
step_40000,E4_phys001942_700k_80k,40000,8.0,C:\Users\dille\Documents\ilua-system\projects\physics_md_al_fe\runs\stageE_700k_dxa_confirm\20260625-102200\cases\E4_700k_dxa_confirm\E4_phys001942_700k_80k\production\dump.chunk0030000_0040000.lammpstrj,C:\Users\dille\Documents\ilua-system\projects\physics_md_al_fe\runs\stageE_700k_dxa_confirm\20260625-102200\cases\E4_700k_dxa_confirm\E4_phys001942_700k_80k\production\restart.40000,287.36472,8890.0513,-2357102.4,26380.798,-2330721.6,8934.7809,8246.1273,9489.2458,0.001942,surface-distance,analytic ellipsoid Fe4Al13/Al interface from Stage E geometry metadata; r is radial signed distance from ellipsoid surface into Al matrix,75-80,77.5,41306,834.886564870354,836.4893734038874,912.1394977179006,861.1718119973807,79.90215832459451,912.677483686867,7492.948828915044,8867.348519922001,5812.017645993156,7383.3958433317775,41306,1.0,120.0,157.66754782649832,0,0,0,0.0,,,,,5.064299877574387,weak_hcp,local_lattice_disturbance_no_DXA,157.66754782649832,157.66754782649832,0.3289390901061841,0.42015978146457,75.0,80.0
step_40000,E4_phys001942_700k_80k,40000,8.0,C:\Users\dille\Documents\ilua-system\projects\physics_md_al_fe\runs\stageE_700k_dxa_confirm\20260625-102200\cases\E4_700k_dxa_confirm\E4_phys001942_700k_80k\production\dump.chunk0030000_0040000.lammpstrj,C:\Users\dille\Documents\ilua-system\projects\physics_md_al_fe\runs\stageE_700k_dxa_confirm\20260625-102200\cases\E4_700k_dxa_confirm\E4_phys001942_700k_80k\production\restart.40000,287.36472,8890.0513,-2357102.4,26380.798,-2330721.6,8934.7809,8246.1273,9489.2458,0.001942,surface-distance,analytic ellipsoid Fe4Al13/Al interface from Stage E geometry metadata; r is radial signed distance from ellipsoid surface into Al matrix,80-85,82.5,38794,876.4148652437834,882.6011811236667,950.7304992578302,903.2488485417601,73.24107678910576,951.9268154563251,7477.616869792882,8890.683547682718,5813.651041469848,7354.431580568623,38794,1.0,120.0,157.66754782649832,0,0,0,0.0,,,,,5.064299877574387,weak_hcp,local_lattice_disturbance_no_DXA,157.66754782649832,157.66754782649832,0.3289390901061841,0.42015978146457,80.0,85.0
step_40000,E4_phys001942_700k_80k,40000,8.0,C:\Users\dille\Documents\ilua-system\projects\physics_md_al_fe\runs\stageE_700k_dxa_confirm\20260625-102200\cases\E4_700k_dxa_confirm\E4_phys001942_700k_80k\production\dump.chunk0030000_0040000.lammpstrj,C:\Users\dille\Documents\ilua-system\projects\physics_md_al_fe\runs\stageE_700k_dxa_confirm\20260625-102200\cases\E4_700k_dxa_confirm\E4_phys001942_700k_80k\production\restart.40000,287.36472,8890.0513,-2357102.4,26380.798,-2330721.6,8934.7809,8246.1273,9489.2458,0.001942,surface-distance,analytic ellipsoid Fe4Al13/Al interface from Stage E geometry metadata; r is radial signed distance from ellipsoid surface into Al matrix,85-90,87.5,36339,956.7058439790037,952.5884765864666,969.9312460032558,959.7418555229087,21.412177619348807,973.4316871327306,7446.694784733594,8852.718424473427,5864.097959827447,7469.2981844101,36339,1.0,120.0,157.66754782649832,0,1,0,0.0,,,,,5.064299877574387,weak_hcp,local_lattice_disturbance_no_DXA,157.66754782649832,157.66754782649832,0.3289390901061841,0.42015978146457,85.0,90.0
step_40000,E4_phys001942_700k_80k,40000,8.0,C:\Users\dille\Documents\ilua-system\projects\physics_md_al_fe\runs\stageE_700k_dxa_confirm\20260625-102200\cases\E4_700k_dxa_confirm\E4_phys001942_700k_80k\production\dump.chunk0030000_0040000.lammpstrj,C:\Users\dille\Documents\ilua-system\projects\physics_md_al_fe\runs\stageE_700k_dxa_confirm\20260625-102200\cases\E4_700k_dxa_confirm\E4_phys001942_700k_80k\production\restart.40000,287.36472,8890.0513,-2357102.4,26380.798,-2330721.6,8934.7809,8246.1273,9489.2458,0.001942,surface-distance,analytic ellipsoid Fe4Al13/Al interface from Stage E geometry metadata; r is radial signed distance from ellipsoid surface into Al matrix,90-95,92.5,33160,1025.1224866794664,1002.231929515086,1001.8941000377916,1009.7495054107814,34.709712714685246,1032.0044298328703,7508.98164947767,8866.01479968315,5909.06311992656,7438.925272241542,33160,1.0,120.0,157.66754782649832,0,0,0,0.0,,,,,5.064299877574387,weak_hcp,local_lattice_disturbance_no_DXA,157.66754782649832,157.66754782649832,0.3289390901061841,0.42015978146457,90.0,95.0
step_40000,E4_phys001942_700k_80k,40000,8.0,C:\Users\dille\Documents\ilua-system\projects\physics_md_al_fe\runs\stageE_700k_dxa_confirm\20260625-102200\cases\E4_700k_dxa_confirm\E4_phys001942_700k_80k\production\dump.chunk0030000_0040000.lammpstrj,C:\Users\dille\Documents\ilua-system\projects\physics_md_al_fe\runs\stageE_700k_dxa_confirm\20260625-102200\cases\E4_700k_dxa_confirm\E4_phys001942_700k_80k\production\restart.40000,287.36472,8890.0513,-2357102.4,26380.798,-2330721.6,8934.7809,8246.1273,9489.2458,0.001942,surface-distance,analytic ellipsoid Fe4Al13/Al interface from Stage E geometry metadata; r is radial signed distance from ellipsoid surface into Al matrix,95-100,97.5,29577,986.8827260810835,987.6124092956694,1016.9475765670586,997.1475706479372,35.09140155648575,1020.3761613813433,7532.888384789572,8946.709448163758,5927.772402983864,7493.174821917976,29577,1.0,120.0,157.66754782649832,0,0,0,0.0,,,,,5.064299877574387,weak_hcp,local_lattice_disturbance_no_DXA,157.66754782649832,157.66754782649832,0.3289390901061841,0.42015978146457,95.0,100.0
step_40000,E4_phys001942_700k_80k,40000,8.0,C:\Users\dille\Documents\ilua-system\projects\physics_md_al_fe\runs\stageE_700k_dxa_confirm\20260625-102200\cases\E4_700k_dxa_confirm\E4_phys001942_700k_80k\production\dump.chunk0030000_0040000.lammpstrj,C:\Users\dille\Documents\ilua-system\projects\physics_md_al_fe\runs\stageE_700k_dxa_confirm\20260625-102200\cases\E4_700k_dxa_confirm\E4_phys001942_700k_80k\production\restart.40000,287.36472,8890.0513,-2357102.4,26380.798,-2330721.6,8934.7809,8246.1273,9489.2458,0.001942,surface-distance,analytic ellipsoid Fe4Al13/Al interface from Stage E geometry metadata; r is radial signed distance from ellipsoid surface into Al matrix,100-105,102.5,25683,967.1176991757277,1004.2586652244227,944.9325814959346,972.1029819653617,52.837929139840334,1004.7486552273913,7483.761122605196,8872.68244194819,5895.898776754211,7518.812120750159,25683,1.0,120.0,157.66754782649832,0,0,0,0.0,,,,,5.064299877574387,weak_hcp,local_lattice_disturbance_no_DXA,157.66754782649832,157.66754782649832,0.3289390901061841,0.42015978146457,100.0,105.0
step_40000,E4_phys001942_700k_80k,40000,8.0,C:\Users\dille\Documents\ilua-system\projects\physics_md_al_fe\runs\stageE_700k_dxa_confirm\20260625-102200\cases\E4_700k_dxa_confirm\E4_phys001942_700k_80k\production\dump.chunk0030000_0040000.lammpstrj,C:\Users\dille\Documents\ilua-system\projects\physics_md_al_fe\runs\stageE_700k_dxa_confirm\20260625-102200\cases\E4_700k_dxa_confirm\E4_phys001942_700k_80k\production\restart.40000,287.36472,8890.0513,-2357102.4,26380.798,-2330721.6,8934.7809,8246.1273,9489.2458,0.001942,surface-distance,analytic ellipsoid Fe4Al13/Al interface from Stage E geometry metadata; r is radial signed distance from ellipsoid surface into Al matrix,105-110,107.5,21749,966.6284013374449,924.7032276127444,918.3625355782596,936.5647215094829,52.51028042533548,971.022390881493,7409.963199891485,8746.63587569332,5850.956783251474,7417.83584705566,21749,1.0,120.0,157.66754782649832,0,0,0,0.0,,,,,5.064299877574387,weak_hcp,local_lattice_disturbance_no_DXA,157.66754782649832,157.66754782649832,0.3289390901061841,0.42015978146457,105.0,110.0
step_40000,E4_phys001942_700k_80k,40000,8.0,C:\Users\dille\Documents\ilua-system\projects\physics_md_al_fe\runs\stageE_700k_dxa_confirm\20260625-102200\cases\E4_700k_dxa_confirm\E4_phys001942_700k_80k\production\dump.chunk0030000_0040000.lammpstrj,C:\Users\dille\Documents\ilua-system\projects\physics_md_al_fe\runs\stageE_700k_dxa_confirm\20260625-102200\cases\E4_700k_dxa_confirm\E4_phys001942_700k_80k\production\restart.40000,287.36472,8890.0513,-2357102.4,26380.798,-2330721.6,8934.7809,8246.1273,9489.2458,0.001942,surface-distance,analytic ellipsoid Fe4Al13/Al interface from Stage E geometry metadata; r is radial signed distance from ellipsoid surface into Al matrix,110-115,112.5,18315,873.8794577370804,891.0092228102417,820.7754609612823,861.8880471695347,66.10142865276048,893.3985621630054,7486.134239589045,8881.409961856163,5830.191690414794,7360.139589222856,18315,1.0,120.0,157.66754782649832,0,0,0,0.0,,,,,5.064299877574387,weak_hcp,local_lattice_disturbance_no_DXA,157.66754782649832,157.66754782649832,0.3289390901061841,0.42015978146457,110.0,115.0
step_40000,E4_phys001942_700k_80k,40000,8.0,C:\Users\dille\Documents\ilua-system\projects\physics_md_al_fe\runs\stageE_700k_dxa_confirm\20260625-102200\cases\E4_700k_dxa_confirm\E4_phys001942_700k_80k\production\dump.chunk0030000_0040000.lammpstrj,C:\Users\dille\Documents\ilua-system\projects\physics_md_al_fe\runs\stageE_700k_dxa_confirm\20260625-102200\cases\E4_700k_dxa_confirm\E4_phys001942_700k_80k\production\restart.40000,287.36472,8890.0513,-2357102.4,26380.798,-2330721.6,8934.7809,8246.1273,9489.2458,0.001942,surface-distance,analytic ellipsoid Fe4Al13/Al interface from Stage E geometry metadata; r is radial signed distance from ellipsoid surface into Al matrix,115-120,117.5,14827,806.2489625966683,860.8958990232394,747.7037609463688,804.9495408554254,100.3188753107072,862.1487421227424,7465.054740131983,8894.997223322216,5747.288972269354,7394.730627120484,14827,1.0,120.0,157.66754782649832,0,0,0,0.0,,,,,5.064299877574387,weak_hcp,local_lattice_disturbance_no_DXA,157.66754782649832,157.66754782649832,0.3289390901061841,0.42015978146457,115.0,120.0
step_40000,E4_phys001942_700k_80k,40000,8.0,C:\Users\dille\Documents\ilua-system\projects\physics_md_al_fe\runs\stageE_700k_dxa_confirm\20260625-102200\cases\E4_700k_dxa_confirm\E4_phys001942_700k_80k\production\dump.chunk0030000_0040000.lammpstrj,C:\Users\dille\Documents\ilua-system\projects\physics_md_al_fe\runs\stageE_700k_dxa_confirm\20260625-102200\cases\E4_700k_dxa_confirm\E4_phys001942_700k_80k\production\restart.40000,287.36472,8890.0513,-2357102.4,26380.798,-2330721.6,8934.7809,8246.1273,9489.2458,0.001942,surface-distance,analytic ellipsoid Fe4Al13/Al interface from Stage E geometry metadata; r is radial signed distance from ellipsoid surface into Al matrix,120-125,122.5,11053,882.4449570444308,913.5779130062358,838.1285886333501,878.0504862280055,98.90019423795783,932.7734311406289,7422.693953898887,8933.132171860156,5769.908596275373,7411.368455424238,11053,1.0,120.0,157.66754782649832,0,0,0,0.0,,,,,5.064299877574387,weak_hcp,local_lattice_disturbance_no_DXA,157.66754782649832,157.66754782649832,0.3289390901061841,0.42015978146457,120.0,125.0
step_40000,E4_phys001942_700k_80k,40000,8.0,C:\Users\dille\Documents\ilua-system\projects\physics_md_al_fe\runs\stageE_700k_dxa_confirm\20260625-102200\cases\E4_700k_dxa_confirm\E4_phys001942_700k_80k\production\dump.chunk0030000_0040000.lammpstrj,C:\Users\dille\Documents\ilua-system\projects\physics_md_al_fe\runs\stageE_700k_dxa_confirm\20260625-102200\cases\E4_700k_dxa_confirm\E4_phys001942_700k_80k\production\restart.40000,287.36472,8890.0513,-2357102.4,26380.798,-2330721.6,8934.7809,8246.1273,9489.2458,0.001942,surface-distance,analytic ellipsoid Fe4Al13/Al interface from Stage E geometry metadata; r is radial signed distance from ellipsoid surface into Al matrix,125-130,127.5,7424,1042.0984645931874,1064.6977963005818,966.9145405109693,1024.570267134913,107.2049402145022,1079.5324399541796,7502.323806387808,9011.57607228339,5958.658590651254,7492.3107379597795,7424,1.0,120.0,157.66754782649832,0,0,0,0.0,,,,,5.064299877574387,weak_hcp,local_lattice_disturbance_no_DXA,157.66754782649832,157.66754782649832,0.3289390901061841,0.42015978146457,125.0,130.0
step_40000,E4_phys001942_700k_80k,40000,8.0,C:\Users\dille\Documents\ilua-system\projects\physics_md_al_fe\runs\stageE_700k_dxa_confirm\20260625-102200\cases\E4_700k_dxa_confirm\E4_phys001942_700k_80k\production\dump.chunk0030000_0040000.lammpstrj,C:\Users\dille\Documents\ilua-system\projects\physics_md_al_fe\runs\stageE_700k_dxa_confirm\20260625-102200\cases\E4_700k_dxa_confirm\E4_phys001942_700k_80k\production\restart.40000,287.36472,8890.0513,-2357102.4,26380.798,-2330721.6,8934.7809,8246.1273,9489.2458,0.001942,surface-distance,analytic ellipsoid Fe4Al13/Al interface from Stage E geometry metadata; r is radial signed distance from ellipsoid surface into Al matrix,130-135,132.5,4663,1154.462035134876,1146.018925478675,974.914855911544,1091.798605508365,188.13569884972296,1164.0885667234993,7549.085421237527,9066.907135595224,6138.636568354004,7608.966886154794,4663,1.0,120.0,157.66754782649832,0,0,0,0.0,,,,,5.064299877574387,weak_hcp,local_lattice_disturbance_no_DXA,157.66754782649832,157.66754782649832,0.3289390901061841,0.42015978146457,130.0,135.0
step_40000,E4_phys001942_700k_80k,40000,8.0,C:\Users\dille\Documents\ilua-system\projects\physics_md_al_fe\runs\stageE_700k_dxa_confirm\20260625-102200\cases\E4_700k_dxa_confirm\E4_phys001942_700k_80k\production\dump.chunk0030000_0040000.lammpstrj,C:\Users\dille\Documents\ilua-system\projects\physics_md_al_fe\runs\stageE_700k_dxa_confirm\20260625-102200\cases\E4_700k_dxa_confirm\E4_phys001942_700k_80k\production\restart.40000,287.36472,8890.0513,-2357102.4,26380.798,-2330721.6,8934.7809,8246.1273,9489.2458,0.001942,surface-distance,analytic ellipsoid Fe4Al13/Al interface from Stage E geometry metadata; r is radial signed distance from ellipsoid surface into Al matrix,135-140,137.5,2870,895.9394733681244,910.5506483473357,723.5075323896101,843.3325513683567,190.84929594879134,935.2963206934976,7454.858025709735,8957.806436387935,5645.324056553044,6929.05255527793,2870,1.0,120.0,157.66754782649832,0,0,0,0.0,,,,,5.064299877574387,weak_hcp,local_lattice_disturbance_no_DXA,157.66754782649832,157.66754782649832,0.3289390901061841,0.42015978146457,135.0,140.0
step_40000,E4_phys001942_700k_80k,40000,8.0,C:\Users\dille\Documents\ilua-system\projects\physics_md_al_fe\runs\stageE_700k_dxa_confirm\20260625-102200\cases\E4_700k_dxa_confirm\E4_phys001942_700k_80k\production\dump.chunk0030000_0040000.lammpstrj,C:\Users\dille\Documents\ilua-system\projects\physics_md_al_fe\runs\stageE_700k_dxa_confirm\20260625-102200\cases\E4_700k_dxa_confirm\E4_phys001942_700k_80k\production\restart.40000,287.36472,8890.0513,-2357102.4,26380.798,-2330721.6,8934.7809,8246.1273,9489.2458,0.001942,surface-distance,analytic ellipsoid Fe4Al13/Al interface from Stage E geometry metadata; r is radial signed distance from ellipsoid surface into Al matrix,140-145,142.5,1593,585.9423492586214,808.3141402566321,673.1007462461162,689.1190785871232,227.67575851689244,808.6577655274613,7383.505292110508,8861.100289043909,5721.480180451043,7096.141481180807,1593,1.0,120.0,157.66754782649832,0,0,0,0.0,,,,,5.064299877574387,weak_hcp,local_lattice_disturbance_no_DXA,157.66754782649832,157.66754782649832,0.3289390901061841,0.42015978146457,140.0,145.0
step_40000,E4_phys001942_700k_80k,40000,8.0,C:\Users\dille\Documents\ilua-system\projects\physics_md_al_fe\runs\stageE_700k_dxa_confirm\20260625-102200\cases\E4_700k_dxa_confirm\E4_phys001942_700k_80k\production\dump.chunk0030000_0040000.lammpstrj,C:\Users\dille\Documents\ilua-system\projects\physics_md_al_fe\runs\stageE_700k_dxa_confirm\20260625-102200\cases\E4_700k_dxa_confirm\E4_phys001942_700k_80k\production\restart.40000,287.36472,8890.0513,-2357102.4,26380.798,-2330721.6,8934.7809,8246.1273,9489.2458,0.001942,surface-distance,analytic ellipsoid Fe4Al13/Al interface from Stage E geometry metadata; r is radial signed distance from ellipsoid surface into Al matrix,145-150,147.5,673,435.01992158852784,677.698185093381,606.469924298264,573.0626769933909,344.2892857406226,768.9768024073877,7570.526729944125,9491.658229609622,5459.507494834696,7387.821565833549,673,1.0,120.0,157.66754782649832,0,0,0,0.0,,,,,5.064299877574387,weak_hcp,local_lattice_disturbance_no_DXA,157.66754782649832,157.66754782649832,0.3289390901061841,0.42015978146457,145.0,150.0
step_40000,E4_phys001942_700k_80k,40000,8.0,C:\Users\dille\Documents\ilua-system\projects\physics_md_al_fe\runs\stageE_700k_dxa_confirm\20260625-102200\cases\E4_700k_dxa_confirm\E4_phys001942_700k_80k\production\dump.chunk0030000_0040000.lammpstrj,C:\Users\dille\Documents\ilua-system\projects\physics_md_al_fe\runs\stageE_700k_dxa_confirm\20260625-102200\cases\E4_700k_dxa_confirm\E4_phys001942_700k_80k\production\restart.40000,287.36472,8890.0513,-2357102.4,26380.798,-2330721.6,8934.7809,8246.1273,9489.2458,0.001942,surface-distance,analytic ellipsoid Fe4Al13/Al interface from Stage E geometry metadata; r is radial signed distance from ellipsoid surface into Al matrix,150-155,152.5,212,469.80119919943786,664.5167230458006,284.6179765194905,472.97863292157643,382.0889624746527,674.6032379594692,7096.412589809322,8559.32616069605,5214.187079036724,6865.335389307425,212,1.0,120.0,157.66754782649832,0,0,0,0.0,,,,,5.064299877574387,weak_hcp,local_lattice_disturbance_no_DXA,157.66754782649832,157.66754782649832,0.3289390901061841,0.42015978146457,150.0,155.0
step_40000,E4_phys001942_700k_80k,40000,8.0,C:\Users\dille\Documents\ilua-system\projects\physics_md_al_fe\runs\stageE_700k_dxa_confirm\20260625-102200\cases\E4_700k_dxa_confirm\E4_phys001942_700k_80k\production\dump.chunk0030000_0040000.lammpstrj,C:\Users\dille\Documents\ilua-system\projects\physics_md_al_fe\runs\stageE_700k_dxa_confirm\20260625-102200\cases\E4_700k_dxa_confirm\E4_phys001942_700k_80k\production\restart.40000,287.36472,8890.0513,-2357102.4,26380.798,-2330721.6,8934.7809,8246.1273,9489.2458,0.001942,surface-distance,analytic ellipsoid Fe4Al13/Al interface from Stage E geometry metadata; r is radial signed distance from ellipsoid surface into Al matrix,155-157.668,156.33377391324916,18,-66.90930900224559,931.934640005777,-884.5926138624111,-6.522427619626531,1923.3435538841484,945.1655195074567,6136.759587324619,6738.918847925417,5017.833627212517,5058.628499099725,18,1.0,120.0,157.66754782649832,0,0,0,0.0,,,,,5.064299877574387,weak_hcp,local_lattice_disturbance_no_DXA,157.66754782649832,157.66754782649832,0.3289390901061841,0.42015978146457,155.0,157.66754782649832
step_50000,E4_phys001942_700k_80k,50000,10.0,C:\Users\dille\Documents\ilua-system\projects\physics_md_al_fe\runs\stageE_700k_dxa_confirm\20260625-102200\cases\E4_700k_dxa_confirm\E4_phys001942_700k_80k\production\dump.chunk0040000_0050000.lammpstrj,C:\Users\dille\Documents\ilua-system\projects\physics_md_al_fe\runs\stageE_700k_dxa_confirm\20260625-102200\cases\E4_700k_dxa_confirm\E4_phys001942_700k_80k\production\restart.50000,287.76668,8894.9614,-2357063.0,26417.699,-2330645.3,8940.7566,8275.4466,9468.6808,0.001942,surface-distance,analytic ellipsoid Fe4Al13/Al interface from Stage E geometry metadata; r is radial signed distance from ellipsoid surface into Al matrix,0-2,1.0,394,-2551.4277607794934,-1394.4367264200744,-2716.0003308011437,-2220.621606000237,1418.5230967727814,-1318.2100722581279,22158.539667413657,34227.42487980579,15239.212742374877,20528.98791240116,394,1.0,120.0,157.8388308162298,0,394,0,0.0,,,,,5.0158763521442635,weak_hcp,local_lattice_disturbance_no_DXA,157.8388308162298,157.8388308162298,0.32348879717274265,0.407645148360528,0.0,2.0
step_50000,E4_phys001942_700k_80k,50000,10.0,C:\Users\dille\Documents\ilua-system\projects\physics_md_al_fe\runs\stageE_700k_dxa_confirm\20260625-102200\cases\E4_700k_dxa_confirm\E4_phys001942_700k_80k\production\dump.chunk0040000_0050000.lammpstrj,C:\Users\dille\Documents\ilua-system\projects\physics_md_al_fe\runs\stageE_700k_dxa_confirm\20260625-102200\cases\E4_700k_dxa_confirm\E4_phys001942_700k_80k\production\restart.50000,287.76668,8894.9614,-2357063.0,26417.699,-2330645.3,8940.7566,8275.4466,9468.6808,0.001942,surface-distance,analytic ellipsoid Fe4Al13/Al interface from Stage E geometry metadata; r is radial signed distance from ellipsoid surface into Al matrix,2-4,3.0,3439,-547.9468627890994,-438.60340827789923,-950.2018683922159,-645.5840464864049,483.57927574974593,-438.2077694533815,19926.47173370083,26987.423202611542,13779.690093079118,17193.76283333294,3439,1.0,120.0,157.8388308162298,4,3409,0,0.0,,,,,5.0158763521442635,weak_hcp,local_lattice_disturbance_no_DXA,157.8388308162298,157.8388308162298,0.32348879717274265,0.407645148360528,2.0,4.0
step_50000,E4_phys001942_700k_80k,50000,10.0,C:\Users\dille\Documents\ilua-system\projects\physics_md_al_fe\runs\stageE_700k_dxa_confirm\20260625-102200\cases\E4_700k_dxa_confirm\E4_phys001942_700k_80k\production\dump.chunk0040000_0050000.lammpstrj,C:\Users\dille\Documents\ilua-system\projects\physics_md_al_fe\runs\stageE_700k_dxa_confirm\20260625-102200\cases\E4_700k_dxa_confirm\E4_phys001942_700k_80k\production\restart.50000,287.76668,8894.9614,-2357063.0,26417.699,-2330645.3,8940.7566,8275.4466,9468.6808,0.001942,surface-distance,analytic ellipsoid Fe4Al13/Al interface from Stage E geometry metadata; r is radial signed distance from ellipsoid surface into Al matrix,4-6,5.0,3630,1.0783164510343486,-26.099251502149237,-32.305026517817446,-19.108653856310777,117.17380136537659,57.42403699157684,13447.041392838211,17446.47741811794,9877.421349308843,13717.774506057673,3630,1.0,120.0,157.8388308162298,1,2800,0,0.0,,,,,5.0158763521442635,weak_hcp,local_lattice_disturbance_no_DXA,157.8388308162298,157.8388308162298,0.32348879717274265,0.407645148360528,4.0,6.0
step_50000,E4_phys001942_700k_80k,50000,10.0,C:\Users\dille\Documents\ilua-system\projects\physics_md_al_fe\runs\stageE_700k_dxa_confirm\20260625-102200\cases\E4_700k_dxa_confirm\E4_phys001942_700k_80k\production\dump.chunk0040000_0050000.lammpstrj,C:\Users\dille\Documents\ilua-system\projects\physics_md_al_fe\runs\stageE_700k_dxa_confirm\20260625-102200\cases\E4_700k_dxa_confirm\E4_phys001942_700k_80k\production\restart.50000,287.76668,8894.9614,-2357063.0,26417.699,-2330645.3,8940.7566,8275.4466,9468.6808,0.001942,surface-distance,analytic ellipsoid Fe4Al13/Al interface from Stage E geometry metadata; r is radial signed distance from ellipsoid surface into Al matrix,6-8,7.0,3991,630.8663381478787,687.4712050652498,595.7918598163546,638.043134343161,97.25449800199854,692.5539897395593,10072.76631825481,12369.223023824823,7275.334201526005,9543.807318303101,3991,1.0,120.0,157.8388308162298,0,1071,0,0.0,,,,,5.0158763521442635,weak_hcp,local_lattice_disturbance_no_DXA,157.8388308162298,157.8388308162298,0.32348879717274265,0.407645148360528,6.0,8.0
step_50000,E4_phys001942_700k_80k,50000,10.0,C:\Users\dille\Documents\ilua-system\projects\physics_md_al_fe\runs\stageE_700k_dxa_confirm\20260625-102200\cases\E4_700k_dxa_confirm\E4_phys001942_700k_80k\production\dump.chunk0040000_0050000.lammpstrj,C:\Users\dille\Documents\ilua-system\projects\physics_md_al_fe\runs\stageE_700k_dxa_confirm\20260625-102200\cases\E4_700k_dxa_confirm\E4_phys001942_700k_80k\production\restart.50000,287.76668,8894.9614,-2357063.0,26417.699,-2330645.3,8940.7566,8275.4466,9468.6808,0.001942,surface-distance,analytic ellipsoid Fe4Al13/Al interface from Stage E geometry metadata; r is radial signed distance from ellipsoid surface into Al matrix,8-10,9.0,4392,812.906940062495,831.255379254568,903.1241384343468,849.0954859171367,89.12090906952291,906.0390204829481,8657.543525676288,10480.09957355294,6353.8813264927285,7980.6012130510435,4392,1.0,120.0,157.8388308162298,0,104,0,0.0,,,,,5.0158763521442635,weak_hcp,local_lattice_disturbance_no_DXA,157.8388308162298,157.8388308162298,0.32348879717274265,0.407645148360528,8.0,10.0
step_50000,E4_phys001942_700k_80k,50000,10.0,C:\Users\dille\Documents\ilua-system\projects\physics_md_al_fe\runs\stageE_700k_dxa_confirm\20260625-102200\cases\E4_700k_dxa_confirm\E4_phys001942_700k_80k\production\dump.chunk0040000_0050000.lammpstrj,C:\Users\dille\Documents\ilua-system\projects\physics_md_al_fe\runs\stageE_700k_dxa_confirm\20260625-102200\cases\E4_700k_dxa_confirm\E4_phys001942_700k_80k\production\restart.50000,287.76668,8894.9614,-2357063.0,26417.699,-2330645.3,8940.7566,8275.4466,9468.6808,0.001942,surface-distance,analytic ellipsoid Fe4Al13/Al interface from Stage E geometry metadata; r is radial signed distance from ellipsoid surface into Al matrix,10-12,11.0,4821,900.0288235695991,853.5907755410108,995.3841860197329,916.3345950434476,132.8950062783191,996.6068338216014,8020.220427289309,9428.033674420514,6052.799815821258,7553.213012038619,4821,1.0,120.0,157.8388308162298,0,3,0,0.0,,,,,5.0158763521442635,weak_hcp,local_lattice_disturbance_no_DXA,157.8388308162298,157.8388308162298,0.32348879717274265,0.407645148360528,10.0,12.0
step_50000,E4_phys001942_700k_80k,50000,10.0,C:\Users\dille\Documents\ilua-system\projects\physics_md_al_fe\runs\stageE_700k_dxa_confirm\20260625-102200\cases\E4_700k_dxa_confirm\E4_phys001942_700k_80k\production\dump.chunk0040000_0050000.lammpstrj,C:\Users\dille\Documents\ilua-system\projects\physics_md_al_fe\runs\stageE_700k_dxa_confirm\20260625-102200\cases\E4_700k_dxa_confirm\E4_phys001942_700k_80k\production\restart.50000,287.76668,8894.9614,-2357063.0,26417.699,-2330645.3,8940.7566,8275.4466,9468.6808,0.001942,surface-distance,analytic ellipsoid Fe4Al13/Al interface from Stage E geometry metadata; r is radial signed distance from ellipsoid surface into Al matrix,12-14,13.0,5064,892.7187100439422,898.2327155614985,956.9258343056478,915.9590866370295,121.74516750327327,993.5843508928017,7688.8503464876185,9047.993304694188,5903.612952481303,7461.845159405742,5064,1.0,120.0,157.8388308162298,0,0,0,0.0,,,,,5.0158763521442635,weak_hcp,local_lattice_disturbance_no_DXA,157.8388308162298,157.8388308162298,0.32348879717274265,0.407645148360528,12.0,14.0
step_50000,E4_phys001942_700k_80k,50000,10.0,C:\Users\dille\Documents\ilua-system\projects\physics_md_al_fe\runs\stageE_700k_dxa_confirm\20260625-102200\cases\E4_700k_dxa_confirm\E4_phys001942_700k_80k\production\dump.chunk0040000_0050000.lammpstrj,C:\Users\dille\Documents\ilua-system\projects\physics_md_al_fe\runs\stageE_700k_dxa_confirm\20260625-102200\cases\E4_700k_dxa_confirm\E4_phys001942_700k_80k\production\restart.50000,287.76668,8894.9614,-2357063.0,26417.699,-2330645.3,8940.7566,8275.4466,9468.6808,0.001942,surface-distance,analytic ellipsoid Fe4Al13/Al interface from Stage E geometry metadata; r is radial signed distance from ellipsoid surface into Al matrix,14-16,15.0,5393,970.1452427959141,932.886150276393,995.952238431987,966.327877168098,101.80032396287366,1032.827960206064,7710.0401682983365,9078.429527345303,5898.338189265729,7613.795165876648,5393,1.0,120.0,157.8388308162298,0,0,0,0.0,,,,,5.0158763521442635,weak_hcp,local_lattice_disturbance_no_DXA,157.8388308162298,157.8388308162298,0.32348879717274265,0.407645148360528,14.0,16.0
step_50000,E4_phys001942_700k_80k,50000,10.0,C:\Users\dille\Documents\ilua-system\projects\physics_md_al_fe\runs\stageE_700k_dxa_confirm\20260625-102200\cases\E4_700k_dxa_confirm\E4_phys001942_700k_80k\production\dump.chunk0040000_0050000.lammpstrj,C:\Users\dille\Documents\ilua-system\projects\physics_md_al_fe\runs\stageE_700k_dxa_confirm\20260625-102200\cases\E4_700k_dxa_confirm\E4_phys001942_700k_80k\production\restart.50000,287.76668,8894.9614,-2357063.0,26417.699,-2330645.3,8940.7566,8275.4466,9468.6808,0.001942,surface-distance,analytic ellipsoid Fe4Al13/Al interface from Stage E geometry metadata; r is radial signed distance from ellipsoid surface into Al matrix,16-18,17.0,5953,1005.0348805803468,970.6605352860836,1086.570413024581,1020.7552762970039,114.97031366199604,1094.1029852869747,7668.03816865727,9164.196203591411,6071.706165380168,7530.241376113679,5953,1.0,120.0,157.8388308162298,0,0,0,0.0,,,,,5.0158763521442635,weak_hcp,local_lattice_disturbance_no_DXA,157.8388308162298,157.8388308162298,0.32348879717274265,0.407645148360528,16.0,18.0
step_50000,E4_phys001942_700k_80k,50000,10.0,C:\Users\dille\Documents\ilua-system\projects\physics_md_al_fe\runs\stageE_700k_dxa_confirm\20260625-102200\cases\E4_700k_dxa_confirm\E4_phys001942_700k_80k\production\dump.chunk0040000_0050000.lammpstrj,C:\Users\dille\Documents\ilua-system\projects\physics_md_al_fe\runs\stageE_700k_dxa_confirm\20260625-102200\cases\E4_700k_dxa_confirm\E4_phys001942_700k_80k\production\restart.50000,287.76668,8894.9614,-2357063.0,26417.699,-2330645.3,8940.7566,8275.4466,9468.6808,0.001942,surface-distance,analytic ellipsoid Fe4Al13/Al interface from Stage E geometry metadata; r is radial signed distance from ellipsoid surface into Al matrix,18-20,19.0,6189,1005.9964141972358,935.8668031077125,1051.2687472329487,997.7106548459657,115.96477581954325,1060.4450804522617,7608.843243491899,8870.080798129471,5989.105515582233,7541.667021098553,6189,1.0,120.0,157.8388308162298,0,0,0,0.0,,,,,5.0158763521442635,weak_hcp,local_lattice_disturbance_no_DXA,157.8388308162298,157.8388308162298,0.32348879717274265,0.407645148360528,18.0,20.0
step_50000,E4_phys001942_700k_80k,50000,10.0,C:\Users\dille\Documents\ilua-system\projects\physics_md_al_fe\runs\stageE_700k_dxa_confirm\20260625-102200\cases\E4_700k_dxa_confirm\E4_phys001942_700k_80k\production\dump.chunk0040000_0050000.lammpstrj,C:\Users\dille\Documents\ilua-system\projects\physics_md_al_fe\runs\stageE_700k_dxa_confirm\20260625-102200\cases\E4_700k_dxa_confirm\E4_phys001942_700k_80k\production\restart.50000,287.76668,8894.9614,-2357063.0,26417.699,-2330645.3,8940.7566,8275.4466,9468.6808,0.001942,surface-distance,analytic ellipsoid Fe4Al13/Al interface from Stage E geometry metadata; r is radial signed distance from ellipsoid surface into Al matrix,20-22,21.0,6572,984.2485042625678,928.5650146767232,1028.1074273424172,980.3069820939027,101.82623680778661,1031.92064908337,7564.629257215787,9055.837931325628,5929.142842548487,7606.602088135491,6572,1.0,120.0,157.8388308162298,0,0,0,0.0,,,,,5.0158763521442635,weak_hcp,local_lattice_disturbance_no_DXA,157.8388308162298,157.8388308162298,0.32348879717274265,0.407645148360528,20.0,22.0
step_50000,E4_phys001942_700k_80k,50000,10.0,C:\Users\dille\Documents\ilua-system\projects\physics_md_al_fe\runs\stageE_700k_dxa_confirm\20260625-102200\cases\E4_700k_dxa_confirm\E4_phys001942_700k_80k\production\dump.chunk0040000_0050000.lammpstrj,C:\Users\dille\Documents\ilua-system\projects\physics_md_al_fe\runs\stageE_700k_dxa_confirm\20260625-102200\cases\E4_700k_dxa_confirm\E4_phys001942_700k_80k\production\restart.50000,287.76668,8894.9614,-2357063.0,26417.699,-2330645.3,8940.7566,8275.4466,9468.6808,0.001942,surface-distance,analytic ellipsoid Fe4Al13/Al interface from Stage E geometry metadata; r is radial signed distance from ellipsoid surface into Al matrix,22-24,23.0,6856,975.1736805273579,928.9148621342056,977.2467242726603,960.4450889780746,91.79109099338531,1006.5937947513254,7509.1506650413785,8862.393336713976,5961.193979062029,7442.852762488878,6856,1.0,120.0,157.8388308162298,0,0,0,0.0,,,,,5.0158763521442635,weak_hcp,local_lattice_disturbance_no_DXA,157.8388308162298,157.8388308162298,0.32348879717274265,0.407645148360528,22.0,24.0
step_50000,E4_phys001942_700k_80k,50000,10.0,C:\Users\dille\Documents\ilua-system\projects\physics_md_al_fe\runs\stageE_700k_dxa_confirm\20260625-102200\cases\E4_700k_dxa_confirm\E4_phys001942_700k_80k\production\dump.chunk0040000_0050000.lammpstrj,C:\Users\dille\Documents\ilua-system\projects\physics_md_al_fe\runs\stageE_700k_dxa_confirm\20260625-102200\cases\E4_700k_dxa_confirm\E4_phys001942_700k_80k\production\restart.50000,287.76668,8894.9614,-2357063.0,26417.699,-2330645.3,8940.7566,8275.4466,9468.6808,0.001942,surface-distance,analytic ellipsoid Fe4Al13/Al interface from Stage E geometry metadata; r is radial signed distance from ellipsoid surface into Al matrix,24-26,25.0,7530,989.3890389269969,949.6107569771998,980.5091306057523,973.1696421699829,49.9793203653518,1000.1762173346916,7618.480218681616,9099.522126091731,5924.7640549692305,7582.783216686094,7530,1.0,120.0,157.8388308162298,0,0,0,0.0,,,,,5.0158763521442635,weak_hcp,local_lattice_disturbance_no_DXA,157.8388308162298,157.8388308162298,0.32348879717274265,0.407645148360528,24.0,26.0
step_50000,E4_phys001942_700k_80k,50000,10.0,C:\Users\dille\Documents\ilua-system\projects\physics_md_al_fe\runs\stageE_700k_dxa_confirm\20260625-102200\cases\E4_700k_dxa_confirm\E4_phys001942_700k_80k\production\dump.chunk0040000_0050000.lammpstrj,C:\Users\dille\Documents\ilua-system\projects\physics_md_al_fe\runs\stageE_700k_dxa_confirm\20260625-102200\cases\E4_700k_dxa_confirm\E4_phys001942_700k_80k\production\restart.50000,287.76668,8894.9614,-2357063.0,26417.699,-2330645.3,8940.7566,8275.4466,9468.6808,0.001942,surface-distance,analytic ellipsoid Fe4Al13/Al interface from Stage E geometry metadata; r is radial signed distance from ellipsoid surface into Al matrix,26-28,27.0,7899,945.071649925414,866.884001067671,919.3721872809094,910.4426127579982,103.59551972809523,970.5204189645243,7471.757850050256,8820.877752137727,5709.701921817493,7340.515977771053,7899,1.0,120.0,157.8388308162298,0,0,0,0.0,,,,,5.0158763521442635,weak_hcp,local_lattice_disturbance_no_DXA,157.8388308162298,157.8388308162298,0.32348879717274265,0.407645148360528,26.0,28.0
step_50000,E4_phys001942_700k_80k,50000,10.0,C:\Users\dille\Documents\ilua-system\projects\physics_md_al_fe\runs\stageE_700k_dxa_confirm\20260625-102200\cases\E4_700k_dxa_confirm\E4_phys001942_700k_80k\production\dump.chunk0040000_0050000.lammpstrj,C:\Users\dille\Documents\ilua-system\projects\physics_md_al_fe\runs\stageE_700k_dxa_confirm\20260625-102200\cases\E4_700k_dxa_confirm\E4_phys001942_700k_80k\production\restart.50000,287.76668,8894.9614,-2357063.0,26417.699,-2330645.3,8940.7566,8275.4466,9468.6808,0.001942,surface-distance,analytic ellipsoid Fe4Al13/Al interface from Stage E geometry metadata; r is radial signed distance from ellipsoid surface into Al matrix,28-30,29.0,8245,926.031556211549,850.4404608059588,964.8646192402875,913.7788787525984,103.83732886648868,968.3507308393852,7477.280663716976,8933.92195128063,5916.919604745653,7439.6810448400765,8245,1.0,120.0,157.8388308162298,0,0,0,0.0,,,,,5.0158763521442635,weak_hcp,local_lattice_disturbance_no_DXA,157.8388308162298,157.8388308162298,0.32348879717274265,0.407645148360528,28.0,30.0
step_50000,E4_phys001942_700k_80k,50000,10.0,C:\Users\dille\Documents\ilua-system\projects\physics_md_al_fe\runs\stageE_700k_dxa_confirm\20260625-102200\cases\E4_700k_dxa_confirm\E4_phys001942_700k_80k\production\dump.chunk0040000_0050000.lammpstrj,C:\Users\dille\Documents\ilua-system\projects\physics_md_al_fe\runs\stageE_700k_dxa_confirm\20260625-102200\cases\E4_700k_dxa_confirm\E4_phys001942_700k_80k\production\restart.50000,287.76668,8894.9614,-2357063.0,26417.699,-2330645.3,8940.7566,8275.4466,9468.6808,0.001942,surface-distance,analytic ellipsoid Fe4Al13/Al interface from Stage E geometry metadata; r is radial signed distance from ellipsoid surface into Al matrix,30-32,31.0,8669,939.7613478317646,891.5246926568973,941.4489643192485,924.2450016026369,60.88053160721596,955.6840407543727,7471.367108185692,8940.076873573033,5791.549205935998,7379.4021628090995,8669,1.0,120.0,157.8388308162298,0,0,0,0.0,,,,,5.0158763521442635,weak_hcp,local_lattice_disturbance_no_DXA,157.8388308162298,157.8388308162298,0.32348879717274265,0.407645148360528,30.0,32.0
step_50000,E4_phys001942_700k_80k,50000,10.0,C:\Users\dille\Documents\ilua-system\projects\physics_md_al_fe\runs\stageE_700k_dxa_confirm\20260625-102200\cases\E4_700k_dxa_confirm\E4_phys001942_700k_80k\production\dump.chunk0040000_0050000.lammpstrj,C:\Users\dille\Documents\ilua-system\projects\physics_md_al_fe\runs\stageE_700k_dxa_confirm\20260625-102200\cases\E4_700k_dxa_confirm\E4_phys001942_700k_80k\production\restart.50000,287.76668,8894.9614,-2357063.0,26417.699,-2330645.3,8940.7566,8275.4466,9468.6808,0.001942,surface-distance,analytic ellipsoid Fe4Al13/Al interface from Stage E geometry metadata; r is radial signed distance from ellipsoid surface into Al matrix,32-34,33.0,9179,889.907092077342,935.3323725195978,962.3470959346214,929.1955201771871,68.72277597919049,964.7741693086901,7537.349605512552,9009.21559428999,5892.396709458452,7402.337694947446,9179,1.0,120.0,157.8388308162298,0,0,0,0.0,,,,,5.0158763521442635,weak_hcp,local_lattice_disturbance_no_DXA,157.8388308162298,157.8388308162298,0.32348879717274265,0.407645148360528,32.0,34.0
step_50000,E4_phys001942_700k_80k,50000,10.0,C:\Users\dille\Documents\ilua-system\projects\physics_md_al_fe\runs\stageE_700k_dxa_confirm\20260625-102200\cases\E4_700k_dxa_confirm\E4_phys001942_700k_80k\production\dump.chunk0040000_0050000.lammpstrj,C:\Users\dille\Documents\ilua-system\projects\physics_md_al_fe\runs\stageE_700k_dxa_confirm\20260625-102200\cases\E4_700k_dxa_confirm\E4_phys001942_700k_80k\production\restart.50000,287.76668,8894.9614,-2357063.0,26417.699,-2330645.3,8940.7566,8275.4466,9468.6808,0.001942,surface-distance,analytic ellipsoid Fe4Al13/Al interface from Stage E geometry metadata; r is radial signed distance from ellipsoid surface into Al matrix,34-36,35.0,9805,927.2620357983365,934.0549842368578,957.3917375690683,939.5695858680874,33.711133142256756,961.7885133508854,7648.2937181591615,8953.888183747158,5950.189244055401,7468.674792362247,9805,1.0,120.0,157.8388308162298,0,0,0,0.0,,,,,5.0158763521442635,weak_hcp,local_lattice_disturbance_no_DXA,157.8388308162298,157.8388308162298,0.32348879717274265,0.407645148360528,34.0,36.0
step_50000,E4_phys001942_700k_80k,50000,10.0,C:\Users\dille\Documents\ilua-system\projects\physics_md_al_fe\runs\stageE_700k_dxa_confirm\20260625-102200\cases\E4_700k_dxa_confirm\E4_phys001942_700k_80k\production\dump.chunk0040000_0050000.lammpstrj,C:\Users\dille\Documents\ilua-system\projects\physics_md_al_fe\runs\stageE_700k_dxa_confirm\20260625-102200\cases\E4_700k_dxa_confirm\E4_phys001942_700k_80k\production\restart.50000,287.76668,8894.9614,-2357063.0,26417.699,-2330645.3,8940.7566,8275.4466,9468.6808,0.001942,surface-distance,analytic ellipsoid Fe4Al13/Al interface from Stage E geometry metadata; r is radial signed distance from ellipsoid surface into Al matrix,36-38,37.0,10035,880.836544944105,911.945096876541,951.329653612876,914.7037651445074,67.96326147989745,954.7917138000789,7633.89833884225,9106.784971569705,5930.605948498598,7632.232166210357,10035,1.0,120.0,157.8388308162298,0,0,0,0.0,,,,,5.0158763521442635,weak_hcp,local_lattice_disturbance_no_DXA,157.8388308162298,157.8388308162298,0.32348879717274265,0.407645148360528,36.0,38.0
step_50000,E4_phys001942_700k_80k,50000,10.0,C:\Users\dille\Documents\ilua-system\projects\physics_md_al_fe\runs\stageE_700k_dxa_confirm\20260625-102200\cases\E4_700k_dxa_confirm\E4_phys001942_700k_80k\production\dump.chunk0040000_0050000.lammpstrj,C:\Users\dille\Documents\ilua-system\projects\physics_md_al_fe\runs\stageE_700k_dxa_confirm\20260625-102200\cases\E4_700k_dxa_confirm\E4_phys001942_700k_80k\production\restart.50000,287.76668,8894.9614,-2357063.0,26417.699,-2330645.3,8940.7566,8275.4466,9468.6808,0.001942,surface-distance,analytic ellipsoid Fe4Al13/Al interface from Stage E geometry metadata; r is radial signed distance from ellipsoid surface into Al matrix,38-40,39.0,10627,890.615252014927,906.9327473607311,982.7009118872228,926.749637087627,105.50842758678708,990.8148354259073,7583.009399534244,8903.671713266362,5823.544983310153,7413.6586389513295,10627,1.0,120.0,157.8388308162298,0,0,0,0.0,,,,,5.0158763521442635,weak_hcp,local_lattice_disturbance_no_DXA,157.8388308162298,157.8388308162298,0.32348879717274265,0.407645148360528,38.0,40.0
step_50000,E4_phys001942_700k_80k,50000,10.0,C:\Users\dille\Documents\ilua-system\projects\physics_md_al_fe\runs\stageE_700k_dxa_confirm\20260625-102200\cases\E4_700k_dxa_confirm\E4_phys001942_700k_80k\production\dump.chunk0040000_0050000.lammpstrj,C:\Users\dille\Documents\ilua-system\projects\physics_md_al_fe\runs\stageE_700k_dxa_confirm\20260625-102200\cases\E4_700k_dxa_confirm\E4_phys001942_700k_80k\production\restart.50000,287.76668,8894.9614,-2357063.0,26417.699,-2330645.3,8940.7566,8275.4466,9468.6808,0.001942,surface-distance,analytic ellipsoid Fe4Al13/Al interface from Stage E geometry metadata; r is radial signed distance from ellipsoid surface into Al matrix,40-42,41.0,11077,894.9612218332618,904.5386941293135,939.1614191236279,912.8871116954011,46.14322663290545,942.3068193136517,7584.474273074357,8928.44722261621,5817.543932255052,7286.427691674576,11077,1.0,120.0,157.8388308162298,0,0,0,0.0,,,,,5.0158763521442635,weak_hcp,local_lattice_disturbance_no_DXA,157.8388308162298,157.8388308162298,0.32348879717274265,0.407645148360528,40.0,42.0
step_50000,E4_phys001942_700k_80k,50000,10.0,C:\Users\dille\Documents\ilua-system\projects\physics_md_al_fe\runs\stageE_700k_dxa_confirm\20260625-102200\cases\E4_700k_dxa_confirm\E4_phys001942_700k_80k\production\dump.chunk0040000_0050000.lammpstrj,C:\Users\dille\Documents\ilua-system\projects\physics_md_al_fe\runs\stageE_700k_dxa_confirm\20260625-102200\cases\E4_700k_dxa_confirm\E4_phys001942_700k_80k\production\restart.50000,287.76668,8894.9614,-2357063.0,26417.699,-2330645.3,8940.7566,8275.4466,9468.6808,0.001942,surface-distance,analytic ellipsoid Fe4Al13/Al interface from Stage E geometry metadata; r is radial signed distance from ellipsoid surface into Al matrix,42-44,43.0,11745,880.2155794521382,882.0181373189139,947.5602902446358,903.2646690052293,78.14799629391833,955.0497561995405,7482.879536052454,8946.505306414503,5817.898952822843,7273.459211544283,11745,1.0,120.0,157.8388308162298,0,0,0,0.0,,,,,5.0158763521442635,weak_hcp,local_lattice_disturbance_no_DXA,157.8388308162298,157.8388308162298,0.32348879717274265,0.407645148360528,42.0,44.0
step_50000,E4_phys001942_700k_80k,50000,10.0,C:\Users\dille\Documents\ilua-system\projects\physics_md_al_fe\runs\stageE_700k_dxa_confirm\20260625-102200\cases\E4_700k_dxa_confirm\E4_phys001942_700k_80k\production\dump.chunk0040000_0050000.lammpstrj,C:\Users\dille\Documents\ilua-system\projects\physics_md_al_fe\runs\stageE_700k_dxa_confirm\20260625-102200\cases\E4_700k_dxa_confirm\E4_phys001942_700k_80k\production\restart.50000,287.76668,8894.9614,-2357063.0,26417.699,-2330645.3,8940.7566,8275.4466,9468.6808,0.001942,surface-distance,analytic ellipsoid Fe4Al13/Al interface from Stage E geometry metadata; r is radial signed distance from ellipsoid surface into Al matrix,44-46,45.0,12283,914.7988760597418,939.2239559267819,972.4679961949889,942.1636093938374,61.37032135381938,975.6423241295049,7514.74563241795,8964.427080587697,5837.206656142285,7375.835108697542,12283,1.0,120.0,157.8388308162298,0,0,0,0.0,,,,,5.0158763521442635,weak_hcp,local_lattice_disturbance_no_DXA,157.8388308162298,157.8388308162298,0.32348879717274265,0.407645148360528,44.0,46.0
step_50000,E4_phys001942_700k_80k,50000,10.0,C:\Users\dille\Documents\ilua-system\projects\physics_md_al_fe\runs\stageE_700k_dxa_confirm\20260625-102200\cases\E4_700k_dxa_confirm\E4_phys001942_700k_80k\production\dump.chunk0040000_0050000.lammpstrj,C:\Users\dille\Documents\ilua-system\projects\physics_md_al_fe\runs\stageE_700k_dxa_confirm\20260625-102200\cases\E4_700k_dxa_confirm\E4_phys001942_700k_80k\production\restart.50000,287.76668,8894.9614,-2357063.0,26417.699,-2330645.3,8940.7566,8275.4466,9468.6808,0.001942,surface-distance,analytic ellipsoid Fe4Al13/Al interface from Stage E geometry metadata; r is radial signed distance from ellipsoid surface into Al matrix,46-48,47.0,12836,948.6327572615451,961.0822282214222,966.3856575429868,958.7002143419846,37.62774221041124,978.5776981373309,7503.968933039989,9006.217825827618,5840.974387134111,7492.504494947622,12836,1.0,120.0,157.8388308162298,0,0,0,0.0,,,,,5.0158763521442635,weak_hcp,local_lattice_disturbance_no_DXA,157.8388308162298,157.8388308162298,0.32348879717274265,0.407645148360528,46.0,48.0
step_50000,E4_phys001942_700k_80k,50000,10.0,C:\Users\dille\Documents\ilua-system\projects\physics_md_al_fe\runs\stageE_700k_dxa_confirm\20260625-102200\cases\E4_700k_dxa_confirm\E4_phys001942_700k_80k\production\dump.chunk0040000_0050000.lammpstrj,C:\Users\dille\Documents\ilua-system\projects\physics_md_al_fe\runs\stageE_700k_dxa_confirm\20260625-102200\cases\E4_700k_dxa_confirm\E4_phys001942_700k_80k\production\restart.50000,287.76668,8894.9614,-2357063.0,26417.699,-2330645.3,8940.7566,8275.4466,9468.6808,0.001942,surface-distance,analytic ellipsoid Fe4Al13/Al interface from Stage E geometry metadata; r is radial signed distance from ellipsoid surface into Al matrix,48-50,49.0,13250,950.100062100229,926.0121252139052,906.2440225207428,927.452069944959,63.50205742610532,967.8112229051652,7452.495524871523,8811.275472856603,5927.923437157615,7481.492840048574,13250,1.0,120.0,157.8388308162298,0,0,0,0.0,,,,,5.0158763521442635,weak_hcp,local_lattice_disturbance_no_DXA,157.8388308162298,157.8388308162298,0.32348879717274265,0.407645148360528,48.0,50.0
step_50000,E4_phys001942_700k_80k,50000,10.0,C:\Users\dille\Documents\ilua-system\projects\physics_md_al_fe\runs\stageE_700k_dxa_confirm\20260625-102200\cases\E4_700k_dxa_confirm\E4_phys001942_700k_80k\production\dump.chunk0040000_0050000.lammpstrj,C:\Users\dille\Documents\ilua-system\projects\physics_md_al_fe\runs\stageE_700k_dxa_confirm\20260625-102200\cases\E4_700k_dxa_confirm\E4_phys001942_700k_80k\production\restart.50000,287.76668,8894.9614,-2357063.0,26417.699,-2330645.3,8940.7566,8275.4466,9468.6808,0.001942,surface-distance,analytic ellipsoid Fe4Al13/Al interface from Stage E geometry metadata; r is radial signed distance from ellipsoid surface into Al matrix,50-55,52.5,35808,959.5225114520854,922.7778429372717,938.8397300792976,940.3800281562181,35.39649484334554,961.3865846673295,7521.724565842055,8938.148384085345,5879.350606187071,7467.0302648847155,35808,1.0,120.0,157.8388308162298,0,0,0,0.0,,,,,5.0158763521442635,weak_hcp,local_lattice_disturbance_no_DXA,157.8388308162298,157.8388308162298,0.32348879717274265,0.407645148360528,50.0,55.0
step_50000,E4_phys001942_700k_80k,50000,10.0,C:\Users\dille\Documents\ilua-system\projects\physics_md_al_fe\runs\stageE_700k_dxa_confirm\20260625-102200\cases\E4_700k_dxa_confirm\E4_phys001942_700k_80k\production\dump.chunk0040000_0050000.lammpstrj,C:\Users\dille\Documents\ilua-system\projects\physics_md_al_fe\runs\stageE_700k_dxa_confirm\20260625-102200\cases\E4_700k_dxa_confirm\E4_phys001942_700k_80k\production\restart.50000,287.76668,8894.9614,-2357063.0,26417.699,-2330645.3,8940.7566,8275.4466,9468.6808,0.001942,surface-distance,analytic ellipsoid Fe4Al13/Al interface from Stage E geometry metadata; r is radial signed distance from ellipsoid surface into Al matrix,55-60,57.5,39570,928.3481175352949,901.2423322854697,928.7484397004996,919.446296507088,35.94763038684625,938.1945343287604,7506.124143956258,8982.91017834264,5860.82966454962,7405.5358887063985,39570,1.0,120.0,157.8388308162298,0,0,0,0.0,,,,,5.0158763521442635,weak_hcp,local_lattice_disturbance_no_DXA,157.8388308162298,157.8388308162298,0.32348879717274265,0.407645148360528,55.0,60.0
step_50000,E4_phys001942_700k_80k,50000,10.0,C:\Users\dille\Documents\ilua-system\projects\physics_md_al_fe\runs\stageE_700k_dxa_confirm\20260625-102200\cases\E4_700k_dxa_confirm\E4_phys001942_700k_80k\production\dump.chunk0040000_0050000.lammpstrj,C:\Users\dille\Documents\ilua-system\projects\physics_md_al_fe\runs\stageE_700k_dxa_confirm\20260625-102200\cases\E4_700k_dxa_confirm\E4_phys001942_700k_80k\production\restart.50000,287.76668,8894.9614,-2357063.0,26417.699,-2330645.3,8940.7566,8275.4466,9468.6808,0.001942,surface-distance,analytic ellipsoid Fe4Al13/Al interface from Stage E geometry metadata; r is radial signed distance from ellipsoid surface into Al matrix,60-65,62.5,43020,926.3698132497652,918.8159793761994,925.866951045361,923.6842478904418,48.455354551233164,947.5096607264877,7527.978074032156,8946.286376002983,5847.238093236385,7398.821787866854,43020,1.0,120.0,157.8388308162298,0,0,0,0.0,,,,,5.0158763521442635,weak_hcp,local_lattice_disturbance_no_DXA,157.8388308162298,157.8388308162298,0.32348879717274265,0.407645148360528,60.0,65.0
step_50000,E4_phys001942_700k_80k,50000,10.0,C:\Users\dille\Documents\ilua-system\projects\physics_md_al_fe\runs\stageE_700k_dxa_confirm\20260625-102200\cases\E4_700k_dxa_confirm\E4_phys001942_700k_80k\production\dump.chunk0040000_0050000.lammpstrj,C:\Users\dille\Documents\ilua-system\projects\physics_md_al_fe\runs\stageE_700k_dxa_confirm\20260625-102200\cases\E4_700k_dxa_confirm\E4_phys001942_700k_80k\production\restart.50000,287.76668,8894.9614,-2357063.0,26417.699,-2330645.3,8940.7566,8275.4466,9468.6808,0.001942,surface-distance,analytic ellipsoid Fe4Al13/Al interface from Stage E geometry metadata; r is radial signed distance from ellipsoid surface into Al matrix,65-70,67.5,42885,909.1283469210565,919.5052476162259,922.5059412209874,917.0465119194233,26.907466150154487,928.6731097757809,7518.019759497101,8933.181651303576,5834.53196728839,7437.64960511663,42885,1.0,120.0,157.8388308162298,0,0,0,0.0,,,,,5.0158763521442635,weak_hcp,local_lattice_disturbance_no_DXA,157.8388308162298,157.8388308162298,0.32348879717274265,0.407645148360528,65.0,70.0
step_50000,E4_phys001942_700k_80k,50000,10.0,C:\Users\dille\Documents\ilua-system\projects\physics_md_al_fe\runs\stageE_700k_dxa_confirm\20260625-102200\cases\E4_700k_dxa_confirm\E4_phys001942_700k_80k\production\dump.chunk0040000_0050000.lammpstrj,C:\Users\dille\Documents\ilua-system\projects\physics_md_al_fe\runs\stageE_700k_dxa_confirm\20260625-102200\cases\E4_700k_dxa_confirm\E4_phys001942_700k_80k\production\restart.50000,287.76668,8894.9614,-2357063.0,26417.699,-2330645.3,8940.7566,8275.4466,9468.6808,0.001942,surface-distance,analytic ellipsoid Fe4Al13/Al interface from Stage E geometry metadata; r is radial signed distance from ellipsoid surface into Al matrix,70-75,72.5,42443,911.9465466678756,893.5531230790593,910.5016593635252,905.3337763701534,19.763943492524835,913.5968523989961,7491.558835375355,8862.26817248791,5834.280444242064,7442.087963943724,42443,1.0,120.0,157.8388308162298,0,0,0,0.0,,,,,5.0158763521442635,weak_hcp,local_lattice_disturbance_no_DXA,157.8388308162298,157.8388308162298,0.32348879717274265,0.407645148360528,70.0,75.0
step_50000,E4_phys001942_700k_80k,50000,10.0,C:\Users\dille\Documents\ilua-system\projects\physics_md_al_fe\runs\stageE_700k_dxa_confirm\20260625-102200\cases\E4_700k_dxa_confirm\E4_phys001942_700k_80k\production\dump.chunk0040000_0050000.lammpstrj,C:\Users\dille\Documents\ilua-system\projects\physics_md_al_fe\runs\stageE_700k_dxa_confirm\20260625-102200\cases\E4_700k_dxa_confirm\E4_phys001942_700k_80k\production\restart.50000,287.76668,8894.9614,-2357063.0,26417.699,-2330645.3,8940.7566,8275.4466,9468.6808,0.001942,surface-distance,analytic ellipsoid Fe4Al13/Al interface from Stage E geometry metadata; r is radial signed distance from ellipsoid surface into Al matrix,75-80,77.5,41343,940.9197121242387,926.8981436426411,920.4183458232787,929.4120671967195,30.931669818861614,945.1763802498511,7478.108395201525,8932.667581882824,5842.170325063721,7367.366363831467,41343,1.0,120.0,157.8388308162298,0,0,0,0.0,,,,,5.0158763521442635,weak_hcp,local_lattice_disturbance_no_DXA,157.8388308162298,157.8388308162298,0.32348879717274265,0.407645148360528,75.0,80.0
step_50000,E4_phys001942_700k_80k,50000,10.0,C:\Users\dille\Documents\ilua-system\projects\physics_md_al_fe\runs\stageE_700k_dxa_confirm\20260625-102200\cases\E4_700k_dxa_confirm\E4_phys001942_700k_80k\production\dump.chunk0040000_0050000.lammpstrj,C:\Users\dille\Documents\ilua-system\projects\physics_md_al_fe\runs\stageE_700k_dxa_confirm\20260625-102200\cases\E4_700k_dxa_confirm\E4_phys001942_700k_80k\production\restart.50000,287.76668,8894.9614,-2357063.0,26417.699,-2330645.3,8940.7566,8275.4466,9468.6808,0.001942,surface-distance,analytic ellipsoid Fe4Al13/Al interface from Stage E geometry metadata; r is radial signed distance from ellipsoid surface into Al matrix,80-85,82.5,38823,902.7576065517642,910.8753789295187,919.5365540834199,911.0565131882344,32.978873962108906,924.8863975040148,7538.736591677046,8962.131974632044,5822.33370127126,7340.390817977672,38823,1.0,120.0,157.8388308162298,0,0,0,0.0,,,,,5.0158763521442635,weak_hcp,local_lattice_disturbance_no_DXA,157.8388308162298,157.8388308162298,0.32348879717274265,0.407645148360528,80.0,85.0
step_50000,E4_phys001942_700k_80k,50000,10.0,C:\Users\dille\Documents\ilua-system\projects\physics_md_al_fe\runs\stageE_700k_dxa_confirm\20260625-102200\cases\E4_700k_dxa_confirm\E4_phys001942_700k_80k\production\dump.chunk0040000_0050000.lammpstrj,C:\Users\dille\Documents\ilua-system\projects\physics_md_al_fe\runs\stageE_700k_dxa_confirm\20260625-102200\cases\E4_700k_dxa_confirm\E4_phys001942_700k_80k\production\restart.50000,287.76668,8894.9614,-2357063.0,26417.699,-2330645.3,8940.7566,8275.4466,9468.6808,0.001942,surface-distance,analytic ellipsoid Fe4Al13/Al interface from Stage E geometry metadata; r is radial signed distance from ellipsoid surface into Al matrix,85-90,87.5,36333,942.8548218723538,931.651180979454,931.1685218660855,935.2248415726311,20.53778125097966,948.1482756238087,7504.175015488287,8877.264498144537,5827.265478514574,7384.56500428636,36333,1.0,120.0,157.8388308162298,0,0,0,0.0,,,,,5.0158763521442635,weak_hcp,local_lattice_disturbance_no_DXA,157.8388308162298,157.8388308162298,0.32348879717274265,0.407645148360528,85.0,90.0
step_50000,E4_phys001942_700k_80k,50000,10.0,C:\Users\dille\Documents\ilua-system\projects\physics_md_al_fe\runs\stageE_700k_dxa_confirm\20260625-102200\cases\E4_700k_dxa_confirm\E4_phys001942_700k_80k\production\dump.chunk0040000_0050000.lammpstrj,C:\Users\dille\Documents\ilua-system\projects\physics_md_al_fe\runs\stageE_700k_dxa_confirm\20260625-102200\cases\E4_700k_dxa_confirm\E4_phys001942_700k_80k\production\restart.50000,287.76668,8894.9614,-2357063.0,26417.699,-2330645.3,8940.7566,8275.4466,9468.6808,0.001942,surface-distance,analytic ellipsoid Fe4Al13/Al interface from Stage E geometry metadata; r is radial signed distance from ellipsoid surface into Al matrix,90-95,92.5,33088,1011.164713066069,1002.8965302232209,961.4969715321181,991.8527382738026,54.724159346453554,1015.3138010300692,7515.538127880921,8907.662285901548,5897.389562274016,7509.01415480911,33088,1.0,120.0,157.8388308162298,0,0,0,0.0,,,,,5.0158763521442635,weak_hcp,local_lattice_disturbance_no_DXA,157.8388308162298,157.8388308162298,0.32348879717274265,0.407645148360528,90.0,95.0
step_50000,E4_phys001942_700k_80k,50000,10.0,C:\Users\dille\Documents\ilua-system\projects\physics_md_al_fe\runs\stageE_700k_dxa_confirm\20260625-102200\cases\E4_700k_dxa_confirm\E4_phys001942_700k_80k\production\dump.chunk0040000_0050000.lammpstrj,C:\Users\dille\Documents\ilua-system\projects\physics_md_al_fe\runs\stageE_700k_dxa_confirm\20260625-102200\cases\E4_700k_dxa_confirm\E4_phys001942_700k_80k\production\restart.50000,287.76668,8894.9614,-2357063.0,26417.699,-2330645.3,8940.7566,8275.4466,9468.6808,0.001942,surface-distance,analytic ellipsoid Fe4Al13/Al interface from Stage E geometry metadata; r is radial signed distance from ellipsoid surface into Al matrix,95-100,97.5,29582,998.0279254567397,979.1593841782568,957.3139001783784,978.1670699377916,47.01282494758796,1006.9568519018579,7545.8224233300125,8947.754339010717,5954.656185046828,7504.020399398872,29582,1.0,120.0,157.8388308162298,0,0,0,0.0,,,,,5.0158763521442635,weak_hcp,local_lattice_disturbance_no_DXA,157.8388308162298,157.8388308162298,0.32348879717274265,0.407645148360528,95.0,100.0
step_50000,E4_phys001942_700k_80k,50000,10.0,C:\Users\dille\Documents\ilua-system\projects\physics_md_al_fe\runs\stageE_700k_dxa_confirm\20260625-102200\cases\E4_700k_dxa_confirm\E4_phys001942_700k_80k\production\dump.chunk0040000_0050000.lammpstrj,C:\Users\dille\Documents\ilua-system\projects\physics_md_al_fe\runs\stageE_700k_dxa_confirm\20260625-102200\cases\E4_700k_dxa_confirm\E4_phys001942_700k_80k\production\restart.50000,287.76668,8894.9614,-2357063.0,26417.699,-2330645.3,8940.7566,8275.4466,9468.6808,0.001942,surface-distance,analytic ellipsoid Fe4Al13/Al interface from Stage E geometry metadata; r is radial signed distance from ellipsoid surface into Al matrix,100-105,102.5,25626,913.8914661385497,917.7304299496144,872.8704964568293,901.4974641816644,47.25864071623164,925.979066016596,7462.893708309921,8868.632181196728,5840.34858816717,7490.693288322151,25626,1.0,120.0,157.8388308162298,0,0,0,0.0,,,,,5.0158763521442635,weak_hcp,local_lattice_disturbance_no_DXA,157.8388308162298,157.8388308162298,0.32348879717274265,0.407645148360528,100.0,105.0
step_50000,E4_phys001942_700k_80k,50000,10.0,C:\Users\dille\Documents\ilua-system\projects\physics_md_al_fe\runs\stageE_700k_dxa_confirm\20260625-102200\cases\E4_700k_dxa_confirm\E4_phys001942_700k_80k\production\dump.chunk0040000_0050000.lammpstrj,C:\Users\dille\Documents\ilua-system\projects\physics_md_al_fe\runs\stageE_700k_dxa_confirm\20260625-102200\cases\E4_700k_dxa_confirm\E4_phys001942_700k_80k\production\restart.50000,287.76668,8894.9614,-2357063.0,26417.699,-2330645.3,8940.7566,8275.4466,9468.6808,0.001942,surface-distance,analytic ellipsoid Fe4Al13/Al interface from Stage E geometry metadata; r is radial signed distance from ellipsoid surface into Al matrix,105-110,107.5,21757,860.6812746304481,889.2613550749702,836.5874461405649,862.1766919486612,50.88441464477509,893.0192999801484,7468.2201402330265,8878.027713775602,5771.270912488021,7317.6333978529665,21757,1.0,120.0,157.8388308162298,0,0,0,0.0,,,,,5.0158763521442635,weak_hcp,local_lattice_disturbance_no_DXA,157.8388308162298,157.8388308162298,0.32348879717274265,0.407645148360528,105.0,110.0
step_50000,E4_phys001942_700k_80k,50000,10.0,C:\Users\dille\Documents\ilua-system\projects\physics_md_al_fe\runs\stageE_700k_dxa_confirm\20260625-102200\cases\E4_700k_dxa_confirm\E4_phys001942_700k_80k\production\dump.chunk0040000_0050000.lammpstrj,C:\Users\dille\Documents\ilua-system\projects\physics_md_al_fe\runs\stageE_700k_dxa_confirm\20260625-102200\cases\E4_700k_dxa_confirm\E4_phys001942_700k_80k\production\restart.50000,287.76668,8894.9614,-2357063.0,26417.699,-2330645.3,8940.7566,8275.4466,9468.6808,0.001942,surface-distance,analytic ellipsoid Fe4Al13/Al interface from Stage E geometry metadata; r is radial signed distance from ellipsoid surface into Al matrix,110-115,112.5,18343,859.1756614672012,884.1009474900502,854.1645703413978,865.8137264328831,50.084906119542275,893.7516838940445,7457.610135101097,8872.087424205292,5715.180069697325,7315.047163276127,18343,1.0,120.0,157.8388308162298,0,0,0,0.0,,,,,5.0158763521442635,weak_hcp,local_lattice_disturbance_no_DXA,157.8388308162298,157.8388308162298,0.32348879717274265,0.407645148360528,110.0,115.0
step_50000,E4_phys001942_700k_80k,50000,10.0,C:\Users\dille\Documents\ilua-system\projects\physics_md_al_fe\runs\stageE_700k_dxa_confirm\20260625-102200\cases\E4_700k_dxa_confirm\E4_phys001942_700k_80k\production\dump.chunk0040000_0050000.lammpstrj,C:\Users\dille\Documents\ilua-system\projects\physics_md_al_fe\runs\stageE_700k_dxa_confirm\20260625-102200\cases\E4_700k_dxa_confirm\E4_phys001942_700k_80k\production\restart.50000,287.76668,8894.9614,-2357063.0,26417.699,-2330645.3,8940.7566,8275.4466,9468.6808,0.001942,surface-distance,analytic ellipsoid Fe4Al13/Al interface from Stage E geometry metadata; r is radial signed distance from ellipsoid surface into Al matrix,115-120,117.5,14807,810.5999133019449,835.9548061307031,832.6493254712558,826.4013483013013,48.2292120439841,850.4585297514776,7504.105412376597,8902.744337974369,5694.621971903557,7199.333323910193,14807,1.0,120.0,157.8388308162298,0,0,0,0.0,,,,,5.0158763521442635,weak_hcp,local_lattice_disturbance_no_DXA,157.8388308162298,157.8388308162298,0.32348879717274265,0.407645148360528,115.0,120.0
step_50000,E4_phys001942_700k_80k,50000,10.0,C:\Users\dille\Documents\ilua-system\projects\physics_md_al_fe\runs\stageE_700k_dxa_confirm\20260625-102200\cases\E4_700k_dxa_confirm\E4_phys001942_700k_80k\production\dump.chunk0040000_0050000.lammpstrj,C:\Users\dille\Documents\ilua-system\projects\physics_md_al_fe\runs\stageE_700k_dxa_confirm\20260625-102200\cases\E4_700k_dxa_confirm\E4_phys001942_700k_80k\production\restart.50000,287.76668,8894.9614,-2357063.0,26417.699,-2330645.3,8940.7566,8275.4466,9468.6808,0.001942,surface-distance,analytic ellipsoid Fe4Al13/Al interface from Stage E geometry metadata; r is radial signed distance from ellipsoid surface into Al matrix,120-125,122.5,11017,850.4590431770474,867.0439620338593,922.2783009846959,879.9271020652009,66.27877336028823,922.7439485173777,7445.6929130465005,8762.885990988876,5693.5406634962565,7301.675524195992,11017,1.0,120.0,157.8388308162298,0,0,0,0.0,,,,,5.0158763521442635,weak_hcp,local_lattice_disturbance_no_DXA,157.8388308162298,157.8388308162298,0.32348879717274265,0.407645148360528,120.0,125.0
step_50000,E4_phys001942_700k_80k,50000,10.0,C:\Users\dille\Documents\ilua-system\projects\physics_md_al_fe\runs\stageE_700k_dxa_confirm\20260625-102200\cases\E4_700k_dxa_confirm\E4_phys001942_700k_80k\production\dump.chunk0040000_0050000.lammpstrj,C:\Users\dille\Documents\ilua-system\projects\physics_md_al_fe\runs\stageE_700k_dxa_confirm\20260625-102200\cases\E4_700k_dxa_confirm\E4_phys001942_700k_80k\production\restart.50000,287.76668,8894.9614,-2357063.0,26417.699,-2330645.3,8940.7566,8275.4466,9468.6808,0.001942,surface-distance,analytic ellipsoid Fe4Al13/Al interface from Stage E geometry metadata; r is radial signed distance from ellipsoid surface into Al matrix,125-130,127.5,7448,816.5467002347646,781.1501985069472,914.3704894291643,837.3557960569588,123.8665560726654,916.9472490628168,7427.177488523813,8789.419708137675,5759.790510093541,7196.03764992756,7448,1.0,120.0,157.8388308162298,0,0,0,0.0,,,,,5.0158763521442635,weak_hcp,local_lattice_disturbance_no_DXA,157.8388308162298,157.8388308162298,0.32348879717274265,0.407645148360528,125.0,130.0
step_50000,E4_phys001942_700k_80k,50000,10.0,C:\Users\dille\Documents\ilua-system\projects\physics_md_al_fe\runs\stageE_700k_dxa_confirm\20260625-102200\cases\E4_700k_dxa_confirm\E4_phys001942_700k_80k\production\dump.chunk0040000_0050000.lammpstrj,C:\Users\dille\Documents\ilua-system\projects\physics_md_al_fe\runs\stageE_700k_dxa_confirm\20260625-102200\cases\E4_700k_dxa_confirm\E4_phys001942_700k_80k\production\restart.50000,287.76668,8894.9614,-2357063.0,26417.699,-2330645.3,8940.7566,8275.4466,9468.6808,0.001942,surface-distance,analytic ellipsoid Fe4Al13/Al interface from Stage E geometry metadata; r is radial signed distance from ellipsoid surface into Al matrix,130-135,132.5,4651,768.412982466455,642.338063863759,887.005947569834,765.9189979666826,230.70424832293136,897.3910741187681,7456.644725866105,8827.59362211659,5667.7017851891505,7114.160881050041,4651,1.0,120.0,157.8388308162298,0,0,0,0.0,,,,,5.0158763521442635,weak_hcp,local_lattice_disturbance_no_DXA,157.8388308162298,157.8388308162298,0.32348879717274265,0.407645148360528,130.0,135.0
step_50000,E4_phys001942_700k_80k,50000,10.0,C:\Users\dille\Documents\ilua-system\projects\physics_md_al_fe\runs\stageE_700k_dxa_confirm\20260625-102200\cases\E4_700k_dxa_confirm\E4_phys001942_700k_80k\production\dump.chunk0040000_0050000.lammpstrj,C:\Users\dille\Documents\ilua-system\projects\physics_md_al_fe\runs\stageE_700k_dxa_confirm\20260625-102200\cases\E4_700k_dxa_confirm\E4_phys001942_700k_80k\production\restart.50000,287.76668,8894.9614,-2357063.0,26417.699,-2330645.3,8940.7566,8275.4466,9468.6808,0.001942,surface-distance,analytic ellipsoid Fe4Al13/Al interface from Stage E geometry metadata; r is radial signed distance from ellipsoid surface into Al matrix,135-140,137.5,2871,724.107228733109,678.3044048567178,810.8057002977673,737.7391112958647,153.61986677993244,811.6924542573096,7409.1451317968185,8689.339293146686,5718.325311235978,7284.36616546233,2871,1.0,120.0,157.8388308162298,0,0,0,0.0,,,,,5.0158763521442635,weak_hcp,local_lattice_disturbance_no_DXA,157.8388308162298,157.8388308162298,0.32348879717274265,0.407645148360528,135.0,140.0
step_50000,E4_phys001942_700k_80k,50000,10.0,C:\Users\dille\Documents\ilua-system\projects\physics_md_al_fe\runs\stageE_700k_dxa_confirm\20260625-102200\cases\E4_700k_dxa_confirm\E4_phys001942_700k_80k\production\dump.chunk0040000_0050000.lammpstrj,C:\Users\dille\Documents\ilua-system\projects\physics_md_al_fe\runs\stageE_700k_dxa_confirm\20260625-102200\cases\E4_700k_dxa_confirm\E4_phys001942_700k_80k\production\restart.50000,287.76668,8894.9614,-2357063.0,26417.699,-2330645.3,8940.7566,8275.4466,9468.6808,0.001942,surface-distance,analytic ellipsoid Fe4Al13/Al interface from Stage E geometry metadata; r is radial signed distance from ellipsoid surface into Al matrix,140-145,142.5,1570,560.8023500193248,499.21569215955583,746.4244467662517,602.147496315044,239.6394591255589,748.4526003491326,7444.64311871845,8841.950465766158,5610.89488396513,6864.8443778102865,1570,1.0,120.0,157.8388308162298,0,0,0,0.0,,,,,5.0158763521442635,weak_hcp,local_lattice_disturbance_no_DXA,157.8388308162298,157.8388308162298,0.32348879717274265,0.407645148360528,140.0,145.0
step_50000,E4_phys001942_700k_80k,50000,10.0,C:\Users\dille\Documents\ilua-system\projects\physics_md_al_fe\runs\stageE_700k_dxa_confirm\20260625-102200\cases\E4_700k_dxa_confirm\E4_phys001942_700k_80k\production\dump.chunk0040000_0050000.lammpstrj,C:\Users\dille\Documents\ilua-system\projects\physics_md_al_fe\runs\stageE_700k_dxa_confirm\20260625-102200\cases\E4_700k_dxa_confirm\E4_phys001942_700k_80k\production\restart.50000,287.76668,8894.9614,-2357063.0,26417.699,-2330645.3,8940.7566,8275.4466,9468.6808,0.001942,surface-distance,analytic ellipsoid Fe4Al13/Al interface from Stage E geometry metadata; r is radial signed distance from ellipsoid surface into Al matrix,145-150,147.5,673,239.3367605450566,358.9545536993189,504.01575650512916,367.43569024983486,301.20009852405633,554.6802769181008,7420.605332772694,8950.169417882471,5189.533006658375,6712.570038990169,673,1.0,120.0,157.8388308162298,0,0,0,0.0,,,,,5.0158763521442635,weak_hcp,local_lattice_disturbance_no_DXA,157.8388308162298,157.8388308162298,0.32348879717274265,0.407645148360528,145.0,150.0
step_50000,E4_phys001942_700k_80k,50000,10.0,C:\Users\dille\Documents\ilua-system\projects\physics_md_al_fe\runs\stageE_700k_dxa_confirm\20260625-102200\cases\E4_700k_dxa_confirm\E4_phys001942_700k_80k\production\dump.chunk0040000_0050000.lammpstrj,C:\Users\dille\Documents\ilua-system\projects\physics_md_al_fe\runs\stageE_700k_dxa_confirm\20260625-102200\cases\E4_700k_dxa_confirm\E4_phys001942_700k_80k\production\restart.50000,287.76668,8894.9614,-2357063.0,26417.699,-2330645.3,8940.7566,8275.4466,9468.6808,0.001942,surface-distance,analytic ellipsoid Fe4Al13/Al interface from Stage E geometry metadata; r is radial signed distance from ellipsoid surface into Al matrix,150-155,152.5,212,230.36125121548562,491.63936781504646,725.9533012909808,482.65130677383763,449.46578583961417,730.5629795141049,7285.737978487097,8547.697580587712,5318.30648821566,6796.467476628146,212,1.0,120.0,157.8388308162298,0,0,0,0.0,,,,,5.0158763521442635,weak_hcp,local_lattice_disturbance_no_DXA,157.8388308162298,157.8388308162298,0.32348879717274265,0.407645148360528,150.0,155.0
step_50000,E4_phys001942_700k_80k,50000,10.0,C:\Users\dille\Documents\ilua-system\projects\physics_md_al_fe\runs\stageE_700k_dxa_confirm\20260625-102200\cases\E4_700k_dxa_confirm\E4_phys001942_700k_80k\production\dump.chunk0040000_0050000.lammpstrj,C:\Users\dille\Documents\ilua-system\projects\physics_md_al_fe\runs\stageE_700k_dxa_confirm\20260625-102200\cases\E4_700k_dxa_confirm\E4_phys001942_700k_80k\production\restart.50000,287.76668,8894.9614,-2357063.0,26417.699,-2330645.3,8940.7566,8275.4466,9468.6808,0.001942,surface-distance,analytic ellipsoid Fe4Al13/Al interface from Stage E geometry metadata; r is radial signed distance from ellipsoid surface into Al matrix,155-157.839,156.4194154081149,18,202.39611583624904,-148.23319518989283,-30.574655447689704,7.86275506622217,502.19074280316494,316.6702737758759,5345.631292505543,6683.183928596713,4016.917220567984,4046.5047550330187,18,1.0,120.0,157.8388308162298,0,0,0,0.0,,,,,5.0158763521442635,weak_hcp,local_lattice_disturbance_no_DXA,157.8388308162298,157.8388308162298,0.32348879717274265,0.407645148360528,155.0,157.8388308162298
step_60000,E4_phys001942_700k_80k,60000,12.0,C:\Users\dille\Documents\ilua-system\projects\physics_md_al_fe\runs\stageE_700k_dxa_confirm\20260625-102200\cases\E4_700k_dxa_confirm\E4_phys001942_700k_80k\production\dump.chunk0050000_0060000.lammpstrj,C:\Users\dille\Documents\ilua-system\projects\physics_md_al_fe\runs\stageE_700k_dxa_confirm\20260625-102200\cases\E4_700k_dxa_confirm\E4_phys001942_700k_80k\production\restart.60000,288.10695,8923.3945,-2357004.9,26448.936,-2330556.0,8963.5361,8286.6289,9520.0186,0.001942,surface-distance,analytic ellipsoid Fe4Al13/Al interface from Stage E geometry metadata; r is radial signed distance from ellipsoid surface into Al matrix,0-2,1.0,399,-2644.3954710987887,-1052.610881996328,-2790.443918219894,-2162.48342377167,1846.198861492983,-933.3341481926159,24500.24704823129,33504.64130618624,15931.138803038353,18743.178495580796,399,1.0,120.0,157.6558101324835,0,399,2,17.45135037842975,,,,,4.670785640553414,confirmed_DXA,short_transient_dxa / not_developed_dislocation,157.6558101324835,157.6558101324835,0.3179003884865365,0.4008084376891478,0.0,2.0
step_60000,E4_phys001942_700k_80k,60000,12.0,C:\Users\dille\Documents\ilua-system\projects\physics_md_al_fe\runs\stageE_700k_dxa_confirm\20260625-102200\cases\E4_700k_dxa_confirm\E4_phys001942_700k_80k\production\dump.chunk0050000_0060000.lammpstrj,C:\Users\dille\Documents\ilua-system\projects\physics_md_al_fe\runs\stageE_700k_dxa_confirm\20260625-102200\cases\E4_700k_dxa_confirm\E4_phys001942_700k_80k\production\restart.60000,288.10695,8923.3945,-2357004.9,26448.936,-2330556.0,8963.5361,8286.6289,9520.0186,0.001942,surface-distance,analytic ellipsoid Fe4Al13/Al interface from Stage E geometry metadata; r is radial signed distance from ellipsoid surface into Al matrix,2-4,3.0,3427,-469.47490107815076,-349.6509366837585,-865.6843132770787,-561.6033836796627,489.32751230737034,-338.9342308127534,20445.95032020894,28058.741207527375,13719.041748965727,17689.8721851323,3427,1.0,120.0,157.6558101324835,4,3390,2,17.45135037842975,,,,,4.670785640553414,confirmed_DXA,short_transient_dxa / not_developed_dislocation,157.6558101324835,157.6558101324835,0.3179003884865365,0.4008084376891478,2.0,4.0
step_60000,E4_phys001942_700k_80k,60000,12.0,C:\Users\dille\Documents\ilua-system\projects\physics_md_al_fe\runs\stageE_700k_dxa_confirm\20260625-102200\cases\E4_700k_dxa_confirm\E4_phys001942_700k_80k\production\dump.chunk0050000_0060000.lammpstrj,C:\Users\dille\Documents\ilua-system\projects\physics_md_al_fe\runs\stageE_700k_dxa_confirm\20260625-102200\cases\E4_700k_dxa_confirm\E4_phys001942_700k_80k\production\restart.60000,288.10695,8923.3945,-2357004.9,26448.936,-2330556.0,8963.5361,8286.6289,9520.0186,0.001942,surface-distance,analytic ellipsoid Fe4Al13/Al interface from Stage E geometry metadata; r is radial signed distance from ellipsoid surface into Al matrix,4-6,5.0,3631,89.26912464707907,-22.270277335555374,-70.9513610855228,-1.3175045913330383,188.10999134227842,102.98427561476376,13303.60035730599,16952.736178265233,10121.034657732576,13986.312063529123,3631,1.0,120.0,157.6558101324835,2,2810,2,17.45135037842975,,,,,4.670785640553414,confirmed_DXA,short_transient_dxa / not_developed_dislocation,157.6558101324835,157.6558101324835,0.3179003884865365,0.4008084376891478,4.0,6.0
step_60000,E4_phys001942_700k_80k,60000,12.0,C:\Users\dille\Documents\ilua-system\projects\physics_md_al_fe\runs\stageE_700k_dxa_confirm\20260625-102200\cases\E4_700k_dxa_confirm\E4_phys001942_700k_80k\production\dump.chunk0050000_0060000.lammpstrj,C:\Users\dille\Documents\ilua-system\projects\physics_md_al_fe\runs\stageE_700k_dxa_confirm\20260625-102200\cases\E4_700k_dxa_confirm\E4_phys001942_700k_80k\production\restart.60000,288.10695,8923.3945,-2357004.9,26448.936,-2330556.0,8963.5361,8286.6289,9520.0186,0.001942,surface-distance,analytic ellipsoid Fe4Al13/Al interface from Stage E geometry metadata; r is radial signed distance from ellipsoid surface into Al matrix,6-8,7.0,3970,544.9246949160854,538.8593963918739,466.58165911954615,516.7885834758353,81.53062525358565,549.2318314945023,10176.461243298903,12637.771385395603,7125.12740621589,9283.680739639232,3970,1.0,120.0,157.6558101324835,0,1119,2,17.45135037842975,,,,,4.670785640553414,confirmed_DXA,short_transient_dxa / not_developed_dislocation,157.6558101324835,157.6558101324835,0.3179003884865365,0.4008084376891478,6.0,8.0
step_60000,E4_phys001942_700k_80k,60000,12.0,C:\Users\dille\Documents\ilua-system\projects\physics_md_al_fe\runs\stageE_700k_dxa_confirm\20260625-102200\cases\E4_700k_dxa_confirm\E4_phys001942_700k_80k\production\dump.chunk0050000_0060000.lammpstrj,C:\Users\dille\Documents\ilua-system\projects\physics_md_al_fe\runs\stageE_700k_dxa_confirm\20260625-102200\cases\E4_700k_dxa_confirm\E4_phys001942_700k_80k\production\restart.60000,288.10695,8923.3945,-2357004.9,26448.936,-2330556.0,8963.5361,8286.6289,9520.0186,0.001942,surface-distance,analytic ellipsoid Fe4Al13/Al interface from Stage E geometry metadata; r is radial signed distance from ellipsoid surface into Al matrix,8-10,9.0,4424,680.5461453455404,697.0395708354899,733.0006988707901,703.5288050172735,66.3327755810849,736.8937264158959,8466.918494889474,9979.74937279443,6218.0287949868125,7876.47007014147,4424,1.0,120.0,157.6558101324835,0,113,2,17.45135037842975,,,,,4.670785640553414,confirmed_DXA,short_transient_dxa / not_developed_dislocation,157.6558101324835,157.6558101324835,0.3179003884865365,0.4008084376891478,8.0,10.0
step_60000,E4_phys001942_700k_80k,60000,12.0,C:\Users\dille\Documents\ilua-system\projects\physics_md_al_fe\runs\stageE_700k_dxa_confirm\20260625-102200\cases\E4_700k_dxa_confirm\E4_phys001942_700k_80k\production\dump.chunk0050000_0060000.lammpstrj,C:\Users\dille\Documents\ilua-system\projects\physics_md_al_fe\runs\stageE_700k_dxa_confirm\20260625-102200\cases\E4_700k_dxa_confirm\E4_phys001942_700k_80k\production\restart.60000,288.10695,8923.3945,-2357004.9,26448.936,-2330556.0,8963.5361,8286.6289,9520.0186,0.001942,surface-distance,analytic ellipsoid Fe4Al13/Al interface from Stage E geometry metadata; r is radial signed distance from ellipsoid surface into Al matrix,10-12,11.0,4813,786.9540234174656,718.4316535569221,828.3950564563686,777.9269111435855,108.4058225490506,837.2392363406228,7946.188488812846,9518.700599616128,5881.405513371783,7441.570476336428,4813,1.0,120.0,157.6558101324835,0,5,2,17.45135037842975,,,,,4.670785640553414,confirmed_DXA,short_transient_dxa / not_developed_dislocation,157.6558101324835,157.6558101324835,0.3179003884865365,0.4008084376891478,10.0,12.0
step_60000,E4_phys001942_700k_80k,60000,12.0,C:\Users\dille\Documents\ilua-system\projects\physics_md_al_fe\runs\stageE_700k_dxa_confirm\20260625-102200\cases\E4_700k_dxa_confirm\E4_phys001942_700k_80k\production\dump.chunk0050000_0060000.lammpstrj,C:\Users\dille\Documents\ilua-system\projects\physics_md_al_fe\runs\stageE_700k_dxa_confirm\20260625-102200\cases\E4_700k_dxa_confirm\E4_phys001942_700k_80k\production\restart.60000,288.10695,8923.3945,-2357004.9,26448.936,-2330556.0,8963.5361,8286.6289,9520.0186,0.001942,surface-distance,analytic ellipsoid Fe4Al13/Al interface from Stage E geometry metadata; r is radial signed distance from ellipsoid surface into Al matrix,12-14,13.0,5046,697.2726444510645,636.8924836541032,804.2277770535798,712.7976350529158,152.48217222738936,805.5554306792587,7742.227109227193,9067.302094271152,5734.734482224889,7317.705003696308,5046,1.0,120.0,157.6558101324835,0,0,2,17.45135037842975,,,,,4.670785640553414,confirmed_DXA,short_transient_dxa / not_developed_dislocation,157.6558101324835,157.6558101324835,0.3179003884865365,0.4008084376891478,12.0,14.0
step_60000,E4_phys001942_700k_80k,60000,12.0,C:\Users\dille\Documents\ilua-system\projects\physics_md_al_fe\runs\stageE_700k_dxa_confirm\20260625-102200\cases\E4_700k_dxa_confirm\E4_phys001942_700k_80k\production\dump.chunk0050000_0060000.lammpstrj,C:\Users\dille\Documents\ilua-system\projects\physics_md_al_fe\runs\stageE_700k_dxa_confirm\20260625-102200\cases\E4_700k_dxa_confirm\E4_phys001942_700k_80k\production\restart.60000,288.10695,8923.3945,-2357004.9,26448.936,-2330556.0,8963.5361,8286.6289,9520.0186,0.001942,surface-distance,analytic ellipsoid Fe4Al13/Al interface from Stage E geometry metadata; r is radial signed distance from ellipsoid surface into Al matrix,14-16,15.0,5376,634.0842644138875,620.596728113869,728.4776667793208,661.0528864356924,157.78196879129123,766.1807533265761,7592.503214361448,8931.075841780577,5708.781876990137,7144.578321222003,5376,1.0,120.0,157.6558101324835,0,0,2,17.45135037842975,,,,,4.670785640553414,confirmed_DXA,short_transient_dxa / not_developed_dislocation,157.6558101324835,157.6558101324835,0.3179003884865365,0.4008084376891478,14.0,16.0
step_60000,E4_phys001942_700k_80k,60000,12.0,C:\Users\dille\Documents\ilua-system\projects\physics_md_al_fe\runs\stageE_700k_dxa_confirm\20260625-102200\cases\E4_700k_dxa_confirm\E4_phys001942_700k_80k\production\dump.chunk0050000_0060000.lammpstrj,C:\Users\dille\Documents\ilua-system\projects\physics_md_al_fe\runs\stageE_700k_dxa_confirm\20260625-102200\cases\E4_700k_dxa_confirm\E4_phys001942_700k_80k\production\restart.60000,288.10695,8923.3945,-2357004.9,26448.936,-2330556.0,8963.5361,8286.6289,9520.0186,0.001942,surface-distance,analytic ellipsoid Fe4Al13/Al interface from Stage E geometry metadata; r is radial signed distance from ellipsoid surface into Al matrix,16-18,17.0,5929,717.6560764433822,652.7333873382263,765.510107703025,711.966523828211,100.88368244835996,765.6596413404815,7548.245315750557,8835.715161186528,5751.946962464631,7168.209452981318,5929,1.0,120.0,157.6558101324835,0,0,2,17.45135037842975,,,,,4.670785640553414,confirmed_DXA,short_transient_dxa / not_developed_dislocation,157.6558101324835,157.6558101324835,0.3179003884865365,0.4008084376891478,16.0,18.0
step_60000,E4_phys001942_700k_80k,60000,12.0,C:\Users\dille\Documents\ilua-system\projects\physics_md_al_fe\runs\stageE_700k_dxa_confirm\20260625-102200\cases\E4_700k_dxa_confirm\E4_phys001942_700k_80k\production\dump.chunk0050000_0060000.lammpstrj,C:\Users\dille\Documents\ilua-system\projects\physics_md_al_fe\runs\stageE_700k_dxa_confirm\20260625-102200\cases\E4_700k_dxa_confirm\E4_phys001942_700k_80k\production\restart.60000,288.10695,8923.3945,-2357004.9,26448.936,-2330556.0,8963.5361,8286.6289,9520.0186,0.001942,surface-distance,analytic ellipsoid Fe4Al13/Al interface from Stage E geometry metadata; r is radial signed distance from ellipsoid surface into Al matrix,18-20,19.0,6149,716.9091848313473,641.6246545633081,774.4272920491643,710.9870438146066,116.33653581421997,775.4683150426486,7558.169651721256,8992.450477780156,5606.002219157251,6980.402369164272,6149,1.0,120.0,157.6558101324835,0,0,2,17.45135037842975,,,,,4.670785640553414,confirmed_DXA,short_transient_dxa / not_developed_dislocation,157.6558101324835,157.6558101324835,0.3179003884865365,0.4008084376891478,18.0,20.0
step_60000,E4_phys001942_700k_80k,60000,12.0,C:\Users\dille\Documents\ilua-system\projects\physics_md_al_fe\runs\stageE_700k_dxa_confirm\20260625-102200\cases\E4_700k_dxa_confirm\E4_phys001942_700k_80k\production\dump.chunk0050000_0060000.lammpstrj,C:\Users\dille\Documents\ilua-system\projects\physics_md_al_fe\runs\stageE_700k_dxa_confirm\20260625-102200\cases\E4_700k_dxa_confirm\E4_phys001942_700k_80k\production\restart.60000,288.10695,8923.3945,-2357004.9,26448.936,-2330556.0,8963.5361,8286.6289,9520.0186,0.001942,surface-distance,analytic ellipsoid Fe4Al13/Al interface from Stage E geometry metadata; r is radial signed distance from ellipsoid surface into Al matrix,20-22,21.0,6552,752.1333726645112,675.92821434672,770.7257851429174,732.9291240513827,117.41723481693637,789.0851891073419,7499.735163547287,8832.84063079034,5753.881523694163,7347.640458317767,6552,1.0,120.0,157.6558101324835,0,0,2,17.45135037842975,,,,,4.670785640553414,confirmed_DXA,short_transient_dxa / not_developed_dislocation,157.6558101324835,157.6558101324835,0.3179003884865365,0.4008084376891478,20.0,22.0
step_60000,E4_phys001942_700k_80k,60000,12.0,C:\Users\dille\Documents\ilua-system\projects\physics_md_al_fe\runs\stageE_700k_dxa_confirm\20260625-102200\cases\E4_700k_dxa_confirm\E4_phys001942_700k_80k\production\dump.chunk0050000_0060000.lammpstrj,C:\Users\dille\Documents\ilua-system\projects\physics_md_al_fe\runs\stageE_700k_dxa_confirm\20260625-102200\cases\E4_700k_dxa_confirm\E4_phys001942_700k_80k\production\restart.60000,288.10695,8923.3945,-2357004.9,26448.936,-2330556.0,8963.5361,8286.6289,9520.0186,0.001942,surface-distance,analytic ellipsoid Fe4Al13/Al interface from Stage E geometry metadata; r is radial signed distance from ellipsoid surface into Al matrix,22-24,23.0,6856,841.0724254723845,791.7479413037468,904.5941515107758,845.804839428969,108.77001795371473,910.9853945121295,7537.294361814993,8886.347129194623,5755.740868701707,7127.654671274693,6856,1.0,120.0,157.6558101324835,0,0,2,17.45135037842975,,,,,4.670785640553414,confirmed_DXA,short_transient_dxa / not_developed_dislocation,157.6558101324835,157.6558101324835,0.3179003884865365,0.4008084376891478,22.0,24.0
step_60000,E4_phys001942_700k_80k,60000,12.0,C:\Users\dille\Documents\ilua-system\projects\physics_md_al_fe\runs\stageE_700k_dxa_confirm\20260625-102200\cases\E4_700k_dxa_confirm\E4_phys001942_700k_80k\production\dump.chunk0050000_0060000.lammpstrj,C:\Users\dille\Documents\ilua-system\projects\physics_md_al_fe\runs\stageE_700k_dxa_confirm\20260625-102200\cases\E4_700k_dxa_confirm\E4_phys001942_700k_80k\production\restart.60000,288.10695,8923.3945,-2357004.9,26448.936,-2330556.0,8963.5361,8286.6289,9520.0186,0.001942,surface-distance,analytic ellipsoid Fe4Al13/Al interface from Stage E geometry metadata; r is radial signed distance from ellipsoid surface into Al matrix,24-26,25.0,7517,919.0233301442686,842.1122177053121,913.6883834131836,891.6079770875881,100.18329240448543,936.6249093082091,7455.36943083302,8855.966182944463,5732.799920995356,7381.099040777152,7517,1.0,120.0,157.6558101324835,0,0,2,17.45135037842975,,,,,4.670785640553414,confirmed_DXA,short_transient_dxa / not_developed_dislocation,157.6558101324835,157.6558101324835,0.3179003884865365,0.4008084376891478,24.0,26.0
step_60000,E4_phys001942_700k_80k,60000,12.0,C:\Users\dille\Documents\ilua-system\projects\physics_md_al_fe\runs\stageE_700k_dxa_confirm\20260625-102200\cases\E4_700k_dxa_confirm\E4_phys001942_700k_80k\production\dump.chunk0050000_0060000.lammpstrj,C:\Users\dille\Documents\ilua-system\projects\physics_md_al_fe\runs\stageE_700k_dxa_confirm\20260625-102200\cases\E4_700k_dxa_confirm\E4_phys001942_700k_80k\production\restart.60000,288.10695,8923.3945,-2357004.9,26448.936,-2330556.0,8963.5361,8286.6289,9520.0186,0.001942,surface-distance,analytic ellipsoid Fe4Al13/Al interface from Stage E geometry metadata; r is radial signed distance from ellipsoid surface into Al matrix,26-28,27.0,7861,956.6453165467731,906.432259807896,932.5411132511274,931.8728965352653,74.08803727205314,980.1161413240774,7514.8522731649855,9030.718492664822,5913.758116503053,7487.10697885775,7861,1.0,120.0,157.6558101324835,0,0,2,17.45135037842975,,,,,4.670785640553414,confirmed_DXA,short_transient_dxa / not_developed_dislocation,157.6558101324835,157.6558101324835,0.3179003884865365,0.4008084376891478,26.0,28.0
step_60000,E4_phys001942_700k_80k,60000,12.0,C:\Users\dille\Documents\ilua-system\projects\physics_md_al_fe\runs\stageE_700k_dxa_confirm\20260625-102200\cases\E4_700k_dxa_confirm\E4_phys001942_700k_80k\production\dump.chunk0050000_0060000.lammpstrj,C:\Users\dille\Documents\ilua-system\projects\physics_md_al_fe\runs\stageE_700k_dxa_confirm\20260625-102200\cases\E4_700k_dxa_confirm\E4_phys001942_700k_80k\production\restart.60000,288.10695,8923.3945,-2357004.9,26448.936,-2330556.0,8963.5361,8286.6289,9520.0186,0.001942,surface-distance,analytic ellipsoid Fe4Al13/Al interface from Stage E geometry metadata; r is radial signed distance from ellipsoid surface into Al matrix,28-30,29.0,8281,922.5820690481116,901.5218588384068,941.5786021335297,921.8941766733493,62.87109060830349,961.3187135466195,7549.156403609925,8953.013425620175,5828.174090476186,7266.3684278650335,8281,1.0,120.0,157.6558101324835,0,0,2,17.45135037842975,,,,,4.670785640553414,confirmed_DXA,short_transient_dxa / not_developed_dislocation,157.6558101324835,157.6558101324835,0.3179003884865365,0.4008084376891478,28.0,30.0
step_60000,E4_phys001942_700k_80k,60000,12.0,C:\Users\dille\Documents\ilua-system\projects\physics_md_al_fe\runs\stageE_700k_dxa_confirm\20260625-102200\cases\E4_700k_dxa_confirm\E4_phys001942_700k_80k\production\dump.chunk0050000_0060000.lammpstrj,C:\Users\dille\Documents\ilua-system\projects\physics_md_al_fe\runs\stageE_700k_dxa_confirm\20260625-102200\cases\E4_700k_dxa_confirm\E4_phys001942_700k_80k\production\restart.60000,288.10695,8923.3945,-2357004.9,26448.936,-2330556.0,8963.5361,8286.6289,9520.0186,0.001942,surface-distance,analytic ellipsoid Fe4Al13/Al interface from Stage E geometry metadata; r is radial signed distance from ellipsoid surface into Al matrix,30-32,31.0,8606,894.6838016414137,884.5926926425375,934.1509813662026,904.4758252167179,57.23198546685456,937.0868553881285,7617.56324408322,8952.442832391442,5828.53362401729,7463.374756496101,8606,1.0,120.0,157.6558101324835,0,0,2,17.45135037842975,,,,,4.670785640553414,confirmed_DXA,short_transient_dxa / not_developed_dislocation,157.6558101324835,157.6558101324835,0.3179003884865365,0.4008084376891478,30.0,32.0
step_60000,E4_phys001942_700k_80k,60000,12.0,C:\Users\dille\Documents\ilua-system\projects\physics_md_al_fe\runs\stageE_700k_dxa_confirm\20260625-102200\cases\E4_700k_dxa_confirm\E4_phys001942_700k_80k\production\dump.chunk0050000_0060000.lammpstrj,C:\Users\dille\Documents\ilua-system\projects\physics_md_al_fe\runs\stageE_700k_dxa_confirm\20260625-102200\cases\E4_700k_dxa_confirm\E4_phys001942_700k_80k\production\restart.60000,288.10695,8923.3945,-2357004.9,26448.936,-2330556.0,8963.5361,8286.6289,9520.0186,0.001942,surface-distance,analytic ellipsoid Fe4Al13/Al interface from Stage E geometry metadata; r is radial signed distance from ellipsoid surface into Al matrix,32-34,33.0,9249,944.2401909699316,892.293191969959,937.1463352132085,924.5599060510331,95.95285415078628,972.3492386978904,7668.207306095673,8947.361562884771,5828.172887016636,7437.517224565949,9249,1.0,120.0,157.6558101324835,0,0,2,17.45135037842975,,,,,4.670785640553414,confirmed_DXA,short_transient_dxa / not_developed_dislocation,157.6558101324835,157.6558101324835,0.3179003884865365,0.4008084376891478,32.0,34.0
step_60000,E4_phys001942_700k_80k,60000,12.0,C:\Users\dille\Documents\ilua-system\projects\physics_md_al_fe\runs\stageE_700k_dxa_confirm\20260625-102200\cases\E4_700k_dxa_confirm\E4_phys001942_700k_80k\production\dump.chunk0050000_0060000.lammpstrj,C:\Users\dille\Documents\ilua-system\projects\physics_md_al_fe\runs\stageE_700k_dxa_confirm\20260625-102200\cases\E4_700k_dxa_confirm\E4_phys001942_700k_80k\production\restart.60000,288.10695,8923.3945,-2357004.9,26448.936,-2330556.0,8963.5361,8286.6289,9520.0186,0.001942,surface-distance,analytic ellipsoid Fe4Al13/Al interface from Stage E geometry metadata; r is radial signed distance from ellipsoid surface into Al matrix,34-36,35.0,9796,920.1888514425453,905.4050522921506,966.239664940036,930.611189558244,64.99154331257597,971.3378521909545,7529.822438609105,8896.043067030625,5830.689320939467,7393.926114410092,9796,1.0,120.0,157.6558101324835,0,0,2,17.45135037842975,,,,,4.670785640553414,confirmed_DXA,short_transient_dxa / not_developed_dislocation,157.6558101324835,157.6558101324835,0.3179003884865365,0.4008084376891478,34.0,36.0
step_60000,E4_phys001942_700k_80k,60000,12.0,C:\Users\dille\Documents\ilua-system\projects\physics_md_al_fe\runs\stageE_700k_dxa_confirm\20260625-102200\cases\E4_700k_dxa_confirm\E4_phys001942_700k_80k\production\dump.chunk0050000_0060000.lammpstrj,C:\Users\dille\Documents\ilua-system\projects\physics_md_al_fe\runs\stageE_700k_dxa_confirm\20260625-102200\cases\E4_700k_dxa_confirm\E4_phys001942_700k_80k\production\restart.60000,288.10695,8923.3945,-2357004.9,26448.936,-2330556.0,8963.5361,8286.6289,9520.0186,0.001942,surface-distance,analytic ellipsoid Fe4Al13/Al interface from Stage E geometry metadata; r is radial signed distance from ellipsoid surface into Al matrix,36-38,37.0,10071,910.8223029755604,918.5773904899606,975.4995824396897,934.9664253017369,66.08612445595989,976.3529093225518,7510.816994344809,8951.701328902584,5916.234234530901,7580.182540594622,10071,1.0,120.0,157.6558101324835,0,0,2,17.45135037842975,,,,,4.670785640553414,confirmed_DXA,short_transient_dxa / not_developed_dislocation,157.6558101324835,157.6558101324835,0.3179003884865365,0.4008084376891478,36.0,38.0
step_60000,E4_phys001942_700k_80k,60000,12.0,C:\Users\dille\Documents\ilua-system\projects\physics_md_al_fe\runs\stageE_700k_dxa_confirm\20260625-102200\cases\E4_700k_dxa_confirm\E4_phys001942_700k_80k\production\dump.chunk0050000_0060000.lammpstrj,C:\Users\dille\Documents\ilua-system\projects\physics_md_al_fe\runs\stageE_700k_dxa_confirm\20260625-102200\cases\E4_700k_dxa_confirm\E4_phys001942_700k_80k\production\restart.60000,288.10695,8923.3945,-2357004.9,26448.936,-2330556.0,8963.5361,8286.6289,9520.0186,0.001942,surface-distance,analytic ellipsoid Fe4Al13/Al interface from Stage E geometry metadata; r is radial signed distance from ellipsoid surface into Al matrix,38-40,39.0,10590,865.9890412709971,867.600266921635,924.0951303307593,885.8948128411304,71.11335721877435,932.1588707121658,7565.8029555202265,9069.33456336415,5872.614843075597,7407.253827216614,10590,1.0,120.0,157.6558101324835,0,0,2,17.45135037842975,,,,,4.670785640553414,confirmed_DXA,short_transient_dxa / not_developed_dislocation,157.6558101324835,157.6558101324835,0.3179003884865365,0.4008084376891478,38.0,40.0
step_60000,E4_phys001942_700k_80k,60000,12.0,C:\Users\dille\Documents\ilua-system\projects\physics_md_al_fe\runs\stageE_700k_dxa_confirm\20260625-102200\cases\E4_700k_dxa_confirm\E4_phys001942_700k_80k\production\dump.chunk0050000_0060000.lammpstrj,C:\Users\dille\Documents\ilua-system\projects\physics_md_al_fe\runs\stageE_700k_dxa_confirm\20260625-102200\cases\E4_700k_dxa_confirm\E4_phys001942_700k_80k\production\restart.60000,288.10695,8923.3945,-2357004.9,26448.936,-2330556.0,8963.5361,8286.6289,9520.0186,0.001942,surface-distance,analytic ellipsoid Fe4Al13/Al interface from Stage E geometry metadata; r is radial signed distance from ellipsoid surface into Al matrix,40-42,41.0,11062,825.7027062217869,868.580687937266,908.0966991229915,867.4600310940149,90.9276232420662,925.1911361968171,7511.182122581731,9020.283003625169,5762.8593319506535,7378.960493153574,11062,1.0,120.0,157.6558101324835,0,0,2,17.45135037842975,,,,,4.670785640553414,confirmed_DXA,short_transient_dxa / not_developed_dislocation,157.6558101324835,157.6558101324835,0.3179003884865365,0.4008084376891478,40.0,42.0
step_60000,E4_phys001942_700k_80k,60000,12.0,C:\Users\dille\Documents\ilua-system\projects\physics_md_al_fe\runs\stageE_700k_dxa_confirm\20260625-102200\cases\E4_700k_dxa_confirm\E4_phys001942_700k_80k\production\dump.chunk0050000_0060000.lammpstrj,C:\Users\dille\Documents\ilua-system\projects\physics_md_al_fe\runs\stageE_700k_dxa_confirm\20260625-102200\cases\E4_700k_dxa_confirm\E4_phys001942_700k_80k\production\restart.60000,288.10695,8923.3945,-2357004.9,26448.936,-2330556.0,8963.5361,8286.6289,9520.0186,0.001942,surface-distance,analytic ellipsoid Fe4Al13/Al interface from Stage E geometry metadata; r is radial signed distance from ellipsoid surface into Al matrix,42-44,43.0,11762,826.8857063243428,809.9735934109866,911.8456331891311,849.5683109748202,100.3219796278572,915.6871139809546,7482.661058348193,8793.681361467667,5772.098290929888,7131.896264465043,11762,1.0,120.0,157.6558101324835,0,0,2,17.45135037842975,,,,,4.670785640553414,confirmed_DXA,short_transient_dxa / not_developed_dislocation,157.6558101324835,157.6558101324835,0.3179003884865365,0.4008084376891478,42.0,44.0
step_60000,E4_phys001942_700k_80k,60000,12.0,C:\Users\dille\Documents\ilua-system\projects\physics_md_al_fe\runs\stageE_700k_dxa_confirm\20260625-102200\cases\E4_700k_dxa_confirm\E4_phys001942_700k_80k\production\dump.chunk0050000_0060000.lammpstrj,C:\Users\dille\Documents\ilua-system\projects\physics_md_al_fe\runs\stageE_700k_dxa_confirm\20260625-102200\cases\E4_700k_dxa_confirm\E4_phys001942_700k_80k\production\restart.60000,288.10695,8923.3945,-2357004.9,26448.936,-2330556.0,8963.5361,8286.6289,9520.0186,0.001942,surface-distance,analytic ellipsoid Fe4Al13/Al interface from Stage E geometry metadata; r is radial signed distance from ellipsoid surface into Al matrix,44-46,45.0,12266,840.8076967119489,789.3345552583993,877.5245376352437,835.8889298685307,77.34677419057532,877.6093249933964,7570.835902882889,8965.63426079543,5711.363297728766,7305.222119495171,12266,1.0,120.0,157.6558101324835,0,0,2,17.45135037842975,,,,,4.670785640553414,confirmed_DXA,short_transient_dxa / not_developed_dislocation,157.6558101324835,157.6558101324835,0.3179003884865365,0.4008084376891478,44.0,46.0
step_60000,E4_phys001942_700k_80k,60000,12.0,C:\Users\dille\Documents\ilua-system\projects\physics_md_al_fe\runs\stageE_700k_dxa_confirm\20260625-102200\cases\E4_700k_dxa_confirm\E4_phys001942_700k_80k\production\dump.chunk0050000_0060000.lammpstrj,C:\Users\dille\Documents\ilua-system\projects\physics_md_al_fe\runs\stageE_700k_dxa_confirm\20260625-102200\cases\E4_700k_dxa_confirm\E4_phys001942_700k_80k\production\restart.60000,288.10695,8923.3945,-2357004.9,26448.936,-2330556.0,8963.5361,8286.6289,9520.0186,0.001942,surface-distance,analytic ellipsoid Fe4Al13/Al interface from Stage E geometry metadata; r is radial signed distance from ellipsoid surface into Al matrix,46-48,47.0,12794,854.954044622861,841.8211242430298,897.8748118615115,864.8833269091341,59.198819414292224,903.1688282613968,7465.379657865291,8940.955189287917,5813.14378326876,7319.5348639448275,12794,1.0,120.0,157.6558101324835,0,0,2,17.45135037842975,,,,,4.670785640553414,confirmed_DXA,short_transient_dxa / not_developed_dislocation,157.6558101324835,157.6558101324835,0.3179003884865365,0.4008084376891478,46.0,48.0
step_60000,E4_phys001942_700k_80k,60000,12.0,C:\Users\dille\Documents\ilua-system\projects\physics_md_al_fe\runs\stageE_700k_dxa_confirm\20260625-102200\cases\E4_700k_dxa_confirm\E4_phys001942_700k_80k\production\dump.chunk0050000_0060000.lammpstrj,C:\Users\dille\Documents\ilua-system\projects\physics_md_al_fe\runs\stageE_700k_dxa_confirm\20260625-102200\cases\E4_700k_dxa_confirm\E4_phys001942_700k_80k\production\restart.60000,288.10695,8923.3945,-2357004.9,26448.936,-2330556.0,8963.5361,8286.6289,9520.0186,0.001942,surface-distance,analytic ellipsoid Fe4Al13/Al interface from Stage E geometry metadata; r is radial signed distance from ellipsoid surface into Al matrix,48-50,49.0,13256,901.6903617976409,865.2782825043471,941.8308583417064,902.933167547898,70.91136712212759,946.4378104776379,7496.237772610868,8898.169910981316,5817.013507457601,7492.585728467371,13256,1.0,120.0,157.6558101324835,0,0,2,17.45135037842975,,,,,4.670785640553414,confirmed_DXA,short_transient_dxa / not_developed_dislocation,157.6558101324835,157.6558101324835,0.3179003884865365,0.4008084376891478,48.0,50.0
step_60000,E4_phys001942_700k_80k,60000,12.0,C:\Users\dille\Documents\ilua-system\projects\physics_md_al_fe\runs\stageE_700k_dxa_confirm\20260625-102200\cases\E4_700k_dxa_confirm\E4_phys001942_700k_80k\production\dump.chunk0050000_0060000.lammpstrj,C:\Users\dille\Documents\ilua-system\projects\physics_md_al_fe\runs\stageE_700k_dxa_confirm\20260625-102200\cases\E4_700k_dxa_confirm\E4_phys001942_700k_80k\production\restart.60000,288.10695,8923.3945,-2357004.9,26448.936,-2330556.0,8963.5361,8286.6289,9520.0186,0.001942,surface-distance,analytic ellipsoid Fe4Al13/Al interface from Stage E geometry metadata; r is radial signed distance from ellipsoid surface into Al matrix,50-55,52.5,35775,931.218278882207,885.1627693960384,964.676945693893,927.0193313240461,77.53591838220001,970.8219429605183,7502.577704215556,8921.00138891436,5843.867804761546,7366.643084640831,35775,1.0,120.0,157.6558101324835,0,2,2,17.45135037842975,,,,,4.670785640553414,confirmed_DXA,short_transient_dxa / not_developed_dislocation,157.6558101324835,157.6558101324835,0.3179003884865365,0.4008084376891478,50.0,55.0
step_60000,E4_phys001942_700k_80k,60000,12.0,C:\Users\dille\Documents\ilua-system\projects\physics_md_al_fe\runs\stageE_700k_dxa_confirm\20260625-102200\cases\E4_700k_dxa_confirm\E4_phys001942_700k_80k\production\dump.chunk0050000_0060000.lammpstrj,C:\Users\dille\Documents\ilua-system\projects\physics_md_al_fe\runs\stageE_700k_dxa_confirm\20260625-102200\cases\E4_700k_dxa_confirm\E4_phys001942_700k_80k\production\restart.60000,288.10695,8923.3945,-2357004.9,26448.936,-2330556.0,8963.5361,8286.6289,9520.0186,0.001942,surface-distance,analytic ellipsoid Fe4Al13/Al interface from Stage E geometry metadata; r is radial signed distance from ellipsoid surface into Al matrix,55-60,57.5,39604,957.4182324764148,928.721919648334,981.2289386681394,955.7896969309628,46.351774522412626,981.697087435271,7549.286835192497,8970.625103132512,5836.753854485917,7452.040574437164,39604,1.0,120.0,157.6558101324835,0,0,2,17.45135037842975,,,,,4.670785640553414,confirmed_DXA,short_transient_dxa / not_developed_dislocation,157.6558101324835,157.6558101324835,0.3179003884865365,0.4008084376891478,55.0,60.0
step_60000,E4_phys001942_700k_80k,60000,12.0,C:\Users\dille\Documents\ilua-system\projects\physics_md_al_fe\runs\stageE_700k_dxa_confirm\20260625-102200\cases\E4_700k_dxa_confirm\E4_phys001942_700k_80k\production\dump.chunk0050000_0060000.lammpstrj,C:\Users\dille\Documents\ilua-system\projects\physics_md_al_fe\runs\stageE_700k_dxa_confirm\20260625-102200\cases\E4_700k_dxa_confirm\E4_phys001942_700k_80k\production\restart.60000,288.10695,8923.3945,-2357004.9,26448.936,-2330556.0,8963.5361,8286.6289,9520.0186,0.001942,surface-distance,analytic ellipsoid Fe4Al13/Al interface from Stage E geometry metadata; r is radial signed distance from ellipsoid surface into Al matrix,60-65,62.5,43041,950.5148545566556,927.3669147805439,1020.592511042535,966.1580934599115,84.89136621118959,1020.7835502727816,7516.267379634635,8911.170486779956,5895.062372365707,7435.141595410659,43041,1.0,120.0,157.6558101324835,0,2,2,17.45135037842975,,,,,4.670785640553414,confirmed_DXA,short_transient_dxa / not_developed_dislocation,157.6558101324835,157.6558101324835,0.3179003884865365,0.4008084376891478,60.0,65.0
step_60000,E4_phys001942_700k_80k,60000,12.0,C:\Users\dille\Documents\ilua-system\projects\physics_md_al_fe\runs\stageE_700k_dxa_confirm\20260625-102200\cases\E4_700k_dxa_confirm\E4_phys001942_700k_80k\production\dump.chunk0050000_0060000.lammpstrj,C:\Users\dille\Documents\ilua-system\projects\physics_md_al_fe\runs\stageE_700k_dxa_confirm\20260625-102200\cases\E4_700k_dxa_confirm\E4_phys001942_700k_80k\production\restart.60000,288.10695,8923.3945,-2357004.9,26448.936,-2330556.0,8963.5361,8286.6289,9520.0186,0.001942,surface-distance,analytic ellipsoid Fe4Al13/Al interface from Stage E geometry metadata; r is radial signed distance from ellipsoid surface into Al matrix,65-70,67.5,42907,962.3457521145289,945.6326460901852,1008.6630983661048,972.213832190273,60.93807807129028,1012.0088745840892,7501.183084355636,8960.584244570371,5914.505464884726,7516.519530303967,42907,1.0,120.0,157.6558101324835,0,0,2,17.45135037842975,,,,,4.670785640553414,confirmed_DXA,short_transient_dxa / not_developed_dislocation,157.6558101324835,157.6558101324835,0.3179003884865365,0.4008084376891478,65.0,70.0
step_60000,E4_phys001942_700k_80k,60000,12.0,C:\Users\dille\Documents\ilua-system\projects\physics_md_al_fe\runs\stageE_700k_dxa_confirm\20260625-102200\cases\E4_700k_dxa_confirm\E4_phys001942_700k_80k\production\dump.chunk0050000_0060000.lammpstrj,C:\Users\dille\Documents\ilua-system\projects\physics_md_al_fe\runs\stageE_700k_dxa_confirm\20260625-102200\cases\E4_700k_dxa_confirm\E4_phys001942_700k_80k\production\restart.60000,288.10695,8923.3945,-2357004.9,26448.936,-2330556.0,8963.5361,8286.6289,9520.0186,0.001942,surface-distance,analytic ellipsoid Fe4Al13/Al interface from Stage E geometry metadata; r is radial signed distance from ellipsoid surface into Al matrix,70-75,72.5,42455,909.3937259423534,920.379782565741,940.8802253711451,923.5512446264132,56.33291584946315,956.875072388822,7504.120961450877,8963.93666227318,5860.876900337028,7379.520101845168,42455,1.0,120.0,157.6558101324835,0,0,2,17.45135037842975,,,,,4.670785640553414,confirmed_DXA,short_transient_dxa / not_developed_dislocation,157.6558101324835,157.6558101324835,0.3179003884865365,0.4008084376891478,70.0,75.0
step_60000,E4_phys001942_700k_80k,60000,12.0,C:\Users\dille\Documents\ilua-system\projects\physics_md_al_fe\runs\stageE_700k_dxa_confirm\20260625-102200\cases\E4_700k_dxa_confirm\E4_phys001942_700k_80k\production\dump.chunk0050000_0060000.lammpstrj,C:\Users\dille\Documents\ilua-system\projects\physics_md_al_fe\runs\stageE_700k_dxa_confirm\20260625-102200\cases\E4_700k_dxa_confirm\E4_phys001942_700k_80k\production\restart.60000,288.10695,8923.3945,-2357004.9,26448.936,-2330556.0,8963.5361,8286.6289,9520.0186,0.001942,surface-distance,analytic ellipsoid Fe4Al13/Al interface from Stage E geometry metadata; r is radial signed distance from ellipsoid surface into Al matrix,75-80,77.5,41411,958.5110365690158,968.5659279276863,976.1212818078238,967.7327487681754,30.077643212999615,987.5191891606087,7532.1690570989285,8910.23314051854,5876.550155810011,7520.713586842022,41411,1.0,120.0,157.6558101324835,0,3,2,17.45135037842975,,,,,4.670785640553414,confirmed_DXA,short_transient_dxa / not_developed_dislocation,157.6558101324835,157.6558101324835,0.3179003884865365,0.4008084376891478,75.0,80.0
step_60000,E4_phys001942_700k_80k,60000,12.0,C:\Users\dille\Documents\ilua-system\projects\physics_md_al_fe\runs\stageE_700k_dxa_confirm\20260625-102200\cases\E4_700k_dxa_confirm\E4_phys001942_700k_80k\production\dump.chunk0050000_0060000.lammpstrj,C:\Users\dille\Documents\ilua-system\projects\physics_md_al_fe\runs\stageE_700k_dxa_confirm\20260625-102200\cases\E4_700k_dxa_confirm\E4_phys001942_700k_80k\production\restart.60000,288.10695,8923.3945,-2357004.9,26448.936,-2330556.0,8963.5361,8286.6289,9520.0186,0.001942,surface-distance,analytic ellipsoid Fe4Al13/Al interface from Stage E geometry metadata; r is radial signed distance from ellipsoid surface into Al matrix,80-85,82.5,38788,942.6855332288495,954.9568905153715,944.9364794929323,947.5263010790512,16.542453904780587,958.4575445797457,7486.736972840052,8916.65207784866,5876.527891808304,7427.317904864358,38788,1.0,120.0,157.6558101324835,0,1,2,17.45135037842975,,,,,4.670785640553414,confirmed_DXA,short_transient_dxa / not_developed_dislocation,157.6558101324835,157.6558101324835,0.3179003884865365,0.4008084376891478,80.0,85.0
step_60000,E4_phys001942_700k_80k,60000,12.0,C:\Users\dille\Documents\ilua-system\projects\physics_md_al_fe\runs\stageE_700k_dxa_confirm\20260625-102200\cases\E4_700k_dxa_confirm\E4_phys001942_700k_80k\production\dump.chunk0050000_0060000.lammpstrj,C:\Users\dille\Documents\ilua-system\projects\physics_md_al_fe\runs\stageE_700k_dxa_confirm\20260625-102200\cases\E4_700k_dxa_confirm\E4_phys001942_700k_80k\production\restart.60000,288.10695,8923.3945,-2357004.9,26448.936,-2330556.0,8963.5361,8286.6289,9520.0186,0.001942,surface-distance,analytic ellipsoid Fe4Al13/Al interface from Stage E geometry metadata; r is radial signed distance from ellipsoid surface into Al matrix,85-90,87.5,36318,984.2173825188388,959.7785268904353,931.2193311422247,958.405080183833,50.538184203017785,986.6583422520229,7505.673982281493,8958.905499524699,5890.756394089337,7476.122401798639,36318,1.0,120.0,157.6558101324835,0,0,2,17.45135037842975,,,,,4.670785640553414,confirmed_DXA,short_transient_dxa / not_developed_dislocation,157.6558101324835,157.6558101324835,0.3179003884865365,0.4008084376891478,85.0,90.0
step_60000,E4_phys001942_700k_80k,60000,12.0,C:\Users\dille\Documents\ilua-system\projects\physics_md_al_fe\runs\stageE_700k_dxa_confirm\20260625-102200\cases\E4_700k_dxa_confirm\E4_phys001942_700k_80k\production\dump.chunk0050000_0060000.lammpstrj,C:\Users\dille\Documents\ilua-system\projects\physics_md_al_fe\runs\stageE_700k_dxa_confirm\20260625-102200\cases\E4_700k_dxa_confirm\E4_phys001942_700k_80k\production\restart.60000,288.10695,8923.3945,-2357004.9,26448.936,-2330556.0,8963.5361,8286.6289,9520.0186,0.001942,surface-distance,analytic ellipsoid Fe4Al13/Al interface from Stage E geometry metadata; r is radial signed distance from ellipsoid surface into Al matrix,90-95,92.5,33128,990.957731371904,972.6471014936628,963.7664363272402,975.7904230642689,27.46538659030123,993.028907978694,7586.649473725085,8977.478619132864,5924.811290756639,7543.078077423071,33128,1.0,120.0,157.6558101324835,0,0,2,17.45135037842975,,,,,4.670785640553414,confirmed_DXA,short_transient_dxa / not_developed_dislocation,157.6558101324835,157.6558101324835,0.3179003884865365,0.4008084376891478,90.0,95.0
step_60000,E4_phys001942_700k_80k,60000,12.0,C:\Users\dille\Documents\ilua-system\projects\physics_md_al_fe\runs\stageE_700k_dxa_confirm\20260625-102200\cases\E4_700k_dxa_confirm\E4_phys001942_700k_80k\production\dump.chunk0050000_0060000.lammpstrj,C:\Users\dille\Documents\ilua-system\projects\physics_md_al_fe\runs\stageE_700k_dxa_confirm\20260625-102200\cases\E4_700k_dxa_confirm\E4_phys001942_700k_80k\production\restart.60000,288.10695,8923.3945,-2357004.9,26448.936,-2330556.0,8963.5361,8286.6289,9520.0186,0.001942,surface-distance,analytic ellipsoid Fe4Al13/Al interface from Stage E geometry metadata; r is radial signed distance from ellipsoid surface into Al matrix,95-100,97.5,29562,988.5796698882625,1008.4763870665086,937.1625505485613,978.0728691677774,64.30503889214792,1009.5775090312335,7525.752508112564,8976.289776370613,5940.492067851815,7570.366522760307,29562,1.0,120.0,157.6558101324835,0,0,2,17.45135037842975,,,,,4.670785640553414,confirmed_DXA,short_transient_dxa / not_developed_dislocation,157.6558101324835,157.6558101324835,0.3179003884865365,0.4008084376891478,95.0,100.0
step_60000,E4_phys001942_700k_80k,60000,12.0,C:\Users\dille\Documents\ilua-system\projects\physics_md_al_fe\runs\stageE_700k_dxa_confirm\20260625-102200\cases\E4_700k_dxa_confirm\E4_phys001942_700k_80k\production\dump.chunk0050000_0060000.lammpstrj,C:\Users\dille\Documents\ilua-system\projects\physics_md_al_fe\runs\stageE_700k_dxa_confirm\20260625-102200\cases\E4_700k_dxa_confirm\E4_phys001942_700k_80k\production\restart.60000,288.10695,8923.3945,-2357004.9,26448.936,-2330556.0,8963.5361,8286.6289,9520.0186,0.001942,surface-distance,analytic ellipsoid Fe4Al13/Al interface from Stage E geometry metadata; r is radial signed distance from ellipsoid surface into Al matrix,100-105,102.5,25692,886.3623691897052,928.0962359538331,878.88747494585,897.7820266964627,58.89510847094426,937.0248059546967,7497.493352579293,8866.793612345526,5866.340606702239,7408.07037452251,25692,1.0,120.0,157.6558101324835,0,0,2,17.45135037842975,,,,,4.670785640553414,confirmed_DXA,short_transient_dxa / not_developed_dislocation,157.6558101324835,157.6558101324835,0.3179003884865365,0.4008084376891478,100.0,105.0
step_60000,E4_phys001942_700k_80k,60000,12.0,C:\Users\dille\Documents\ilua-system\projects\physics_md_al_fe\runs\stageE_700k_dxa_confirm\20260625-102200\cases\E4_700k_dxa_confirm\E4_phys001942_700k_80k\production\dump.chunk0050000_0060000.lammpstrj,C:\Users\dille\Documents\ilua-system\projects\physics_md_al_fe\runs\stageE_700k_dxa_confirm\20260625-102200\cases\E4_700k_dxa_confirm\E4_phys001942_700k_80k\production\restart.60000,288.10695,8923.3945,-2357004.9,26448.936,-2330556.0,8963.5361,8286.6289,9520.0186,0.001942,surface-distance,analytic ellipsoid Fe4Al13/Al interface from Stage E geometry metadata; r is radial signed distance from ellipsoid surface into Al matrix,105-110,107.5,21709,872.7687948203468,917.4466367321755,872.9992663648596,887.7382326391272,56.82364549608538,920.3161325902213,7456.880683029269,8880.613193732708,5751.938538247767,7259.925105424641,21709,1.0,120.0,157.6558101324835,0,0,2,17.45135037842975,,,,,4.670785640553414,confirmed_DXA,short_transient_dxa / not_developed_dislocation,157.6558101324835,157.6558101324835,0.3179003884865365,0.4008084376891478,105.0,110.0
step_60000,E4_phys001942_700k_80k,60000,12.0,C:\Users\dille\Documents\ilua-system\projects\physics_md_al_fe\runs\stageE_700k_dxa_confirm\20260625-102200\cases\E4_700k_dxa_confirm\E4_phys001942_700k_80k\production\dump.chunk0050000_0060000.lammpstrj,C:\Users\dille\Documents\ilua-system\projects\physics_md_al_fe\runs\stageE_700k_dxa_confirm\20260625-102200\cases\E4_700k_dxa_confirm\E4_phys001942_700k_80k\production\restart.60000,288.10695,8923.3945,-2357004.9,26448.936,-2330556.0,8963.5361,8286.6289,9520.0186,0.001942,surface-distance,analytic ellipsoid Fe4Al13/Al interface from Stage E geometry metadata; r is radial signed distance from ellipsoid surface into Al matrix,110-115,112.5,18288,924.8557461281109,926.8337214167461,872.0206418366314,907.9033697938295,57.30247720745574,928.3524096821825,7458.929441941736,8913.57452085361,5771.193289346929,7347.0128541615,18288,1.0,120.0,157.6558101324835,0,0,2,17.45135037842975,,,,,4.670785640553414,confirmed_DXA,short_transient_dxa / not_developed_dislocation,157.6558101324835,157.6558101324835,0.3179003884865365,0.4008084376891478,110.0,115.0
step_60000,E4_phys001942_700k_80k,60000,12.0,C:\Users\dille\Documents\ilua-system\projects\physics_md_al_fe\runs\stageE_700k_dxa_confirm\20260625-102200\cases\E4_700k_dxa_confirm\E4_phys001942_700k_80k\production\dump.chunk0050000_0060000.lammpstrj,C:\Users\dille\Documents\ilua-system\projects\physics_md_al_fe\runs\stageE_700k_dxa_confirm\20260625-102200\cases\E4_700k_dxa_confirm\E4_phys001942_700k_80k\production\restart.60000,288.10695,8923.3945,-2357004.9,26448.936,-2330556.0,8963.5361,8286.6289,9520.0186,0.001942,surface-distance,analytic ellipsoid Fe4Al13/Al interface from Stage E geometry metadata; r is radial signed distance from ellipsoid surface into Al matrix,115-120,117.5,14881,971.3972169858546,958.468752584886,830.5606490986806,920.1422062231404,152.67486364651535,982.6408297105438,7479.525351927954,8894.33073560726,5847.110526523895,7405.813286133095,14881,1.0,120.0,157.6558101324835,0,0,2,17.45135037842975,,,,,4.670785640553414,confirmed_DXA,short_transient_dxa / not_developed_dislocation,157.6558101324835,157.6558101324835,0.3179003884865365,0.4008084376891478,115.0,120.0
step_60000,E4_phys001942_700k_80k,60000,12.0,C:\Users\dille\Documents\ilua-system\projects\physics_md_al_fe\runs\stageE_700k_dxa_confirm\20260625-102200\cases\E4_700k_dxa_confirm\E4_phys001942_700k_80k\production\dump.chunk0050000_0060000.lammpstrj,C:\Users\dille\Documents\ilua-system\projects\physics_md_al_fe\runs\stageE_700k_dxa_confirm\20260625-102200\cases\E4_700k_dxa_confirm\E4_phys001942_700k_80k\production\restart.60000,288.10695,8923.3945,-2357004.9,26448.936,-2330556.0,8963.5361,8286.6289,9520.0186,0.001942,surface-distance,analytic ellipsoid Fe4Al13/Al interface from Stage E geometry metadata; r is radial signed distance from ellipsoid surface into Al matrix,120-125,122.5,11050,1044.8005881490105,1004.767700932908,958.6745807937783,1002.7476232918989,82.42142782231832,1049.6843621633134,7531.35099398732,8845.871069042807,5935.276274154278,7455.623273522897,11050,1.0,120.0,157.6558101324835,0,0,2,17.45135037842975,,,,,4.670785640553414,confirmed_DXA,short_transient_dxa / not_developed_dislocation,157.6558101324835,157.6558101324835,0.3179003884865365,0.4008084376891478,120.0,125.0
step_60000,E4_phys001942_700k_80k,60000,12.0,C:\Users\dille\Documents\ilua-system\projects\physics_md_al_fe\runs\stageE_700k_dxa_confirm\20260625-102200\cases\E4_700k_dxa_confirm\E4_phys001942_700k_80k\production\dump.chunk0050000_0060000.lammpstrj,C:\Users\dille\Documents\ilua-system\projects\physics_md_al_fe\runs\stageE_700k_dxa_confirm\20260625-102200\cases\E4_700k_dxa_confirm\E4_phys001942_700k_80k\production\restart.60000,288.10695,8923.3945,-2357004.9,26448.936,-2330556.0,8963.5361,8286.6289,9520.0186,0.001942,surface-distance,analytic ellipsoid Fe4Al13/Al interface from Stage E geometry metadata; r is radial signed distance from ellipsoid surface into Al matrix,125-130,127.5,7453,1032.7611264853422,1090.3709388255145,984.0074739762154,1035.7131797623574,114.35743151777966,1095.0369905403138,7608.791651080971,8879.083586595145,5948.860624710204,7591.379528264662,7453,1.0,120.0,157.6558101324835,0,0,2,17.45135037842975,,,,,4.670785640553414,confirmed_DXA,short_transient_dxa / not_developed_dislocation,157.6558101324835,157.6558101324835,0.3179003884865365,0.4008084376891478,125.0,130.0
step_60000,E4_phys001942_700k_80k,60000,12.0,C:\Users\dille\Documents\ilua-system\projects\physics_md_al_fe\runs\stageE_700k_dxa_confirm\20260625-102200\cases\E4_700k_dxa_confirm\E4_phys001942_700k_80k\production\dump.chunk0050000_0060000.lammpstrj,C:\Users\dille\Documents\ilua-system\projects\physics_md_al_fe\runs\stageE_700k_dxa_confirm\20260625-102200\cases\E4_700k_dxa_confirm\E4_phys001942_700k_80k\production\restart.60000,288.10695,8923.3945,-2357004.9,26448.936,-2330556.0,8963.5361,8286.6289,9520.0186,0.001942,surface-distance,analytic ellipsoid Fe4Al13/Al interface from Stage E geometry metadata; r is radial signed distance from ellipsoid surface into Al matrix,130-135,132.5,4646,1034.4093518295256,1097.1746738749384,871.1029594735497,1000.8956617260045,222.55595172637982,1120.4163735479653,7399.191789011354,8863.28469248925,5849.3640045346565,7194.864878594324,4646,1.0,120.0,157.6558101324835,0,0,2,17.45135037842975,,,,,4.670785640553414,confirmed_DXA,short_transient_dxa / not_developed_dislocation,157.6558101324835,157.6558101324835,0.3179003884865365,0.4008084376891478,130.0,135.0
step_60000,E4_phys001942_700k_80k,60000,12.0,C:\Users\dille\Documents\ilua-system\projects\physics_md_al_fe\runs\stageE_700k_dxa_confirm\20260625-102200\cases\E4_700k_dxa_confirm\E4_phys001942_700k_80k\production\dump.chunk0050000_0060000.lammpstrj,C:\Users\dille\Documents\ilua-system\projects\physics_md_al_fe\runs\stageE_700k_dxa_confirm\20260625-102200\cases\E4_700k_dxa_confirm\E4_phys001942_700k_80k\production\restart.60000,288.10695,8923.3945,-2357004.9,26448.936,-2330556.0,8963.5361,8286.6289,9520.0186,0.001942,surface-distance,analytic ellipsoid Fe4Al13/Al interface from Stage E geometry metadata; r is radial signed distance from ellipsoid surface into Al matrix,135-140,137.5,2879,933.2607736445389,921.3161511569251,812.2555358000586,888.9441535338409,126.73829291461247,951.5701921479916,7409.793094579726,8983.552746377532,5813.395607179978,7389.328297192403,2879,1.0,120.0,157.6558101324835,0,0,2,17.45135037842975,,,,,4.670785640553414,confirmed_DXA,short_transient_dxa / not_developed_dislocation,157.6558101324835,157.6558101324835,0.3179003884865365,0.4008084376891478,135.0,140.0
step_60000,E4_phys001942_700k_80k,60000,12.0,C:\Users\dille\Documents\ilua-system\projects\physics_md_al_fe\runs\stageE_700k_dxa_confirm\20260625-102200\cases\E4_700k_dxa_confirm\E4_phys001942_700k_80k\production\dump.chunk0050000_0060000.lammpstrj,C:\Users\dille\Documents\ilua-system\projects\physics_md_al_fe\runs\stageE_700k_dxa_confirm\20260625-102200\cases\E4_700k_dxa_confirm\E4_phys001942_700k_80k\production\restart.60000,288.10695,8923.3945,-2357004.9,26448.936,-2330556.0,8963.5361,8286.6289,9520.0186,0.001942,surface-distance,analytic ellipsoid Fe4Al13/Al interface from Stage E geometry metadata; r is radial signed distance from ellipsoid surface into Al matrix,140-145,142.5,1589,932.1930372202056,936.0203757797462,856.1431651265966,908.1188593755161,109.95833214259368,970.3416705020128,7518.072971782926,9281.84442490797,5915.137281149418,7403.230661934908,1589,1.0,120.0,157.6558101324835,0,0,2,17.45135037842975,,,,,4.670785640553414,confirmed_DXA,short_transient_dxa / not_developed_dislocation,157.6558101324835,157.6558101324835,0.3179003884865365,0.4008084376891478,140.0,145.0
step_60000,E4_phys001942_700k_80k,60000,12.0,C:\Users\dille\Documents\ilua-system\projects\physics_md_al_fe\runs\stageE_700k_dxa_confirm\20260625-102200\cases\E4_700k_dxa_confirm\E4_phys001942_700k_80k\production\dump.chunk0050000_0060000.lammpstrj,C:\Users\dille\Documents\ilua-system\projects\physics_md_al_fe\runs\stageE_700k_dxa_confirm\20260625-102200\cases\E4_700k_dxa_confirm\E4_phys001942_700k_80k\production\restart.60000,288.10695,8923.3945,-2357004.9,26448.936,-2330556.0,8963.5361,8286.6289,9520.0186,0.001942,surface-distance,analytic ellipsoid Fe4Al13/Al interface from Stage E geometry metadata; r is radial signed distance from ellipsoid surface into Al matrix,145-150,147.5,673,394.71971988001087,492.005351319784,669.1429660077902,518.622679069195,278.2751785225694,695.0816163466677,7272.9790970200065,8576.656420428983,5485.362619845752,7045.954810951289,673,1.0,120.0,157.6558101324835,0,0,2,17.45135037842975,,,,,4.670785640553414,confirmed_DXA,short_transient_dxa / not_developed_dislocation,157.6558101324835,157.6558101324835,0.3179003884865365,0.4008084376891478,145.0,150.0
step_60000,E4_phys001942_700k_80k,60000,12.0,C:\Users\dille\Documents\ilua-system\projects\physics_md_al_fe\runs\stageE_700k_dxa_confirm\20260625-102200\cases\E4_700k_dxa_confirm\E4_phys001942_700k_80k\production\dump.chunk0050000_0060000.lammpstrj,C:\Users\dille\Documents\ilua-system\projects\physics_md_al_fe\runs\stageE_700k_dxa_confirm\20260625-102200\cases\E4_700k_dxa_confirm\E4_phys001942_700k_80k\production\restart.60000,288.10695,8923.3945,-2357004.9,26448.936,-2330556.0,8963.5361,8286.6289,9520.0186,0.001942,surface-distance,analytic ellipsoid Fe4Al13/Al interface from Stage E geometry metadata; r is radial signed distance from ellipsoid surface into Al matrix,150-155,152.5,212,324.6526996432164,258.9550570552596,548.9683246665849,377.5253604550203,494.2000700384081,696.7978386634609,8273.830726225679,8866.826205167072,5774.316266883872,7199.368825966967,212,1.0,120.0,157.6558101324835,0,0,2,17.45135037842975,,,,,4.670785640553414,confirmed_DXA,short_transient_dxa / not_developed_dislocation,157.6558101324835,157.6558101324835,0.3179003884865365,0.4008084376891478,150.0,155.0
step_60000,E4_phys001942_700k_80k,60000,12.0,C:\Users\dille\Documents\ilua-system\projects\physics_md_al_fe\runs\stageE_700k_dxa_confirm\20260625-102200\cases\E4_700k_dxa_confirm\E4_phys001942_700k_80k\production\dump.chunk0050000_0060000.lammpstrj,C:\Users\dille\Documents\ilua-system\projects\physics_md_al_fe\runs\stageE_700k_dxa_confirm\20260625-102200\cases\E4_700k_dxa_confirm\E4_phys001942_700k_80k\production\restart.60000,288.10695,8923.3945,-2357004.9,26448.936,-2330556.0,8963.5361,8286.6289,9520.0186,0.001942,surface-distance,analytic ellipsoid Fe4Al13/Al interface from Stage E geometry metadata; r is radial signed distance from ellipsoid surface into Al matrix,155-157.656,156.32790506624175,18,865.0280053580909,656.5694553437199,990.8746732853783,837.4907113290632,1357.3811260765606,1616.554436045322,7584.048337223766,7990.314852920665,4295.732623476779,5040.768918658972,18,1.0,120.0,157.6558101324835,0,0,2,17.45135037842975,,,,,4.670785640553414,confirmed_DXA,short_transient_dxa / not_developed_dislocation,157.6558101324835,157.6558101324835,0.3179003884865365,0.4008084376891478,155.0,157.6558101324835
step_70000,E4_phys001942_700k_80k,70000,14.0,C:\Users\dille\Documents\ilua-system\projects\physics_md_al_fe\runs\stageE_700k_dxa_confirm\20260625-102200\cases\E4_700k_dxa_confirm\E4_phys001942_700k_80k\production\dump.chunk0060000_0070000.lammpstrj,C:\Users\dille\Documents\ilua-system\projects\physics_md_al_fe\runs\stageE_700k_dxa_confirm\20260625-102200\cases\E4_700k_dxa_confirm\E4_phys001942_700k_80k\production\restart.70000,288.98915,8914.5191,-2357063.2,26529.924,-2330533.3,8958.4469,8298.8038,9486.3066,0.001942,surface-distance,analytic ellipsoid Fe4Al13/Al interface from Stage E geometry metadata; r is radial signed distance from ellipsoid surface into Al matrix,0-2,1.0,398,-2784.111590008457,-2133.4391381212695,-3135.5098940663574,-2684.3535407320283,1073.439081768663,-1998.1256945042535,22817.757452524485,31594.916229707975,16114.958223630472,22733.25646208927,398,1.0,120.0,157.74935827492058,0,398,0,0.0,,,,,4.862965761754852,weak_hcp,local_lattice_disturbance_no_DXA,157.74935827492058,157.74935827492058,0.30699511396763285,0.3928755464228801,0.0,2.0
step_70000,E4_phys001942_700k_80k,70000,14.0,C:\Users\dille\Documents\ilua-system\projects\physics_md_al_fe\runs\stageE_700k_dxa_confirm\20260625-102200\cases\E4_700k_dxa_confirm\E4_phys001942_700k_80k\production\dump.chunk0060000_0070000.lammpstrj,C:\Users\dille\Documents\ilua-system\projects\physics_md_al_fe\runs\stageE_700k_dxa_confirm\20260625-102200\cases\E4_700k_dxa_confirm\E4_phys001942_700k_80k\production\restart.70000,288.98915,8914.5191,-2357063.2,26529.924,-2330533.3,8958.4469,8298.8038,9486.3066,0.001942,surface-distance,analytic ellipsoid Fe4Al13/Al interface from Stage E geometry metadata; r is radial signed distance from ellipsoid surface into Al matrix,2-4,3.0,3428,-780.8522815639672,-695.1557701177072,-1189.3251067197864,-888.4443861338201,495.95146715220955,-663.0075509205933,19820.72833606782,26580.009802176453,13366.951605190849,17382.6409961511,3428,1.0,120.0,157.74935827492058,1,3390,0,0.0,,,,,4.862965761754852,weak_hcp,local_lattice_disturbance_no_DXA,157.74935827492058,157.74935827492058,0.30699511396763285,0.3928755464228801,2.0,4.0
step_70000,E4_phys001942_700k_80k,70000,14.0,C:\Users\dille\Documents\ilua-system\projects\physics_md_al_fe\runs\stageE_700k_dxa_confirm\20260625-102200\cases\E4_700k_dxa_confirm\E4_phys001942_700k_80k\production\dump.chunk0060000_0070000.lammpstrj,C:\Users\dille\Documents\ilua-system\projects\physics_md_al_fe\runs\stageE_700k_dxa_confirm\20260625-102200\cases\E4_700k_dxa_confirm\E4_phys001942_700k_80k\production\restart.70000,288.98915,8914.5191,-2357063.2,26529.924,-2330533.3,8958.4469,8298.8038,9486.3066,0.001942,surface-distance,analytic ellipsoid Fe4Al13/Al interface from Stage E geometry metadata; r is radial signed distance from ellipsoid surface into Al matrix,4-6,5.0,3590,-132.78734050805718,-161.97635033125812,-141.94935191929866,-145.57101425287132,67.55624542161463,-107.51004944031956,13265.660428934316,17474.89506828942,10068.38029369207,13322.314086954717,3590,1.0,120.0,157.74935827492058,0,2830,0,0.0,,,,,4.862965761754852,weak_hcp,local_lattice_disturbance_no_DXA,157.74935827492058,157.74935827492058,0.30699511396763285,0.3928755464228801,4.0,6.0
step_70000,E4_phys001942_700k_80k,70000,14.0,C:\Users\dille\Documents\ilua-system\projects\physics_md_al_fe\runs\stageE_700k_dxa_confirm\20260625-102200\cases\E4_700k_dxa_confirm\E4_phys001942_700k_80k\production\dump.chunk0060000_0070000.lammpstrj,C:\Users\dille\Documents\ilua-system\projects\physics_md_al_fe\runs\stageE_700k_dxa_confirm\20260625-102200\cases\E4_700k_dxa_confirm\E4_phys001942_700k_80k\production\restart.70000,288.98915,8914.5191,-2357063.2,26529.924,-2330533.3,8958.4469,8298.8038,9486.3066,0.001942,surface-distance,analytic ellipsoid Fe4Al13/Al interface from Stage E geometry metadata; r is radial signed distance from ellipsoid surface into Al matrix,6-8,7.0,3985,532.6573975113223,505.36191114747083,520.3421748299143,519.4538278295691,47.941912026439304,551.3375269471628,10062.149615795935,12670.2069227514,7243.346246638933,9503.98002789555,3985,1.0,120.0,157.74935827492058,0,1186,0,0.0,,,,,4.862965761754852,weak_hcp,local_lattice_disturbance_no_DXA,157.74935827492058,157.74935827492058,0.30699511396763285,0.3928755464228801,6.0,8.0
step_70000,E4_phys001942_700k_80k,70000,14.0,C:\Users\dille\Documents\ilua-system\projects\physics_md_al_fe\runs\stageE_700k_dxa_confirm\20260625-102200\cases\E4_700k_dxa_confirm\E4_phys001942_700k_80k\production\dump.chunk0060000_0070000.lammpstrj,C:\Users\dille\Documents\ilua-system\projects\physics_md_al_fe\runs\stageE_700k_dxa_confirm\20260625-102200\cases\E4_700k_dxa_confirm\E4_phys001942_700k_80k\production\restart.70000,288.98915,8914.5191,-2357063.2,26529.924,-2330533.3,8958.4469,8298.8038,9486.3066,0.001942,surface-distance,analytic ellipsoid Fe4Al13/Al interface from Stage E geometry metadata; r is radial signed distance from ellipsoid surface into Al matrix,8-10,9.0,4414,720.1322261444715,641.412220589665,786.9465223521223,716.1636563620863,154.8678445954697,807.1901512547646,8514.069461324229,10566.159091465013,6333.278098965764,8244.457914595741,4414,1.0,120.0,157.74935827492058,0,127,0,0.0,,,,,4.862965761754852,weak_hcp,local_lattice_disturbance_no_DXA,157.74935827492058,157.74935827492058,0.30699511396763285,0.3928755464228801,8.0,10.0
step_70000,E4_phys001942_700k_80k,70000,14.0,C:\Users\dille\Documents\ilua-system\projects\physics_md_al_fe\runs\stageE_700k_dxa_confirm\20260625-102200\cases\E4_700k_dxa_confirm\E4_phys001942_700k_80k\production\dump.chunk0060000_0070000.lammpstrj,C:\Users\dille\Documents\ilua-system\projects\physics_md_al_fe\runs\stageE_700k_dxa_confirm\20260625-102200\cases\E4_700k_dxa_confirm\E4_phys001942_700k_80k\production\restart.70000,288.98915,8914.5191,-2357063.2,26529.924,-2330533.3,8958.4469,8298.8038,9486.3066,0.001942,surface-distance,analytic ellipsoid Fe4Al13/Al interface from Stage E geometry metadata; r is radial signed distance from ellipsoid surface into Al matrix,10-12,11.0,4812,716.14805684665,751.7814873638656,833.7035702808355,767.2110381637837,121.81508932077197,847.3850655746525,8069.585921016867,9653.505350493182,5939.157732073747,7485.119465407958,4812,1.0,120.0,157.74935827492058,0,3,0,0.0,,,,,4.862965761754852,weak_hcp,local_lattice_disturbance_no_DXA,157.74935827492058,157.74935827492058,0.30699511396763285,0.3928755464228801,10.0,12.0
step_70000,E4_phys001942_700k_80k,70000,14.0,C:\Users\dille\Documents\ilua-system\projects\physics_md_al_fe\runs\stageE_700k_dxa_confirm\20260625-102200\cases\E4_700k_dxa_confirm\E4_phys001942_700k_80k\production\dump.chunk0060000_0070000.lammpstrj,C:\Users\dille\Documents\ilua-system\projects\physics_md_al_fe\runs\stageE_700k_dxa_confirm\20260625-102200\cases\E4_700k_dxa_confirm\E4_phys001942_700k_80k\production\restart.70000,288.98915,8914.5191,-2357063.2,26529.924,-2330533.3,8958.4469,8298.8038,9486.3066,0.001942,surface-distance,analytic ellipsoid Fe4Al13/Al interface from Stage E geometry metadata; r is radial signed distance from ellipsoid surface into Al matrix,12-14,13.0,5063,837.6361014031299,816.4078982399765,830.8621434607849,828.302047701297,34.369810304999135,840.2491997695793,7829.505677897614,9330.980257576188,5939.101169474814,7440.95911888411,5063,1.0,120.0,157.74935827492058,0,0,0,0.0,,,,,4.862965761754852,weak_hcp,local_lattice_disturbance_no_DXA,157.74935827492058,157.74935827492058,0.30699511396763285,0.3928755464228801,12.0,14.0
step_70000,E4_phys001942_700k_80k,70000,14.0,C:\Users\dille\Documents\ilua-system\projects\physics_md_al_fe\runs\stageE_700k_dxa_confirm\20260625-102200\cases\E4_700k_dxa_confirm\E4_phys001942_700k_80k\production\dump.chunk0060000_0070000.lammpstrj,C:\Users\dille\Documents\ilua-system\projects\physics_md_al_fe\runs\stageE_700k_dxa_confirm\20260625-102200\cases\E4_700k_dxa_confirm\E4_phys001942_700k_80k\production\restart.70000,288.98915,8914.5191,-2357063.2,26529.924,-2330533.3,8958.4469,8298.8038,9486.3066,0.001942,surface-distance,analytic ellipsoid Fe4Al13/Al interface from Stage E geometry metadata; r is radial signed distance from ellipsoid surface into Al matrix,14-16,15.0,5382,890.6381806513127,819.5290216888206,936.8667340210194,882.3446454537176,103.44754908458508,937.6838753999891,7631.73086489082,9092.912989775385,5896.80407920206,7732.5778270997025,5382,1.0,120.0,157.74935827492058,0,0,0,0.0,,,,,4.862965761754852,weak_hcp,local_lattice_disturbance_no_DXA,157.74935827492058,157.74935827492058,0.30699511396763285,0.3928755464228801,14.0,16.0
step_70000,E4_phys001942_700k_80k,70000,14.0,C:\Users\dille\Documents\ilua-system\projects\physics_md_al_fe\runs\stageE_700k_dxa_confirm\20260625-102200\cases\E4_700k_dxa_confirm\E4_phys001942_700k_80k\production\dump.chunk0060000_0070000.lammpstrj,C:\Users\dille\Documents\ilua-system\projects\physics_md_al_fe\runs\stageE_700k_dxa_confirm\20260625-102200\cases\E4_700k_dxa_confirm\E4_phys001942_700k_80k\production\restart.70000,288.98915,8914.5191,-2357063.2,26529.924,-2330533.3,8958.4469,8298.8038,9486.3066,0.001942,surface-distance,analytic ellipsoid Fe4Al13/Al interface from Stage E geometry metadata; r is radial signed distance from ellipsoid surface into Al matrix,16-18,17.0,5898,932.0334794893666,866.9267153397868,864.019258597762,887.6598178089718,121.4576758918527,943.6603544314031,7682.980634937043,9095.175094327788,5891.195656825741,7496.0950165204395,5898,1.0,120.0,157.74935827492058,0,0,0,0.0,,,,,4.862965761754852,weak_hcp,local_lattice_disturbance_no_DXA,157.74935827492058,157.74935827492058,0.30699511396763285,0.3928755464228801,16.0,18.0
step_70000,E4_phys001942_700k_80k,70000,14.0,C:\Users\dille\Documents\ilua-system\projects\physics_md_al_fe\runs\stageE_700k_dxa_confirm\20260625-102200\cases\E4_700k_dxa_confirm\E4_phys001942_700k_80k\production\dump.chunk0060000_0070000.lammpstrj,C:\Users\dille\Documents\ilua-system\projects\physics_md_al_fe\runs\stageE_700k_dxa_confirm\20260625-102200\cases\E4_700k_dxa_confirm\E4_phys001942_700k_80k\production\restart.70000,288.98915,8914.5191,-2357063.2,26529.924,-2330533.3,8958.4469,8298.8038,9486.3066,0.001942,surface-distance,analytic ellipsoid Fe4Al13/Al interface from Stage E geometry metadata; r is radial signed distance from ellipsoid surface into Al matrix,18-20,19.0,6225,888.5637915600706,824.982787303845,876.9996001034488,863.5153929891216,67.07398567545162,894.5496294688231,7625.487142047897,9060.548612277738,5840.034184359258,7361.090322268785,6225,1.0,120.0,157.74935827492058,0,0,0,0.0,,,,,4.862965761754852,weak_hcp,local_lattice_disturbance_no_DXA,157.74935827492058,157.74935827492058,0.30699511396763285,0.3928755464228801,18.0,20.0
step_70000,E4_phys001942_700k_80k,70000,14.0,C:\Users\dille\Documents\ilua-system\projects\physics_md_al_fe\runs\stageE_700k_dxa_confirm\20260625-102200\cases\E4_700k_dxa_confirm\E4_phys001942_700k_80k\production\dump.chunk0060000_0070000.lammpstrj,C:\Users\dille\Documents\ilua-system\projects\physics_md_al_fe\runs\stageE_700k_dxa_confirm\20260625-102200\cases\E4_700k_dxa_confirm\E4_phys001942_700k_80k\production\restart.70000,288.98915,8914.5191,-2357063.2,26529.924,-2330533.3,8958.4469,8298.8038,9486.3066,0.001942,surface-distance,analytic ellipsoid Fe4Al13/Al interface from Stage E geometry metadata; r is radial signed distance from ellipsoid surface into Al matrix,20-22,21.0,6528,937.7328689844885,864.8857298768937,927.4671358934804,910.0285782516208,71.05043258994375,944.2798271010024,7576.39940849606,8888.31563901644,5827.957768621747,7531.8353582900545,6528,1.0,120.0,157.74935827492058,0,0,0,0.0,,,,,4.862965761754852,weak_hcp,local_lattice_disturbance_no_DXA,157.74935827492058,157.74935827492058,0.30699511396763285,0.3928755464228801,20.0,22.0
step_70000,E4_phys001942_700k_80k,70000,14.0,C:\Users\dille\Documents\ilua-system\projects\physics_md_al_fe\runs\stageE_700k_dxa_confirm\20260625-102200\cases\E4_700k_dxa_confirm\E4_phys001942_700k_80k\production\dump.chunk0060000_0070000.lammpstrj,C:\Users\dille\Documents\ilua-system\projects\physics_md_al_fe\runs\stageE_700k_dxa_confirm\20260625-102200\cases\E4_700k_dxa_confirm\E4_phys001942_700k_80k\production\restart.70000,288.98915,8914.5191,-2357063.2,26529.924,-2330533.3,8958.4469,8298.8038,9486.3066,0.001942,surface-distance,analytic ellipsoid Fe4Al13/Al interface from Stage E geometry metadata; r is radial signed distance from ellipsoid surface into Al matrix,22-24,23.0,6868,989.7666819571573,934.0343146602004,1024.3106492783015,982.7038819652198,101.08219224624963,1040.259078980762,7596.503035174246,9100.600577791232,5995.1607223171595,7723.032587664538,6868,1.0,120.0,157.74935827492058,0,0,0,0.0,,,,,4.862965761754852,weak_hcp,local_lattice_disturbance_no_DXA,157.74935827492058,157.74935827492058,0.30699511396763285,0.3928755464228801,22.0,24.0
step_70000,E4_phys001942_700k_80k,70000,14.0,C:\Users\dille\Documents\ilua-system\projects\physics_md_al_fe\runs\stageE_700k_dxa_confirm\20260625-102200\cases\E4_700k_dxa_confirm\E4_phys001942_700k_80k\production\dump.chunk0060000_0070000.lammpstrj,C:\Users\dille\Documents\ilua-system\projects\physics_md_al_fe\runs\stageE_700k_dxa_confirm\20260625-102200\cases\E4_700k_dxa_confirm\E4_phys001942_700k_80k\production\restart.70000,288.98915,8914.5191,-2357063.2,26529.924,-2330533.3,8958.4469,8298.8038,9486.3066,0.001942,surface-distance,analytic ellipsoid Fe4Al13/Al interface from Stage E geometry metadata; r is radial signed distance from ellipsoid surface into Al matrix,24-26,25.0,7529,975.4581696240666,942.8700958258265,963.7822419740417,960.703502474645,76.22100217949561,1009.559287892359,7522.239394833345,8968.655075779729,5886.031611888934,7424.977176036091,7529,1.0,120.0,157.74935827492058,0,0,0,0.0,,,,,4.862965761754852,weak_hcp,local_lattice_disturbance_no_DXA,157.74935827492058,157.74935827492058,0.30699511396763285,0.3928755464228801,24.0,26.0
step_70000,E4_phys001942_700k_80k,70000,14.0,C:\Users\dille\Documents\ilua-system\projects\physics_md_al_fe\runs\stageE_700k_dxa_confirm\20260625-102200\cases\E4_700k_dxa_confirm\E4_phys001942_700k_80k\production\dump.chunk0060000_0070000.lammpstrj,C:\Users\dille\Documents\ilua-system\projects\physics_md_al_fe\runs\stageE_700k_dxa_confirm\20260625-102200\cases\E4_700k_dxa_confirm\E4_phys001942_700k_80k\production\restart.70000,288.98915,8914.5191,-2357063.2,26529.924,-2330533.3,8958.4469,8298.8038,9486.3066,0.001942,surface-distance,analytic ellipsoid Fe4Al13/Al interface from Stage E geometry metadata; r is radial signed distance from ellipsoid surface into Al matrix,26-28,27.0,7897,941.4233047687575,960.9660030272934,997.7473625881939,966.712223461415,86.97340683171699,1000.8408326046587,7538.410300564406,8932.581206089819,5938.977814870755,7587.579003000051,7897,1.0,120.0,157.74935827492058,0,0,0,0.0,,,,,4.862965761754852,weak_hcp,local_lattice_disturbance_no_DXA,157.74935827492058,157.74935827492058,0.30699511396763285,0.3928755464228801,26.0,28.0
step_70000,E4_phys001942_700k_80k,70000,14.0,C:\Users\dille\Documents\ilua-system\projects\physics_md_al_fe\runs\stageE_700k_dxa_confirm\20260625-102200\cases\E4_700k_dxa_confirm\E4_phys001942_700k_80k\production\dump.chunk0060000_0070000.lammpstrj,C:\Users\dille\Documents\ilua-system\projects\physics_md_al_fe\runs\stageE_700k_dxa_confirm\20260625-102200\cases\E4_700k_dxa_confirm\E4_phys001942_700k_80k\production\restart.70000,288.98915,8914.5191,-2357063.2,26529.924,-2330533.3,8958.4469,8298.8038,9486.3066,0.001942,surface-distance,analytic ellipsoid Fe4Al13/Al interface from Stage E geometry metadata; r is radial signed distance from ellipsoid surface into Al matrix,28-30,29.0,8280,981.0877117714954,949.048736322752,988.4058225333509,972.8474235425329,39.646761828998564,991.3503210741871,7555.523698304302,9002.868630645546,5786.365303916579,7426.691504167632,8280,1.0,120.0,157.74935827492058,0,0,0,0.0,,,,,4.862965761754852,weak_hcp,local_lattice_disturbance_no_DXA,157.74935827492058,157.74935827492058,0.30699511396763285,0.3928755464228801,28.0,30.0
step_70000,E4_phys001942_700k_80k,70000,14.0,C:\Users\dille\Documents\ilua-system\projects\physics_md_al_fe\runs\stageE_700k_dxa_confirm\20260625-102200\cases\E4_700k_dxa_confirm\E4_phys001942_700k_80k\production\dump.chunk0060000_0070000.lammpstrj,C:\Users\dille\Documents\ilua-system\projects\physics_md_al_fe\runs\stageE_700k_dxa_confirm\20260625-102200\cases\E4_700k_dxa_confirm\E4_phys001942_700k_80k\production\restart.70000,288.98915,8914.5191,-2357063.2,26529.924,-2330533.3,8958.4469,8298.8038,9486.3066,0.001942,surface-distance,analytic ellipsoid Fe4Al13/Al interface from Stage E geometry metadata; r is radial signed distance from ellipsoid surface into Al matrix,30-32,31.0,8666,996.9123267514456,941.8110036914006,973.9138361385062,970.8790555271174,61.15279857226956,998.053928381516,7625.877728354332,9108.452961281277,5924.900647628361,7524.065221693807,8666,1.0,120.0,157.74935827492058,0,0,0,0.0,,,,,4.862965761754852,weak_hcp,local_lattice_disturbance_no_DXA,157.74935827492058,157.74935827492058,0.30699511396763285,0.3928755464228801,30.0,32.0
step_70000,E4_phys001942_700k_80k,70000,14.0,C:\Users\dille\Documents\ilua-system\projects\physics_md_al_fe\runs\stageE_700k_dxa_confirm\20260625-102200\cases\E4_700k_dxa_confirm\E4_phys001942_700k_80k\production\dump.chunk0060000_0070000.lammpstrj,C:\Users\dille\Documents\ilua-system\projects\physics_md_al_fe\runs\stageE_700k_dxa_confirm\20260625-102200\cases\E4_700k_dxa_confirm\E4_phys001942_700k_80k\production\restart.70000,288.98915,8914.5191,-2357063.2,26529.924,-2330533.3,8958.4469,8298.8038,9486.3066,0.001942,surface-distance,analytic ellipsoid Fe4Al13/Al interface from Stage E geometry metadata; r is radial signed distance from ellipsoid surface into Al matrix,32-34,33.0,9172,986.9143109444609,934.4182357069888,946.4408519365376,955.9244661959957,74.05284582501932,992.3007142751343,7571.329750361617,9004.453714567151,5913.3811327984495,7353.094537006551,9172,1.0,120.0,157.74935827492058,0,0,0,0.0,,,,,4.862965761754852,weak_hcp,local_lattice_disturbance_no_DXA,157.74935827492058,157.74935827492058,0.30699511396763285,0.3928755464228801,32.0,34.0
step_70000,E4_phys001942_700k_80k,70000,14.0,C:\Users\dille\Documents\ilua-system\projects\physics_md_al_fe\runs\stageE_700k_dxa_confirm\20260625-102200\cases\E4_700k_dxa_confirm\E4_phys001942_700k_80k\production\dump.chunk0060000_0070000.lammpstrj,C:\Users\dille\Documents\ilua-system\projects\physics_md_al_fe\runs\stageE_700k_dxa_confirm\20260625-102200\cases\E4_700k_dxa_confirm\E4_phys001942_700k_80k\production\restart.70000,288.98915,8914.5191,-2357063.2,26529.924,-2330533.3,8958.4469,8298.8038,9486.3066,0.001942,surface-distance,analytic ellipsoid Fe4Al13/Al interface from Stage E geometry metadata; r is radial signed distance from ellipsoid surface into Al matrix,34-36,35.0,9815,913.5103520351988,866.2044205982901,944.8520643390301,908.1889456575063,89.54564245785706,962.8835176407915,7546.013115381551,8828.38741232719,5878.390847194502,7522.225132039087,9815,1.0,120.0,157.74935827492058,0,0,0,0.0,,,,,4.862965761754852,weak_hcp,local_lattice_disturbance_no_DXA,157.74935827492058,157.74935827492058,0.30699511396763285,0.3928755464228801,34.0,36.0
step_70000,E4_phys001942_700k_80k,70000,14.0,C:\Users\dille\Documents\ilua-system\projects\physics_md_al_fe\runs\stageE_700k_dxa_confirm\20260625-102200\cases\E4_700k_dxa_confirm\E4_phys001942_700k_80k\production\dump.chunk0060000_0070000.lammpstrj,C:\Users\dille\Documents\ilua-system\projects\physics_md_al_fe\runs\stageE_700k_dxa_confirm\20260625-102200\cases\E4_700k_dxa_confirm\E4_phys001942_700k_80k\production\restart.70000,288.98915,8914.5191,-2357063.2,26529.924,-2330533.3,8958.4469,8298.8038,9486.3066,0.001942,surface-distance,analytic ellipsoid Fe4Al13/Al interface from Stage E geometry metadata; r is radial signed distance from ellipsoid surface into Al matrix,36-38,37.0,10026,866.9680766136171,863.5701774961941,894.5567467559755,875.0316669552622,50.23340977054634,905.0403088193109,7575.7941072216245,8954.091249300845,5722.4321169565255,7283.653115677882,10026,1.0,120.0,157.74935827492058,0,0,0,0.0,,,,,4.862965761754852,weak_hcp,local_lattice_disturbance_no_DXA,157.74935827492058,157.74935827492058,0.30699511396763285,0.3928755464228801,36.0,38.0
step_70000,E4_phys001942_700k_80k,70000,14.0,C:\Users\dille\Documents\ilua-system\projects\physics_md_al_fe\runs\stageE_700k_dxa_confirm\20260625-102200\cases\E4_700k_dxa_confirm\E4_phys001942_700k_80k\production\dump.chunk0060000_0070000.lammpstrj,C:\Users\dille\Documents\ilua-system\projects\physics_md_al_fe\runs\stageE_700k_dxa_confirm\20260625-102200\cases\E4_700k_dxa_confirm\E4_phys001942_700k_80k\production\restart.70000,288.98915,8914.5191,-2357063.2,26529.924,-2330533.3,8958.4469,8298.8038,9486.3066,0.001942,surface-distance,analytic ellipsoid Fe4Al13/Al interface from Stage E geometry metadata; r is radial signed distance from ellipsoid surface into Al matrix,38-40,39.0,10621,873.5704360031016,839.544519663008,912.151549465879,875.0888350439963,71.85635469743603,918.5988172455174,7516.850671105452,8969.827449104505,5737.752157051049,7325.747122151263,10621,1.0,120.0,157.74935827492058,0,0,0,0.0,,,,,4.862965761754852,weak_hcp,local_lattice_disturbance_no_DXA,157.74935827492058,157.74935827492058,0.30699511396763285,0.3928755464228801,38.0,40.0
step_70000,E4_phys001942_700k_80k,70000,14.0,C:\Users\dille\Documents\ilua-system\projects\physics_md_al_fe\runs\stageE_700k_dxa_confirm\20260625-102200\cases\E4_700k_dxa_confirm\E4_phys001942_700k_80k\production\dump.chunk0060000_0070000.lammpstrj,C:\Users\dille\Documents\ilua-system\projects\physics_md_al_fe\runs\stageE_700k_dxa_confirm\20260625-102200\cases\E4_700k_dxa_confirm\E4_phys001942_700k_80k\production\restart.70000,288.98915,8914.5191,-2357063.2,26529.924,-2330533.3,8958.4469,8298.8038,9486.3066,0.001942,surface-distance,analytic ellipsoid Fe4Al13/Al interface from Stage E geometry metadata; r is radial signed distance from ellipsoid surface into Al matrix,40-42,41.0,11099,869.1774879599736,864.3148162080214,870.7181791625886,868.0701611101945,35.19721853907439,891.4685115223498,7511.36591887462,8914.655546431104,5782.0021613115005,7448.309849826567,11099,1.0,120.0,157.74935827492058,0,0,0,0.0,,,,,4.862965761754852,weak_hcp,local_lattice_disturbance_no_DXA,157.74935827492058,157.74935827492058,0.30699511396763285,0.3928755464228801,40.0,42.0
step_70000,E4_phys001942_700k_80k,70000,14.0,C:\Users\dille\Documents\ilua-system\projects\physics_md_al_fe\runs\stageE_700k_dxa_confirm\20260625-102200\cases\E4_700k_dxa_confirm\E4_phys001942_700k_80k\production\dump.chunk0060000_0070000.lammpstrj,C:\Users\dille\Documents\ilua-system\projects\physics_md_al_fe\runs\stageE_700k_dxa_confirm\20260625-102200\cases\E4_700k_dxa_confirm\E4_phys001942_700k_80k\production\restart.70000,288.98915,8914.5191,-2357063.2,26529.924,-2330533.3,8958.4469,8298.8038,9486.3066,0.001942,surface-distance,analytic ellipsoid Fe4Al13/Al interface from Stage E geometry metadata; r is radial signed distance from ellipsoid surface into Al matrix,42-44,43.0,11736,901.0321087605053,868.2726212586127,885.2899344446678,884.8648881545952,41.62003076517531,907.9867937956539,7439.966829339962,8927.924033093632,5822.069541899637,7471.6906619990905,11736,1.0,120.0,157.74935827492058,0,0,0,0.0,,,,,4.862965761754852,weak_hcp,local_lattice_disturbance_no_DXA,157.74935827492058,157.74935827492058,0.30699511396763285,0.3928755464228801,42.0,44.0
step_70000,E4_phys001942_700k_80k,70000,14.0,C:\Users\dille\Documents\ilua-system\projects\physics_md_al_fe\runs\stageE_700k_dxa_confirm\20260625-102200\cases\E4_700k_dxa_confirm\E4_phys001942_700k_80k\production\dump.chunk0060000_0070000.lammpstrj,C:\Users\dille\Documents\ilua-system\projects\physics_md_al_fe\runs\stageE_700k_dxa_confirm\20260625-102200\cases\E4_700k_dxa_confirm\E4_phys001942_700k_80k\production\restart.70000,288.98915,8914.5191,-2357063.2,26529.924,-2330533.3,8958.4469,8298.8038,9486.3066,0.001942,surface-distance,analytic ellipsoid Fe4Al13/Al interface from Stage E geometry metadata; r is radial signed distance from ellipsoid surface into Al matrix,44-46,45.0,12255,916.2681571818453,887.2809034529664,918.2531389635948,907.2673998661354,44.253746410004844,932.9915928271262,7524.518784551247,8937.838523976281,5837.925723224487,7299.9341182245225,12255,1.0,120.0,157.74935827492058,0,0,0,0.0,,,,,4.862965761754852,weak_hcp,local_lattice_disturbance_no_DXA,157.74935827492058,157.74935827492058,0.30699511396763285,0.3928755464228801,44.0,46.0
step_70000,E4_phys001942_700k_80k,70000,14.0,C:\Users\dille\Documents\ilua-system\projects\physics_md_al_fe\runs\stageE_700k_dxa_confirm\20260625-102200\cases\E4_700k_dxa_confirm\E4_phys001942_700k_80k\production\dump.chunk0060000_0070000.lammpstrj,C:\Users\dille\Documents\ilua-system\projects\physics_md_al_fe\runs\stageE_700k_dxa_confirm\20260625-102200\cases\E4_700k_dxa_confirm\E4_phys001942_700k_80k\production\restart.70000,288.98915,8914.5191,-2357063.2,26529.924,-2330533.3,8958.4469,8298.8038,9486.3066,0.001942,surface-distance,analytic ellipsoid Fe4Al13/Al interface from Stage E geometry metadata; r is radial signed distance from ellipsoid surface into Al matrix,46-48,47.0,12840,880.6639534955323,840.5317874360497,907.0677062588186,876.0878157301335,76.5638486584104,911.1778423985426,7479.005577478539,8899.943974002417,5838.147460646911,7473.309315096276,12840,1.0,120.0,157.74935827492058,0,0,0,0.0,,,,,4.862965761754852,weak_hcp,local_lattice_disturbance_no_DXA,157.74935827492058,157.74935827492058,0.30699511396763285,0.3928755464228801,46.0,48.0
step_70000,E4_phys001942_700k_80k,70000,14.0,C:\Users\dille\Documents\ilua-system\projects\physics_md_al_fe\runs\stageE_700k_dxa_confirm\20260625-102200\cases\E4_700k_dxa_confirm\E4_phys001942_700k_80k\production\dump.chunk0060000_0070000.lammpstrj,C:\Users\dille\Documents\ilua-system\projects\physics_md_al_fe\runs\stageE_700k_dxa_confirm\20260625-102200\cases\E4_700k_dxa_confirm\E4_phys001942_700k_80k\production\restart.70000,288.98915,8914.5191,-2357063.2,26529.924,-2330533.3,8958.4469,8298.8038,9486.3066,0.001942,surface-distance,analytic ellipsoid Fe4Al13/Al interface from Stage E geometry metadata; r is radial signed distance from ellipsoid surface into Al matrix,48-50,49.0,13226,847.3313321187776,809.5066701766582,877.1761732209433,844.671391838793,74.72135033989754,887.605181244457,7485.836646384896,8922.595832898352,5792.569739635929,7389.196518371495,13226,1.0,120.0,157.74935827492058,0,0,0,0.0,,,,,4.862965761754852,weak_hcp,local_lattice_disturbance_no_DXA,157.74935827492058,157.74935827492058,0.30699511396763285,0.3928755464228801,48.0,50.0
step_70000,E4_phys001942_700k_80k,70000,14.0,C:\Users\dille\Documents\ilua-system\projects\physics_md_al_fe\runs\stageE_700k_dxa_confirm\20260625-102200\cases\E4_700k_dxa_confirm\E4_phys001942_700k_80k\production\dump.chunk0060000_0070000.lammpstrj,C:\Users\dille\Documents\ilua-system\projects\physics_md_al_fe\runs\stageE_700k_dxa_confirm\20260625-102200\cases\E4_700k_dxa_confirm\E4_phys001942_700k_80k\production\restart.70000,288.98915,8914.5191,-2357063.2,26529.924,-2330533.3,8958.4469,8298.8038,9486.3066,0.001942,surface-distance,analytic ellipsoid Fe4Al13/Al interface from Stage E geometry metadata; r is radial signed distance from ellipsoid surface into Al matrix,50-55,52.5,35788,901.9526783611124,904.1379163714521,965.2909057897525,923.793833507439,66.31175627249162,967.9181621290141,7497.994051524399,8930.833569846349,5783.768839933553,7374.462563078701,35788,1.0,120.0,157.74935827492058,0,1,0,0.0,,,,,4.862965761754852,weak_hcp,local_lattice_disturbance_no_DXA,157.74935827492058,157.74935827492058,0.30699511396763285,0.3928755464228801,50.0,55.0
step_70000,E4_phys001942_700k_80k,70000,14.0,C:\Users\dille\Documents\ilua-system\projects\physics_md_al_fe\runs\stageE_700k_dxa_confirm\20260625-102200\cases\E4_700k_dxa_confirm\E4_phys001942_700k_80k\production\dump.chunk0060000_0070000.lammpstrj,C:\Users\dille\Documents\ilua-system\projects\physics_md_al_fe\runs\stageE_700k_dxa_confirm\20260625-102200\cases\E4_700k_dxa_confirm\E4_phys001942_700k_80k\production\restart.70000,288.98915,8914.5191,-2357063.2,26529.924,-2330533.3,8958.4469,8298.8038,9486.3066,0.001942,surface-distance,analytic ellipsoid Fe4Al13/Al interface from Stage E geometry metadata; r is radial signed distance from ellipsoid surface into Al matrix,55-60,57.5,39619,937.3081592563857,926.6388458590627,980.3755144154441,948.1075065102974,50.78996881207562,981.3747106358418,7548.020340178439,8987.708898273724,5864.341058656913,7450.549488052468,39619,1.0,120.0,157.74935827492058,0,0,0,0.0,,,,,4.862965761754852,weak_hcp,local_lattice_disturbance_no_DXA,157.74935827492058,157.74935827492058,0.30699511396763285,0.3928755464228801,55.0,60.0
step_70000,E4_phys001942_700k_80k,70000,14.0,C:\Users\dille\Documents\ilua-system\projects\physics_md_al_fe\runs\stageE_700k_dxa_confirm\20260625-102200\cases\E4_700k_dxa_confirm\E4_phys001942_700k_80k\production\dump.chunk0060000_0070000.lammpstrj,C:\Users\dille\Documents\ilua-system\projects\physics_md_al_fe\runs\stageE_700k_dxa_confirm\20260625-102200\cases\E4_700k_dxa_confirm\E4_phys001942_700k_80k\production\restart.70000,288.98915,8914.5191,-2357063.2,26529.924,-2330533.3,8958.4469,8298.8038,9486.3066,0.001942,surface-distance,analytic ellipsoid Fe4Al13/Al interface from Stage E geometry metadata; r is radial signed distance from ellipsoid surface into Al matrix,60-65,62.5,43030,920.4814771751157,941.5794132498027,982.8913123013905,948.3174009087696,58.60906741564501,984.1962050116352,7519.077128755597,8889.772056024145,5830.529862548844,7456.057120691324,43030,1.0,120.0,157.74935827492058,0,0,0,0.0,,,,,4.862965761754852,weak_hcp,local_lattice_disturbance_no_DXA,157.74935827492058,157.74935827492058,0.30699511396763285,0.3928755464228801,60.0,65.0
step_70000,E4_phys001942_700k_80k,70000,14.0,C:\Users\dille\Documents\ilua-system\projects\physics_md_al_fe\runs\stageE_700k_dxa_confirm\20260625-102200\cases\E4_700k_dxa_confirm\E4_phys001942_700k_80k\production\dump.chunk0060000_0070000.lammpstrj,C:\Users\dille\Documents\ilua-system\projects\physics_md_al_fe\runs\stageE_700k_dxa_confirm\20260625-102200\cases\E4_700k_dxa_confirm\E4_phys001942_700k_80k\production\restart.70000,288.98915,8914.5191,-2357063.2,26529.924,-2330533.3,8958.4469,8298.8038,9486.3066,0.001942,surface-distance,analytic ellipsoid Fe4Al13/Al interface from Stage E geometry metadata; r is radial signed distance from ellipsoid surface into Al matrix,65-70,67.5,42909,973.3448095352795,977.942991952681,970.4282453595281,973.9053489491629,10.701453883932293,980.8540332503031,7512.047156327673,8923.156873217411,5907.1547339422805,7520.103432849248,42909,1.0,120.0,157.74935827492058,0,0,0,0.0,,,,,4.862965761754852,weak_hcp,local_lattice_disturbance_no_DXA,157.74935827492058,157.74935827492058,0.30699511396763285,0.3928755464228801,65.0,70.0
step_70000,E4_phys001942_700k_80k,70000,14.0,C:\Users\dille\Documents\ilua-system\projects\physics_md_al_fe\runs\stageE_700k_dxa_confirm\20260625-102200\cases\E4_700k_dxa_confirm\E4_phys001942_700k_80k\production\dump.chunk0060000_0070000.lammpstrj,C:\Users\dille\Documents\ilua-system\projects\physics_md_al_fe\runs\stageE_700k_dxa_confirm\20260625-102200\cases\E4_700k_dxa_confirm\E4_phys001942_700k_80k\production\restart.70000,288.98915,8914.5191,-2357063.2,26529.924,-2330533.3,8958.4469,8298.8038,9486.3066,0.001942,surface-distance,analytic ellipsoid Fe4Al13/Al interface from Stage E geometry metadata; r is radial signed distance from ellipsoid surface into Al matrix,70-75,72.5,42416,945.1111418565306,973.3737870892476,955.3656725210654,957.9502004889479,39.97944699733274,982.1443479222995,7541.785998831845,8954.005586670592,5871.382801359434,7516.685005992336,42416,1.0,120.0,157.74935827492058,0,0,0,0.0,,,,,4.862965761754852,weak_hcp,local_lattice_disturbance_no_DXA,157.74935827492058,157.74935827492058,0.30699511396763285,0.3928755464228801,70.0,75.0
step_70000,E4_phys001942_700k_80k,70000,14.0,C:\Users\dille\Documents\ilua-system\projects\physics_md_al_fe\runs\stageE_700k_dxa_confirm\20260625-102200\cases\E4_700k_dxa_confirm\E4_phys001942_700k_80k\production\dump.chunk0060000_0070000.lammpstrj,C:\Users\dille\Documents\ilua-system\projects\physics_md_al_fe\runs\stageE_700k_dxa_confirm\20260625-102200\cases\E4_700k_dxa_confirm\E4_phys001942_700k_80k\production\restart.70000,288.98915,8914.5191,-2357063.2,26529.924,-2330533.3,8958.4469,8298.8038,9486.3066,0.001942,surface-distance,analytic ellipsoid Fe4Al13/Al interface from Stage E geometry metadata; r is radial signed distance from ellipsoid surface into Al matrix,75-80,77.5,41401,982.633368588582,948.1147574583601,921.5261127508701,950.7580795992708,55.81412132420287,984.5703440068651,7496.027752755553,8920.777079323168,5857.773178152918,7443.337154958484,41401,1.0,120.0,157.74935827492058,0,0,0,0.0,,,,,4.862965761754852,weak_hcp,local_lattice_disturbance_no_DXA,157.74935827492058,157.74935827492058,0.30699511396763285,0.3928755464228801,75.0,80.0
step_70000,E4_phys001942_700k_80k,70000,14.0,C:\Users\dille\Documents\ilua-system\projects\physics_md_al_fe\runs\stageE_700k_dxa_confirm\20260625-102200\cases\E4_700k_dxa_confirm\E4_phys001942_700k_80k\production\dump.chunk0060000_0070000.lammpstrj,C:\Users\dille\Documents\ilua-system\projects\physics_md_al_fe\runs\stageE_700k_dxa_confirm\20260625-102200\cases\E4_700k_dxa_confirm\E4_phys001942_700k_80k\production\restart.70000,288.98915,8914.5191,-2357063.2,26529.924,-2330533.3,8958.4469,8298.8038,9486.3066,0.001942,surface-distance,analytic ellipsoid Fe4Al13/Al interface from Stage E geometry metadata; r is radial signed distance from ellipsoid surface into Al matrix,80-85,82.5,38767,884.8890713291107,902.5270264888834,890.9712833463253,892.7957937214397,29.0874862172628,907.2196271554513,7497.031957720922,8892.486592734007,5776.327849524719,7355.435265834816,38767,1.0,120.0,157.74935827492058,0,0,0,0.0,,,,,4.862965761754852,weak_hcp,local_lattice_disturbance_no_DXA,157.74935827492058,157.74935827492058,0.30699511396763285,0.3928755464228801,80.0,85.0
step_70000,E4_phys001942_700k_80k,70000,14.0,C:\Users\dille\Documents\ilua-system\projects\physics_md_al_fe\runs\stageE_700k_dxa_confirm\20260625-102200\cases\E4_700k_dxa_confirm\E4_phys001942_700k_80k\production\dump.chunk0060000_0070000.lammpstrj,C:\Users\dille\Documents\ilua-system\projects\physics_md_al_fe\runs\stageE_700k_dxa_confirm\20260625-102200\cases\E4_700k_dxa_confirm\E4_phys001942_700k_80k\production\restart.70000,288.98915,8914.5191,-2357063.2,26529.924,-2330533.3,8958.4469,8298.8038,9486.3066,0.001942,surface-distance,analytic ellipsoid Fe4Al13/Al interface from Stage E geometry metadata; r is radial signed distance from ellipsoid surface into Al matrix,85-90,87.5,36309,872.7331872753671,890.6415581324757,873.2282841527951,878.8676765202126,23.32444026205965,893.1070681962135,7502.20721082849,8906.130905815704,5808.604634704227,7429.427569458666,36309,1.0,120.0,157.74935827492058,0,0,0,0.0,,,,,4.862965761754852,weak_hcp,local_lattice_disturbance_no_DXA,157.74935827492058,157.74935827492058,0.30699511396763285,0.3928755464228801,85.0,90.0
step_70000,E4_phys001942_700k_80k,70000,14.0,C:\Users\dille\Documents\ilua-system\projects\physics_md_al_fe\runs\stageE_700k_dxa_confirm\20260625-102200\cases\E4_700k_dxa_confirm\E4_phys001942_700k_80k\production\dump.chunk0060000_0070000.lammpstrj,C:\Users\dille\Documents\ilua-system\projects\physics_md_al_fe\runs\stageE_700k_dxa_confirm\20260625-102200\cases\E4_700k_dxa_confirm\E4_phys001942_700k_80k\production\restart.70000,288.98915,8914.5191,-2357063.2,26529.924,-2330533.3,8958.4469,8298.8038,9486.3066,0.001942,surface-distance,analytic ellipsoid Fe4Al13/Al interface from Stage E geometry metadata; r is radial signed distance from ellipsoid surface into Al matrix,90-95,92.5,33141,926.4036461511882,911.3702404633318,900.0382270945225,912.6040379030142,37.87831703059916,928.258146865909,7481.807133936572,8889.806616766271,5792.864587226122,7333.46129787835,33141,1.0,120.0,157.74935827492058,0,0,0,0.0,,,,,4.862965761754852,weak_hcp,local_lattice_disturbance_no_DXA,157.74935827492058,157.74935827492058,0.30699511396763285,0.3928755464228801,90.0,95.0
step_70000,E4_phys001942_700k_80k,70000,14.0,C:\Users\dille\Documents\ilua-system\projects\physics_md_al_fe\runs\stageE_700k_dxa_confirm\20260625-102200\cases\E4_700k_dxa_confirm\E4_phys001942_700k_80k\production\dump.chunk0060000_0070000.lammpstrj,C:\Users\dille\Documents\ilua-system\projects\physics_md_al_fe\runs\stageE_700k_dxa_confirm\20260625-102200\cases\E4_700k_dxa_confirm\E4_phys001942_700k_80k\production\restart.70000,288.98915,8914.5191,-2357063.2,26529.924,-2330533.3,8958.4469,8298.8038,9486.3066,0.001942,surface-distance,analytic ellipsoid Fe4Al13/Al interface from Stage E geometry metadata; r is radial signed distance from ellipsoid surface into Al matrix,95-100,97.5,29518,916.7816786554858,902.0127120182824,901.9786013346244,906.9243306694642,36.473651850997946,930.0028425991297,7533.904132254544,8906.372065112728,5849.7328648872835,7420.069467983815,29518,1.0,120.0,157.74935827492058,0,0,0,0.0,,,,,4.862965761754852,weak_hcp,local_lattice_disturbance_no_DXA,157.74935827492058,157.74935827492058,0.30699511396763285,0.3928755464228801,95.0,100.0
step_70000,E4_phys001942_700k_80k,70000,14.0,C:\Users\dille\Documents\ilua-system\projects\physics_md_al_fe\runs\stageE_700k_dxa_confirm\20260625-102200\cases\E4_700k_dxa_confirm\E4_phys001942_700k_80k\production\dump.chunk0060000_0070000.lammpstrj,C:\Users\dille\Documents\ilua-system\projects\physics_md_al_fe\runs\stageE_700k_dxa_confirm\20260625-102200\cases\E4_700k_dxa_confirm\E4_phys001942_700k_80k\production\restart.70000,288.98915,8914.5191,-2357063.2,26529.924,-2330533.3,8958.4469,8298.8038,9486.3066,0.001942,surface-distance,analytic ellipsoid Fe4Al13/Al interface from Stage E geometry metadata; r is radial signed distance from ellipsoid surface into Al matrix,100-105,102.5,25648,952.5090752289664,940.9782533888265,893.1112765338044,928.8662017171991,57.52012493144785,956.0667502098572,7495.049969088059,8953.293198935105,5792.117238844449,7376.719049738342,25648,1.0,120.0,157.74935827492058,0,0,0,0.0,,,,,4.862965761754852,weak_hcp,local_lattice_disturbance_no_DXA,157.74935827492058,157.74935827492058,0.30699511396763285,0.3928755464228801,100.0,105.0
step_70000,E4_phys001942_700k_80k,70000,14.0,C:\Users\dille\Documents\ilua-system\projects\physics_md_al_fe\runs\stageE_700k_dxa_confirm\20260625-102200\cases\E4_700k_dxa_confirm\E4_phys001942_700k_80k\production\dump.chunk0060000_0070000.lammpstrj,C:\Users\dille\Documents\ilua-system\projects\physics_md_al_fe\runs\stageE_700k_dxa_confirm\20260625-102200\cases\E4_700k_dxa_confirm\E4_phys001942_700k_80k\production\restart.70000,288.98915,8914.5191,-2357063.2,26529.924,-2330533.3,8958.4469,8298.8038,9486.3066,0.001942,surface-distance,analytic ellipsoid Fe4Al13/Al interface from Stage E geometry metadata; r is radial signed distance from ellipsoid surface into Al matrix,105-110,107.5,21722,893.7776219446032,900.2932378931719,898.1047235296969,897.3918611224907,52.131745160235155,927.3062820220237,7543.308106313514,8903.767112866088,5825.912489113451,7315.659724188007,21722,1.0,120.0,157.74935827492058,0,0,0,0.0,,,,,4.862965761754852,weak_hcp,local_lattice_disturbance_no_DXA,157.74935827492058,157.74935827492058,0.30699511396763285,0.3928755464228801,105.0,110.0
step_70000,E4_phys001942_700k_80k,70000,14.0,C:\Users\dille\Documents\ilua-system\projects\physics_md_al_fe\runs\stageE_700k_dxa_confirm\20260625-102200\cases\E4_700k_dxa_confirm\E4_phys001942_700k_80k\production\dump.chunk0060000_0070000.lammpstrj,C:\Users\dille\Documents\ilua-system\projects\physics_md_al_fe\runs\stageE_700k_dxa_confirm\20260625-102200\cases\E4_700k_dxa_confirm\E4_phys001942_700k_80k\production\restart.70000,288.98915,8914.5191,-2357063.2,26529.924,-2330533.3,8958.4469,8298.8038,9486.3066,0.001942,surface-distance,analytic ellipsoid Fe4Al13/Al interface from Stage E geometry metadata; r is radial signed distance from ellipsoid surface into Al matrix,110-115,112.5,18320,951.9725281831354,955.7067570040113,969.8024150335222,959.1605667402229,47.73388858443366,988.3031187996605,7484.418281628928,8909.151830864863,5858.821993152318,7409.926710881188,18320,1.0,120.0,157.74935827492058,0,0,0,0.0,,,,,4.862965761754852,weak_hcp,local_lattice_disturbance_no_DXA,157.74935827492058,157.74935827492058,0.30699511396763285,0.3928755464228801,110.0,115.0
step_70000,E4_phys001942_700k_80k,70000,14.0,C:\Users\dille\Documents\ilua-system\projects\physics_md_al_fe\runs\stageE_700k_dxa_confirm\20260625-102200\cases\E4_700k_dxa_confirm\E4_phys001942_700k_80k\production\dump.chunk0060000_0070000.lammpstrj,C:\Users\dille\Documents\ilua-system\projects\physics_md_al_fe\runs\stageE_700k_dxa_confirm\20260625-102200\cases\E4_700k_dxa_confirm\E4_phys001942_700k_80k\production\restart.70000,288.98915,8914.5191,-2357063.2,26529.924,-2330533.3,8958.4469,8298.8038,9486.3066,0.001942,surface-distance,analytic ellipsoid Fe4Al13/Al interface from Stage E geometry metadata; r is radial signed distance from ellipsoid surface into Al matrix,115-120,117.5,14905,980.8367896581375,959.9457479533048,973.5269410050156,971.4364928721526,29.245625037710088,987.9821673349832,7495.726087904752,8829.123663279715,5969.367575473023,7562.222110243437,14905,1.0,120.0,157.74935827492058,0,0,0,0.0,,,,,4.862965761754852,weak_hcp,local_lattice_disturbance_no_DXA,157.74935827492058,157.74935827492058,0.30699511396763285,0.3928755464228801,115.0,120.0
step_70000,E4_phys001942_700k_80k,70000,14.0,C:\Users\dille\Documents\ilua-system\projects\physics_md_al_fe\runs\stageE_700k_dxa_confirm\20260625-102200\cases\E4_700k_dxa_confirm\E4_phys001942_700k_80k\production\dump.chunk0060000_0070000.lammpstrj,C:\Users\dille\Documents\ilua-system\projects\physics_md_al_fe\runs\stageE_700k_dxa_confirm\20260625-102200\cases\E4_700k_dxa_confirm\E4_phys001942_700k_80k\production\restart.70000,288.98915,8914.5191,-2357063.2,26529.924,-2330533.3,8958.4469,8298.8038,9486.3066,0.001942,surface-distance,analytic ellipsoid Fe4Al13/Al interface from Stage E geometry metadata; r is radial signed distance from ellipsoid surface into Al matrix,120-125,122.5,11032,1003.4707110845759,1029.7260651589556,1009.3800151256452,1014.1922637897255,52.423014191499014,1043.901845682753,7450.546220248421,9054.375412356872,5884.211379316821,7428.595978908381,11032,1.0,120.0,157.74935827492058,0,0,0,0.0,,,,,4.862965761754852,weak_hcp,local_lattice_disturbance_no_DXA,157.74935827492058,157.74935827492058,0.30699511396763285,0.3928755464228801,120.0,125.0
step_70000,E4_phys001942_700k_80k,70000,14.0,C:\Users\dille\Documents\ilua-system\projects\physics_md_al_fe\runs\stageE_700k_dxa_confirm\20260625-102200\cases\E4_700k_dxa_confirm\E4_phys001942_700k_80k\production\dump.chunk0060000_0070000.lammpstrj,C:\Users\dille\Documents\ilua-system\projects\physics_md_al_fe\runs\stageE_700k_dxa_confirm\20260625-102200\cases\E4_700k_dxa_confirm\E4_phys001942_700k_80k\production\restart.70000,288.98915,8914.5191,-2357063.2,26529.924,-2330533.3,8958.4469,8298.8038,9486.3066,0.001942,surface-distance,analytic ellipsoid Fe4Al13/Al interface from Stage E geometry metadata; r is radial signed distance from ellipsoid surface into Al matrix,125-130,127.5,7446,994.3600552655073,1044.755142064897,1071.1054622056163,1036.74021984534,72.79736043413156,1077.8613967004112,7479.374540978247,8882.933118956807,5871.652075434151,7473.835828650198,7446,1.0,120.0,157.74935827492058,0,0,0,0.0,,,,,4.862965761754852,weak_hcp,local_lattice_disturbance_no_DXA,157.74935827492058,157.74935827492058,0.30699511396763285,0.3928755464228801,125.0,130.0
step_70000,E4_phys001942_700k_80k,70000,14.0,C:\Users\dille\Documents\ilua-system\projects\physics_md_al_fe\runs\stageE_700k_dxa_confirm\20260625-102200\cases\E4_700k_dxa_confirm\E4_phys001942_700k_80k\production\dump.chunk0060000_0070000.lammpstrj,C:\Users\dille\Documents\ilua-system\projects\physics_md_al_fe\runs\stageE_700k_dxa_confirm\20260625-102200\cases\E4_700k_dxa_confirm\E4_phys001942_700k_80k\production\restart.70000,288.98915,8914.5191,-2357063.2,26529.924,-2330533.3,8958.4469,8298.8038,9486.3066,0.001942,surface-distance,analytic ellipsoid Fe4Al13/Al interface from Stage E geometry metadata; r is radial signed distance from ellipsoid surface into Al matrix,130-135,132.5,4662,989.3170399038705,1045.6365354748812,954.857607403655,996.6037275941356,86.45403586604134,1047.5568894720768,7401.7241544139215,8598.50368185903,5849.794542189315,7100.758553751338,4662,1.0,120.0,157.74935827492058,0,0,0,0.0,,,,,4.862965761754852,weak_hcp,local_lattice_disturbance_no_DXA,157.74935827492058,157.74935827492058,0.30699511396763285,0.3928755464228801,130.0,135.0
step_70000,E4_phys001942_700k_80k,70000,14.0,C:\Users\dille\Documents\ilua-system\projects\physics_md_al_fe\runs\stageE_700k_dxa_confirm\20260625-102200\cases\E4_700k_dxa_confirm\E4_phys001942_700k_80k\production\dump.chunk0060000_0070000.lammpstrj,C:\Users\dille\Documents\ilua-system\projects\physics_md_al_fe\runs\stageE_700k_dxa_confirm\20260625-102200\cases\E4_700k_dxa_confirm\E4_phys001942_700k_80k\production\restart.70000,288.98915,8914.5191,-2357063.2,26529.924,-2330533.3,8958.4469,8298.8038,9486.3066,0.001942,surface-distance,analytic ellipsoid Fe4Al13/Al interface from Stage E geometry metadata; r is radial signed distance from ellipsoid surface into Al matrix,135-140,137.5,2872,1047.5802658560808,944.3119917286112,925.9786605518168,972.6236393788363,143.9670796980181,1056.4332734574723,7485.295861599693,8917.837292344597,5891.966171803791,7701.127818632294,2872,1.0,120.0,157.74935827492058,0,0,0,0.0,,,,,4.862965761754852,weak_hcp,local_lattice_disturbance_no_DXA,157.74935827492058,157.74935827492058,0.30699511396763285,0.3928755464228801,135.0,140.0
step_70000,E4_phys001942_700k_80k,70000,14.0,C:\Users\dille\Documents\ilua-system\projects\physics_md_al_fe\runs\stageE_700k_dxa_confirm\20260625-102200\cases\E4_700k_dxa_confirm\E4_phys001942_700k_80k\production\dump.chunk0060000_0070000.lammpstrj,C:\Users\dille\Documents\ilua-system\projects\physics_md_al_fe\runs\stageE_700k_dxa_confirm\20260625-102200\cases\E4_700k_dxa_confirm\E4_phys001942_700k_80k\production\restart.70000,288.98915,8914.5191,-2357063.2,26529.924,-2330533.3,8958.4469,8298.8038,9486.3066,0.001942,surface-distance,analytic ellipsoid Fe4Al13/Al interface from Stage E geometry metadata; r is radial signed distance from ellipsoid surface into Al matrix,140-145,142.5,1599,906.4120298515769,985.7606714731921,878.1559694781616,923.4428902676436,172.97463573065428,1013.5385105711944,7218.735059908601,8840.12830400413,5749.796981975325,7732.987003347324,1599,1.0,120.0,157.74935827492058,0,0,0,0.0,,,,,4.862965761754852,weak_hcp,local_lattice_disturbance_no_DXA,157.74935827492058,157.74935827492058,0.30699511396763285,0.3928755464228801,140.0,145.0
step_70000,E4_phys001942_700k_80k,70000,14.0,C:\Users\dille\Documents\ilua-system\projects\physics_md_al_fe\runs\stageE_700k_dxa_confirm\20260625-102200\cases\E4_700k_dxa_confirm\E4_phys001942_700k_80k\production\dump.chunk0060000_0070000.lammpstrj,C:\Users\dille\Documents\ilua-system\projects\physics_md_al_fe\runs\stageE_700k_dxa_confirm\20260625-102200\cases\E4_700k_dxa_confirm\E4_phys001942_700k_80k\production\restart.70000,288.98915,8914.5191,-2357063.2,26529.924,-2330533.3,8958.4469,8298.8038,9486.3066,0.001942,surface-distance,analytic ellipsoid Fe4Al13/Al interface from Stage E geometry metadata; r is radial signed distance from ellipsoid surface into Al matrix,145-150,147.5,675,470.1082609799997,721.4991659515665,608.0217708298845,599.876399253817,416.3542208076604,798.3430981148058,7373.213562488257,8485.483652583556,5249.834152691072,6557.564448717227,675,1.0,120.0,157.74935827492058,0,0,0,0.0,,,,,4.862965761754852,weak_hcp,local_lattice_disturbance_no_DXA,157.74935827492058,157.74935827492058,0.30699511396763285,0.3928755464228801,145.0,150.0
step_70000,E4_phys001942_700k_80k,70000,14.0,C:\Users\dille\Documents\ilua-system\projects\physics_md_al_fe\runs\stageE_700k_dxa_confirm\20260625-102200\cases\E4_700k_dxa_confirm\E4_phys001942_700k_80k\production\dump.chunk0060000_0070000.lammpstrj,C:\Users\dille\Documents\ilua-system\projects\physics_md_al_fe\runs\stageE_700k_dxa_confirm\20260625-102200\cases\E4_700k_dxa_confirm\E4_phys001942_700k_80k\production\restart.70000,288.98915,8914.5191,-2357063.2,26529.924,-2330533.3,8958.4469,8298.8038,9486.3066,0.001942,surface-distance,analytic ellipsoid Fe4Al13/Al interface from Stage E geometry metadata; r is radial signed distance from ellipsoid surface into Al matrix,150-155,152.5,212,1310.3725442654243,1318.790408905262,795.4187523860461,1141.5272351855774,666.2943322204077,1497.4712182887138,7525.0476154295875,8328.782377533178,6083.178143557786,6721.992525551056,212,1.0,120.0,157.74935827492058,0,0,0,0.0,,,,,4.862965761754852,weak_hcp,local_lattice_disturbance_no_DXA,157.74935827492058,157.74935827492058,0.30699511396763285,0.3928755464228801,150.0,155.0
step_70000,E4_phys001942_700k_80k,70000,14.0,C:\Users\dille\Documents\ilua-system\projects\physics_md_al_fe\runs\stageE_700k_dxa_confirm\20260625-102200\cases\E4_700k_dxa_confirm\E4_phys001942_700k_80k\production\dump.chunk0060000_0070000.lammpstrj,C:\Users\dille\Documents\ilua-system\projects\physics_md_al_fe\runs\stageE_700k_dxa_confirm\20260625-102200\cases\E4_700k_dxa_confirm\E4_phys001942_700k_80k\production\restart.70000,288.98915,8914.5191,-2357063.2,26529.924,-2330533.3,8958.4469,8298.8038,9486.3066,0.001942,surface-distance,analytic ellipsoid Fe4Al13/Al interface from Stage E geometry metadata; r is radial signed distance from ellipsoid surface into Al matrix,155-157.749,156.3746791374603,18,1901.6591133978955,1884.2683205678936,1472.9876567794788,1752.9716969150893,1575.2981103047034,2598.1289418981223,6991.589962983298,6996.558185841211,6043.76394064139,6530.884171664474,18,1.0,120.0,157.74935827492058,0,0,0,0.0,,,,,4.862965761754852,weak_hcp,local_lattice_disturbance_no_DXA,157.74935827492058,157.74935827492058,0.30699511396763285,0.3928755464228801,155.0,157.74935827492058
step_80000,E4_phys001942_700k_80k,80000,16.0,C:\Users\dille\Documents\ilua-system\projects\physics_md_al_fe\runs\stageE_700k_dxa_confirm\20260625-102200\cases\E4_700k_dxa_confirm\E4_phys001942_700k_80k\production\dump.final.lammpstrj,C:\Users\dille\Documents\ilua-system\projects\physics_md_al_fe\runs\stageE_700k_dxa_confirm\20260625-102200\cases\E4_700k_dxa_confirm\E4_phys001942_700k_80k\production\restart.80000,288.38079,8895.0734,-2357075.8,26474.076,-2330601.7,8959.5754,8251.4496,9474.1953,0.001942,surface-distance,analytic ellipsoid Fe4Al13/Al interface from Stage E geometry metadata; r is radial signed distance from ellipsoid surface into Al matrix,0-2,1.0,412,-2529.491162047353,-1273.7652510510795,-2762.627243625117,-2188.6278855745168,1527.11888684915,-1196.7189889070346,22258.549013321583,35588.48150496069,16100.40538900023,21059.335086719693,412,1.0,120.0,157.6896654664086,0,412,0,0.0,,,,,4.641197639618466,weak_hcp,local_lattice_disturbance_no_DXA,157.6896654664086,157.6896654664086,0.32312177580588347,0.4137230578855218,0.0,2.0
step_80000,E4_phys001942_700k_80k,80000,16.0,C:\Users\dille\Documents\ilua-system\projects\physics_md_al_fe\runs\stageE_700k_dxa_confirm\20260625-102200\cases\E4_700k_dxa_confirm\E4_phys001942_700k_80k\production\dump.final.lammpstrj,C:\Users\dille\Documents\ilua-system\projects\physics_md_al_fe\runs\stageE_700k_dxa_confirm\20260625-102200\cases\E4_700k_dxa_confirm\E4_phys001942_700k_80k\production\restart.80000,288.38079,8895.0734,-2357075.8,26474.076,-2330601.7,8959.5754,8251.4496,9474.1953,0.001942,surface-distance,analytic ellipsoid Fe4Al13/Al interface from Stage E geometry metadata; r is radial signed distance from ellipsoid surface into Al matrix,2-4,3.0,3435,-391.4703530037492,-398.14236415875973,-924.0697241916746,-571.2274804513945,573.6894087032684,-330.3504720166535,20394.354656050375,27071.168137120672,13703.884175910687,18562.840081742313,3435,1.0,120.0,157.6896654664086,1,3399,0,0.0,,,,,4.641197639618466,weak_hcp,local_lattice_disturbance_no_DXA,157.6896654664086,157.6896654664086,0.32312177580588347,0.4137230578855218,2.0,4.0
step_80000,E4_phys001942_700k_80k,80000,16.0,C:\Users\dille\Documents\ilua-system\projects\physics_md_al_fe\runs\stageE_700k_dxa_confirm\20260625-102200\cases\E4_700k_dxa_confirm\E4_phys001942_700k_80k\production\dump.final.lammpstrj,C:\Users\dille\Documents\ilua-system\projects\physics_md_al_fe\runs\stageE_700k_dxa_confirm\20260625-102200\cases\E4_700k_dxa_confirm\E4_phys001942_700k_80k\production\restart.80000,288.38079,8895.0734,-2357075.8,26474.076,-2330601.7,8959.5754,8251.4496,9474.1953,0.001942,surface-distance,analytic ellipsoid Fe4Al13/Al interface from Stage E geometry metadata; r is radial signed distance from ellipsoid surface into Al matrix,4-6,5.0,3623,68.47218079882057,4.85768602547706,-55.97298208910477,5.785628245064291,136.24414308234478,85.33107171816269,13372.1780829345,17221.549262365803,10196.918799771862,13552.456470885263,3623,1.0,120.0,157.6896654664086,1,2806,0,0.0,,,,,4.641197639618466,weak_hcp,local_lattice_disturbance_no_DXA,157.6896654664086,157.6896654664086,0.32312177580588347,0.4137230578855218,4.0,6.0
step_80000,E4_phys001942_700k_80k,80000,16.0,C:\Users\dille\Documents\ilua-system\projects\physics_md_al_fe\runs\stageE_700k_dxa_confirm\20260625-102200\cases\E4_700k_dxa_confirm\E4_phys001942_700k_80k\production\dump.final.lammpstrj,C:\Users\dille\Documents\ilua-system\projects\physics_md_al_fe\runs\stageE_700k_dxa_confirm\20260625-102200\cases\E4_700k_dxa_confirm\E4_phys001942_700k_80k\production\restart.80000,288.38079,8895.0734,-2357075.8,26474.076,-2330601.7,8959.5754,8251.4496,9474.1953,0.001942,surface-distance,analytic ellipsoid Fe4Al13/Al interface from Stage E geometry metadata; r is radial signed distance from ellipsoid surface into Al matrix,6-8,7.0,3994,600.3805585413361,614.3267425794365,514.105511112489,576.2709374110872,107.86586261061717,617.5328070884018,10040.375250123248,12366.338439050689,7205.8283951113,9466.676392168147,3994,1.0,120.0,157.6896654664086,1,1164,0,0.0,,,,,4.641197639618466,weak_hcp,local_lattice_disturbance_no_DXA,157.6896654664086,157.6896654664086,0.32312177580588347,0.4137230578855218,6.0,8.0
step_80000,E4_phys001942_700k_80k,80000,16.0,C:\Users\dille\Documents\ilua-system\projects\physics_md_al_fe\runs\stageE_700k_dxa_confirm\20260625-102200\cases\E4_700k_dxa_confirm\E4_phys001942_700k_80k\production\dump.final.lammpstrj,C:\Users\dille\Documents\ilua-system\projects\physics_md_al_fe\runs\stageE_700k_dxa_confirm\20260625-102200\cases\E4_700k_dxa_confirm\E4_phys001942_700k_80k\production\restart.80000,288.38079,8895.0734,-2357075.8,26474.076,-2330601.7,8959.5754,8251.4496,9474.1953,0.001942,surface-distance,analytic ellipsoid Fe4Al13/Al interface from Stage E geometry metadata; r is radial signed distance from ellipsoid surface into Al matrix,8-10,9.0,4387,748.7314593818122,752.9042494939533,858.7339578830159,786.7898889195939,139.79539522294223,876.7528599689102,8569.937924010856,10212.594538328418,6321.86328511686,8021.024215936746,4387,1.0,120.0,157.6896654664086,0,98,0,0.0,,,,,4.641197639618466,weak_hcp,local_lattice_disturbance_no_DXA,157.6896654664086,157.6896654664086,0.32312177580588347,0.4137230578855218,8.0,10.0
step_80000,E4_phys001942_700k_80k,80000,16.0,C:\Users\dille\Documents\ilua-system\projects\physics_md_al_fe\runs\stageE_700k_dxa_confirm\20260625-102200\cases\E4_700k_dxa_confirm\E4_phys001942_700k_80k\production\dump.final.lammpstrj,C:\Users\dille\Documents\ilua-system\projects\physics_md_al_fe\runs\stageE_700k_dxa_confirm\20260625-102200\cases\E4_700k_dxa_confirm\E4_phys001942_700k_80k\production\restart.80000,288.38079,8895.0734,-2357075.8,26474.076,-2330601.7,8959.5754,8251.4496,9474.1953,0.001942,surface-distance,analytic ellipsoid Fe4Al13/Al interface from Stage E geometry metadata; r is radial signed distance from ellipsoid surface into Al matrix,10-12,11.0,4813,881.5530753413307,870.1292963697508,938.3275185548641,896.6699634219818,71.80417538315054,943.7958373794482,7845.870789059385,9256.426803149407,5982.267458408856,7422.490828602055,4813,1.0,120.0,157.6896654664086,0,4,0,0.0,,,,,4.641197639618466,weak_hcp,local_lattice_disturbance_no_DXA,157.6896654664086,157.6896654664086,0.32312177580588347,0.4137230578855218,10.0,12.0
step_80000,E4_phys001942_700k_80k,80000,16.0,C:\Users\dille\Documents\ilua-system\projects\physics_md_al_fe\runs\stageE_700k_dxa_confirm\20260625-102200\cases\E4_700k_dxa_confirm\E4_phys001942_700k_80k\production\dump.final.lammpstrj,C:\Users\dille\Documents\ilua-system\projects\physics_md_al_fe\runs\stageE_700k_dxa_confirm\20260625-102200\cases\E4_700k_dxa_confirm\E4_phys001942_700k_80k\production\restart.80000,288.38079,8895.0734,-2357075.8,26474.076,-2330601.7,8959.5754,8251.4496,9474.1953,0.001942,surface-distance,analytic ellipsoid Fe4Al13/Al interface from Stage E geometry metadata; r is radial signed distance from ellipsoid surface into Al matrix,12-14,13.0,5069,919.6246017738524,945.2549598873941,1008.3611147984662,957.7468921532376,86.48665222116375,1013.0476038276449,7648.626427840508,9155.50892807525,5900.938865357187,7742.129685562406,5069,1.0,120.0,157.6896654664086,0,0,0,0.0,,,,,4.641197639618466,weak_hcp,local_lattice_disturbance_no_DXA,157.6896654664086,157.6896654664086,0.32312177580588347,0.4137230578855218,12.0,14.0
step_80000,E4_phys001942_700k_80k,80000,16.0,C:\Users\dille\Documents\ilua-system\projects\physics_md_al_fe\runs\stageE_700k_dxa_confirm\20260625-102200\cases\E4_700k_dxa_confirm\E4_phys001942_700k_80k\production\dump.final.lammpstrj,C:\Users\dille\Documents\ilua-system\projects\physics_md_al_fe\runs\stageE_700k_dxa_confirm\20260625-102200\cases\E4_700k_dxa_confirm\E4_phys001942_700k_80k\production\restart.80000,288.38079,8895.0734,-2357075.8,26474.076,-2330601.7,8959.5754,8251.4496,9474.1953,0.001942,surface-distance,analytic ellipsoid Fe4Al13/Al interface from Stage E geometry metadata; r is radial signed distance from ellipsoid surface into Al matrix,14-16,15.0,5426,1057.0383254301576,1053.3477493644587,1073.8263609439794,1061.4041452461986,65.64037253123385,1101.948422653578,7648.636887815843,9166.19605405698,6072.100298383388,7713.032440518786,5426,1.0,120.0,157.6896654664086,0,0,0,0.0,,,,,4.641197639618466,weak_hcp,local_lattice_disturbance_no_DXA,157.6896654664086,157.6896654664086,0.32312177580588347,0.4137230578855218,14.0,16.0
step_80000,E4_phys001942_700k_80k,80000,16.0,C:\Users\dille\Documents\ilua-system\projects\physics_md_al_fe\runs\stageE_700k_dxa_confirm\20260625-102200\cases\E4_700k_dxa_confirm\E4_phys001942_700k_80k\production\dump.final.lammpstrj,C:\Users\dille\Documents\ilua-system\projects\physics_md_al_fe\runs\stageE_700k_dxa_confirm\20260625-102200\cases\E4_700k_dxa_confirm\E4_phys001942_700k_80k\production\restart.80000,288.38079,8895.0734,-2357075.8,26474.076,-2330601.7,8959.5754,8251.4496,9474.1953,0.001942,surface-distance,analytic ellipsoid Fe4Al13/Al interface from Stage E geometry metadata; r is radial signed distance from ellipsoid surface into Al matrix,16-18,17.0,5928,1026.7960246867858,1037.1658224954126,1087.6964241023795,1050.5527570948595,93.67215660233275,1088.3709342118257,7663.131066119245,9136.725887235638,6110.990093800081,7664.727981028291,5928,1.0,120.0,157.6896654664086,0,0,0,0.0,,,,,4.641197639618466,weak_hcp,local_lattice_disturbance_no_DXA,157.6896654664086,157.6896654664086,0.32312177580588347,0.4137230578855218,16.0,18.0
step_80000,E4_phys001942_700k_80k,80000,16.0,C:\Users\dille\Documents\ilua-system\projects\physics_md_al_fe\runs\stageE_700k_dxa_confirm\20260625-102200\cases\E4_700k_dxa_confirm\E4_phys001942_700k_80k\production\dump.final.lammpstrj,C:\Users\dille\Documents\ilua-system\projects\physics_md_al_fe\runs\stageE_700k_dxa_confirm\20260625-102200\cases\E4_700k_dxa_confirm\E4_phys001942_700k_80k\production\restart.80000,288.38079,8895.0734,-2357075.8,26474.076,-2330601.7,8959.5754,8251.4496,9474.1953,0.001942,surface-distance,analytic ellipsoid Fe4Al13/Al interface from Stage E geometry metadata; r is radial signed distance from ellipsoid surface into Al matrix,18-20,19.0,6206,1056.9489017064975,1038.788432937387,1074.1343852071066,1056.6239066169971,51.86425958675403,1082.69533191094,7509.994082989097,9025.965130350667,6101.284192514746,7725.018897654795,6206,1.0,120.0,157.6896654664086,0,0,0,0.0,,,,,4.641197639618466,weak_hcp,local_lattice_disturbance_no_DXA,157.6896654664086,157.6896654664086,0.32312177580588347,0.4137230578855218,18.0,20.0
step_80000,E4_phys001942_700k_80k,80000,16.0,C:\Users\dille\Documents\ilua-system\projects\physics_md_al_fe\runs\stageE_700k_dxa_confirm\20260625-102200\cases\E4_700k_dxa_confirm\E4_phys001942_700k_80k\production\dump.final.lammpstrj,C:\Users\dille\Documents\ilua-system\projects\physics_md_al_fe\runs\stageE_700k_dxa_confirm\20260625-102200\cases\E4_700k_dxa_confirm\E4_phys001942_700k_80k\production\restart.80000,288.38079,8895.0734,-2357075.8,26474.076,-2330601.7,8959.5754,8251.4496,9474.1953,0.001942,surface-distance,analytic ellipsoid Fe4Al13/Al interface from Stage E geometry metadata; r is radial signed distance from ellipsoid surface into Al matrix,20-22,21.0,6532,1056.528936582764,1051.7169154216615,1094.4056878813633,1067.550513295263,62.072849915244376,1105.826046752197,7611.952943307171,9055.407542407136,6014.530704668409,7603.586218498658,6532,1.0,120.0,157.6896654664086,0,0,0,0.0,,,,,4.641197639618466,weak_hcp,local_lattice_disturbance_no_DXA,157.6896654664086,157.6896654664086,0.32312177580588347,0.4137230578855218,20.0,22.0
step_80000,E4_phys001942_700k_80k,80000,16.0,C:\Users\dille\Documents\ilua-system\projects\physics_md_al_fe\runs\stageE_700k_dxa_confirm\20260625-102200\cases\E4_700k_dxa_confirm\E4_phys001942_700k_80k\production\dump.final.lammpstrj,C:\Users\dille\Documents\ilua-system\projects\physics_md_al_fe\runs\stageE_700k_dxa_confirm\20260625-102200\cases\E4_700k_dxa_confirm\E4_phys001942_700k_80k\production\restart.80000,288.38079,8895.0734,-2357075.8,26474.076,-2330601.7,8959.5754,8251.4496,9474.1953,0.001942,surface-distance,analytic ellipsoid Fe4Al13/Al interface from Stage E geometry metadata; r is radial signed distance from ellipsoid surface into Al matrix,22-24,23.0,6929,1090.2744761108704,1133.0277428116087,1129.516115062869,1117.6061113284495,106.66239456289102,1170.4555489869194,7632.729703476775,8878.871263020492,6083.837037662398,7686.6814901723865,6929,1.0,120.0,157.6896654664086,0,0,0,0.0,,,,,4.641197639618466,weak_hcp,local_lattice_disturbance_no_DXA,157.6896654664086,157.6896654664086,0.32312177580588347,0.4137230578855218,22.0,24.0
step_80000,E4_phys001942_700k_80k,80000,16.0,C:\Users\dille\Documents\ilua-system\projects\physics_md_al_fe\runs\stageE_700k_dxa_confirm\20260625-102200\cases\E4_700k_dxa_confirm\E4_phys001942_700k_80k\production\dump.final.lammpstrj,C:\Users\dille\Documents\ilua-system\projects\physics_md_al_fe\runs\stageE_700k_dxa_confirm\20260625-102200\cases\E4_700k_dxa_confirm\E4_phys001942_700k_80k\production\restart.80000,288.38079,8895.0734,-2357075.8,26474.076,-2330601.7,8959.5754,8251.4496,9474.1953,0.001942,surface-distance,analytic ellipsoid Fe4Al13/Al interface from Stage E geometry metadata; r is radial signed distance from ellipsoid surface into Al matrix,24-26,25.0,7534,1090.69399015751,1151.0350980266383,1112.4157274461347,1118.048271876761,88.46586687442635,1172.1505111245756,7504.659752806839,9046.22320628441,5991.320182022452,7896.493831894245,7534,1.0,120.0,157.6896654664086,0,0,0,0.0,,,,,4.641197639618466,weak_hcp,local_lattice_disturbance_no_DXA,157.6896654664086,157.6896654664086,0.32312177580588347,0.4137230578855218,24.0,26.0
step_80000,E4_phys001942_700k_80k,80000,16.0,C:\Users\dille\Documents\ilua-system\projects\physics_md_al_fe\runs\stageE_700k_dxa_confirm\20260625-102200\cases\E4_700k_dxa_confirm\E4_phys001942_700k_80k\production\dump.final.lammpstrj,C:\Users\dille\Documents\ilua-system\projects\physics_md_al_fe\runs\stageE_700k_dxa_confirm\20260625-102200\cases\E4_700k_dxa_confirm\E4_phys001942_700k_80k\production\restart.80000,288.38079,8895.0734,-2357075.8,26474.076,-2330601.7,8959.5754,8251.4496,9474.1953,0.001942,surface-distance,analytic ellipsoid Fe4Al13/Al interface from Stage E geometry metadata; r is radial signed distance from ellipsoid surface into Al matrix,26-28,27.0,7887,1086.6335114790807,1088.739012591206,1088.6755699709504,1088.016031347079,35.87878301172419,1108.3315315267046,7517.669766815013,8858.225680124066,6089.788145146094,7619.397270090327,7887,1.0,120.0,157.6896654664086,0,0,0,0.0,,,,,4.641197639618466,weak_hcp,local_lattice_disturbance_no_DXA,157.6896654664086,157.6896654664086,0.32312177580588347,0.4137230578855218,26.0,28.0
step_80000,E4_phys001942_700k_80k,80000,16.0,C:\Users\dille\Documents\ilua-system\projects\physics_md_al_fe\runs\stageE_700k_dxa_confirm\20260625-102200\cases\E4_700k_dxa_confirm\E4_phys001942_700k_80k\production\dump.final.lammpstrj,C:\Users\dille\Documents\ilua-system\projects\physics_md_al_fe\runs\stageE_700k_dxa_confirm\20260625-102200\cases\E4_700k_dxa_confirm\E4_phys001942_700k_80k\production\restart.80000,288.38079,8895.0734,-2357075.8,26474.076,-2330601.7,8959.5754,8251.4496,9474.1953,0.001942,surface-distance,analytic ellipsoid Fe4Al13/Al interface from Stage E geometry metadata; r is radial signed distance from ellipsoid surface into Al matrix,28-30,29.0,8277,1058.4803886510322,1083.1173695964242,1060.0585518631913,1067.2187700368825,53.52568940779014,1099.4647727211839,7613.59285949828,8981.290609723705,5952.119593176504,7661.011697932305,8277,1.0,120.0,157.6896654664086,0,0,0,0.0,,,,,4.641197639618466,weak_hcp,local_lattice_disturbance_no_DXA,157.6896654664086,157.6896654664086,0.32312177580588347,0.4137230578855218,28.0,30.0
step_80000,E4_phys001942_700k_80k,80000,16.0,C:\Users\dille\Documents\ilua-system\projects\physics_md_al_fe\runs\stageE_700k_dxa_confirm\20260625-102200\cases\E4_700k_dxa_confirm\E4_phys001942_700k_80k\production\dump.final.lammpstrj,C:\Users\dille\Documents\ilua-system\projects\physics_md_al_fe\runs\stageE_700k_dxa_confirm\20260625-102200\cases\E4_700k_dxa_confirm\E4_phys001942_700k_80k\production\restart.80000,288.38079,8895.0734,-2357075.8,26474.076,-2330601.7,8959.5754,8251.4496,9474.1953,0.001942,surface-distance,analytic ellipsoid Fe4Al13/Al interface from Stage E geometry metadata; r is radial signed distance from ellipsoid surface into Al matrix,30-32,31.0,8665,971.5816149481915,974.1819253363469,1005.7385744638616,983.8340382494667,87.74036823608658,1027.7456897414477,7598.317112995343,9078.010351875444,5957.422035961773,7520.428366928242,8665,1.0,120.0,157.6896654664086,0,0,0,0.0,,,,,4.641197639618466,weak_hcp,local_lattice_disturbance_no_DXA,157.6896654664086,157.6896654664086,0.32312177580588347,0.4137230578855218,30.0,32.0
step_80000,E4_phys001942_700k_80k,80000,16.0,C:\Users\dille\Documents\ilua-system\projects\physics_md_al_fe\runs\stageE_700k_dxa_confirm\20260625-102200\cases\E4_700k_dxa_confirm\E4_phys001942_700k_80k\production\dump.final.lammpstrj,C:\Users\dille\Documents\ilua-system\projects\physics_md_al_fe\runs\stageE_700k_dxa_confirm\20260625-102200\cases\E4_700k_dxa_confirm\E4_phys001942_700k_80k\production\restart.80000,288.38079,8895.0734,-2357075.8,26474.076,-2330601.7,8959.5754,8251.4496,9474.1953,0.001942,surface-distance,analytic ellipsoid Fe4Al13/Al interface from Stage E geometry metadata; r is radial signed distance from ellipsoid surface into Al matrix,32-34,33.0,9192,958.2914406897813,922.8344088850507,980.8637999799317,953.9965498515879,62.99849799229695,981.6589259362942,7569.233853379908,8907.426754364324,5918.89026976174,7614.437813277317,9192,1.0,120.0,157.6896654664086,0,1,0,0.0,,,,,4.641197639618466,weak_hcp,local_lattice_disturbance_no_DXA,157.6896654664086,157.6896654664086,0.32312177580588347,0.4137230578855218,32.0,34.0
step_80000,E4_phys001942_700k_80k,80000,16.0,C:\Users\dille\Documents\ilua-system\projects\physics_md_al_fe\runs\stageE_700k_dxa_confirm\20260625-102200\cases\E4_700k_dxa_confirm\E4_phys001942_700k_80k\production\dump.final.lammpstrj,C:\Users\dille\Documents\ilua-system\projects\physics_md_al_fe\runs\stageE_700k_dxa_confirm\20260625-102200\cases\E4_700k_dxa_confirm\E4_phys001942_700k_80k\production\restart.80000,288.38079,8895.0734,-2357075.8,26474.076,-2330601.7,8959.5754,8251.4496,9474.1953,0.001942,surface-distance,analytic ellipsoid Fe4Al13/Al interface from Stage E geometry metadata; r is radial signed distance from ellipsoid surface into Al matrix,34-36,35.0,9788,943.6784524604695,852.6779503951586,979.8902537177372,925.4155521911217,114.62456515515164,981.4889783020327,7491.376187938342,8892.907584075818,5800.3943327769,7338.163816077024,9788,1.0,120.0,157.6896654664086,0,1,0,0.0,,,,,4.641197639618466,weak_hcp,local_lattice_disturbance_no_DXA,157.6896654664086,157.6896654664086,0.32312177580588347,0.4137230578855218,34.0,36.0
step_80000,E4_phys001942_700k_80k,80000,16.0,C:\Users\dille\Documents\ilua-system\projects\physics_md_al_fe\runs\stageE_700k_dxa_confirm\20260625-102200\cases\E4_700k_dxa_confirm\E4_phys001942_700k_80k\production\dump.final.lammpstrj,C:\Users\dille\Documents\ilua-system\projects\physics_md_al_fe\runs\stageE_700k_dxa_confirm\20260625-102200\cases\E4_700k_dxa_confirm\E4_phys001942_700k_80k\production\restart.80000,288.38079,8895.0734,-2357075.8,26474.076,-2330601.7,8959.5754,8251.4496,9474.1953,0.001942,surface-distance,analytic ellipsoid Fe4Al13/Al interface from Stage E geometry metadata; r is radial signed distance from ellipsoid surface into Al matrix,36-38,37.0,10049,923.8357094527969,873.4223514064557,970.329793959206,922.529284939486,88.81957593953777,972.6666049919396,7584.232899412137,9006.742000926171,5851.695707416285,7358.199612425337,10049,1.0,120.0,157.6896654664086,0,2,0,0.0,,,,,4.641197639618466,weak_hcp,local_lattice_disturbance_no_DXA,157.6896654664086,157.6896654664086,0.32312177580588347,0.4137230578855218,36.0,38.0
step_80000,E4_phys001942_700k_80k,80000,16.0,C:\Users\dille\Documents\ilua-system\projects\physics_md_al_fe\runs\stageE_700k_dxa_confirm\20260625-102200\cases\E4_700k_dxa_confirm\E4_phys001942_700k_80k\production\dump.final.lammpstrj,C:\Users\dille\Documents\ilua-system\projects\physics_md_al_fe\runs\stageE_700k_dxa_confirm\20260625-102200\cases\E4_700k_dxa_confirm\E4_phys001942_700k_80k\production\restart.80000,288.38079,8895.0734,-2357075.8,26474.076,-2330601.7,8959.5754,8251.4496,9474.1953,0.001942,surface-distance,analytic ellipsoid Fe4Al13/Al interface from Stage E geometry metadata; r is radial signed distance from ellipsoid surface into Al matrix,38-40,39.0,10635,903.8917462705685,874.7656022409773,943.3915533326043,907.3496339480502,73.68346861135375,949.9873086783382,7516.4393156180095,8953.599934548387,5886.603255176044,7465.074041383249,10635,1.0,120.0,157.6896654664086,0,0,0,0.0,,,,,4.641197639618466,weak_hcp,local_lattice_disturbance_no_DXA,157.6896654664086,157.6896654664086,0.32312177580588347,0.4137230578855218,38.0,40.0
step_80000,E4_phys001942_700k_80k,80000,16.0,C:\Users\dille\Documents\ilua-system\projects\physics_md_al_fe\runs\stageE_700k_dxa_confirm\20260625-102200\cases\E4_700k_dxa_confirm\E4_phys001942_700k_80k\production\dump.final.lammpstrj,C:\Users\dille\Documents\ilua-system\projects\physics_md_al_fe\runs\stageE_700k_dxa_confirm\20260625-102200\cases\E4_700k_dxa_confirm\E4_phys001942_700k_80k\production\restart.80000,288.38079,8895.0734,-2357075.8,26474.076,-2330601.7,8959.5754,8251.4496,9474.1953,0.001942,surface-distance,analytic ellipsoid Fe4Al13/Al interface from Stage E geometry metadata; r is radial signed distance from ellipsoid surface into Al matrix,40-42,41.0,11079,868.4608303953905,837.4686885352353,943.1246808766806,883.0180666024354,100.02015603401665,947.7596364271234,7519.1543288546145,9007.228500163435,5759.789306633994,7454.933691199703,11079,1.0,120.0,157.6896654664086,0,1,0,0.0,,,,,4.641197639618466,weak_hcp,local_lattice_disturbance_no_DXA,157.6896654664086,157.6896654664086,0.32312177580588347,0.4137230578855218,40.0,42.0
step_80000,E4_phys001942_700k_80k,80000,16.0,C:\Users\dille\Documents\ilua-system\projects\physics_md_al_fe\runs\stageE_700k_dxa_confirm\20260625-102200\cases\E4_700k_dxa_confirm\E4_phys001942_700k_80k\production\dump.final.lammpstrj,C:\Users\dille\Documents\ilua-system\projects\physics_md_al_fe\runs\stageE_700k_dxa_confirm\20260625-102200\cases\E4_700k_dxa_confirm\E4_phys001942_700k_80k\production\restart.80000,288.38079,8895.0734,-2357075.8,26474.076,-2330601.7,8959.5754,8251.4496,9474.1953,0.001942,surface-distance,analytic ellipsoid Fe4Al13/Al interface from Stage E geometry metadata; r is radial signed distance from ellipsoid surface into Al matrix,42-44,43.0,11754,919.5476622692224,896.2831102116254,980.9904070400695,932.2737265069724,81.1788363308158,984.7929571387803,7559.61037649986,8948.112786928952,5906.079141967852,7569.047531091522,11754,1.0,120.0,157.6896654664086,0,0,0,0.0,,,,,4.641197639618466,weak_hcp,local_lattice_disturbance_no_DXA,157.6896654664086,157.6896654664086,0.32312177580588347,0.4137230578855218,42.0,44.0
step_80000,E4_phys001942_700k_80k,80000,16.0,C:\Users\dille\Documents\ilua-system\projects\physics_md_al_fe\runs\stageE_700k_dxa_confirm\20260625-102200\cases\E4_700k_dxa_confirm\E4_phys001942_700k_80k\production\dump.final.lammpstrj,C:\Users\dille\Documents\ilua-system\projects\physics_md_al_fe\runs\stageE_700k_dxa_confirm\20260625-102200\cases\E4_700k_dxa_confirm\E4_phys001942_700k_80k\production\restart.80000,288.38079,8895.0734,-2357075.8,26474.076,-2330601.7,8959.5754,8251.4496,9474.1953,0.001942,surface-distance,analytic ellipsoid Fe4Al13/Al interface from Stage E geometry metadata; r is radial signed distance from ellipsoid surface into Al matrix,44-46,45.0,12298,933.9052875477958,890.3337436419497,959.4124762746114,927.8838358214522,70.52933290573161,961.2562318825428,7465.38222192743,8921.598418284995,5860.983406507367,7429.673676937025,12298,1.0,120.0,157.6896654664086,0,0,0,0.0,,,,,4.641197639618466,weak_hcp,local_lattice_disturbance_no_DXA,157.6896654664086,157.6896654664086,0.32312177580588347,0.4137230578855218,44.0,46.0
step_80000,E4_phys001942_700k_80k,80000,16.0,C:\Users\dille\Documents\ilua-system\projects\physics_md_al_fe\runs\stageE_700k_dxa_confirm\20260625-102200\cases\E4_700k_dxa_confirm\E4_phys001942_700k_80k\production\dump.final.lammpstrj,C:\Users\dille\Documents\ilua-system\projects\physics_md_al_fe\runs\stageE_700k_dxa_confirm\20260625-102200\cases\E4_700k_dxa_confirm\E4_phys001942_700k_80k\production\restart.80000,288.38079,8895.0734,-2357075.8,26474.076,-2330601.7,8959.5754,8251.4496,9474.1953,0.001942,surface-distance,analytic ellipsoid Fe4Al13/Al interface from Stage E geometry metadata; r is radial signed distance from ellipsoid surface into Al matrix,46-48,47.0,12778,945.2659672234761,890.7115550110088,972.0626001580172,936.013374130834,77.98860729382652,975.1580074101153,7542.4449898258645,8922.757231588392,5833.496089479171,7448.46930821717,12778,1.0,120.0,157.6896654664086,0,0,0,0.0,,,,,4.641197639618466,weak_hcp,local_lattice_disturbance_no_DXA,157.6896654664086,157.6896654664086,0.32312177580588347,0.4137230578855218,46.0,48.0
step_80000,E4_phys001942_700k_80k,80000,16.0,C:\Users\dille\Documents\ilua-system\projects\physics_md_al_fe\runs\stageE_700k_dxa_confirm\20260625-102200\cases\E4_700k_dxa_confirm\E4_phys001942_700k_80k\production\dump.final.lammpstrj,C:\Users\dille\Documents\ilua-system\projects\physics_md_al_fe\runs\stageE_700k_dxa_confirm\20260625-102200\cases\E4_700k_dxa_confirm\E4_phys001942_700k_80k\production\restart.80000,288.38079,8895.0734,-2357075.8,26474.076,-2330601.7,8959.5754,8251.4496,9474.1953,0.001942,surface-distance,analytic ellipsoid Fe4Al13/Al interface from Stage E geometry metadata; r is radial signed distance from ellipsoid surface into Al matrix,48-50,49.0,13277,1008.1008152096055,936.9226385676357,1026.168598339643,990.397350705628,102.03600506406988,1033.554204957554,7549.038868269574,8996.379535971908,5879.38129440564,7505.072223047158,13277,1.0,120.0,157.6896654664086,0,0,0,0.0,,,,,4.641197639618466,weak_hcp,local_lattice_disturbance_no_DXA,157.6896654664086,157.6896654664086,0.32312177580588347,0.4137230578855218,48.0,50.0
step_80000,E4_phys001942_700k_80k,80000,16.0,C:\Users\dille\Documents\ilua-system\projects\physics_md_al_fe\runs\stageE_700k_dxa_confirm\20260625-102200\cases\E4_700k_dxa_confirm\E4_phys001942_700k_80k\production\dump.final.lammpstrj,C:\Users\dille\Documents\ilua-system\projects\physics_md_al_fe\runs\stageE_700k_dxa_confirm\20260625-102200\cases\E4_700k_dxa_confirm\E4_phys001942_700k_80k\production\restart.80000,288.38079,8895.0734,-2357075.8,26474.076,-2330601.7,8959.5754,8251.4496,9474.1953,0.001942,surface-distance,analytic ellipsoid Fe4Al13/Al interface from Stage E geometry metadata; r is radial signed distance from ellipsoid surface into Al matrix,50-55,52.5,35810,992.4162039850592,912.2675996069962,987.3522470991908,964.012016897082,84.71883849333167,995.1363488482262,7523.771251317699,8961.114651165792,5882.755494124022,7417.863526625344,35810,1.0,120.0,157.6896654664086,0,0,0,0.0,,,,,4.641197639618466,weak_hcp,local_lattice_disturbance_no_DXA,157.6896654664086,157.6896654664086,0.32312177580588347,0.4137230578855218,50.0,55.0
step_80000,E4_phys001942_700k_80k,80000,16.0,C:\Users\dille\Documents\ilua-system\projects\physics_md_al_fe\runs\stageE_700k_dxa_confirm\20260625-102200\cases\E4_700k_dxa_confirm\E4_phys001942_700k_80k\production\dump.final.lammpstrj,C:\Users\dille\Documents\ilua-system\projects\physics_md_al_fe\runs\stageE_700k_dxa_confirm\20260625-102200\cases\E4_700k_dxa_confirm\E4_phys001942_700k_80k\production\restart.80000,288.38079,8895.0734,-2357075.8,26474.076,-2330601.7,8959.5754,8251.4496,9474.1953,0.001942,surface-distance,analytic ellipsoid Fe4Al13/Al interface from Stage E geometry metadata; r is radial signed distance from ellipsoid surface into Al matrix,55-60,57.5,39600,944.6944288840473,906.1196167612939,985.8648266231321,945.5596240894911,76.63569841208336,989.5079250622205,7504.378886504008,8968.698085964033,5900.6587601465035,7433.000039138238,39600,1.0,120.0,157.6896654664086,0,0,0,0.0,,,,,4.641197639618466,weak_hcp,local_lattice_disturbance_no_DXA,157.6896654664086,157.6896654664086,0.32312177580588347,0.4137230578855218,55.0,60.0
step_80000,E4_phys001942_700k_80k,80000,16.0,C:\Users\dille\Documents\ilua-system\projects\physics_md_al_fe\runs\stageE_700k_dxa_confirm\20260625-102200\cases\E4_700k_dxa_confirm\E4_phys001942_700k_80k\production\dump.final.lammpstrj,C:\Users\dille\Documents\ilua-system\projects\physics_md_al_fe\runs\stageE_700k_dxa_confirm\20260625-102200\cases\E4_700k_dxa_confirm\E4_phys001942_700k_80k\production\restart.80000,288.38079,8895.0734,-2357075.8,26474.076,-2330601.7,8959.5754,8251.4496,9474.1953,0.001942,surface-distance,analytic ellipsoid Fe4Al13/Al interface from Stage E geometry metadata; r is radial signed distance from ellipsoid surface into Al matrix,60-65,62.5,43007,926.7353731314869,903.9745574452022,966.0182535443748,932.2427280403548,55.893724889906785,967.3766672039465,7534.959829454547,8956.809574603936,5855.56182122647,7508.504489688918,43007,1.0,120.0,157.6896654664086,0,0,0,0.0,,,,,4.641197639618466,weak_hcp,local_lattice_disturbance_no_DXA,157.6896654664086,157.6896654664086,0.32312177580588347,0.4137230578855218,60.0,65.0
step_80000,E4_phys001942_700k_80k,80000,16.0,C:\Users\dille\Documents\ilua-system\projects\physics_md_al_fe\runs\stageE_700k_dxa_confirm\20260625-102200\cases\E4_700k_dxa_confirm\E4_phys001942_700k_80k\production\dump.final.lammpstrj,C:\Users\dille\Documents\ilua-system\projects\physics_md_al_fe\runs\stageE_700k_dxa_confirm\20260625-102200\cases\E4_700k_dxa_confirm\E4_phys001942_700k_80k\production\restart.80000,288.38079,8895.0734,-2357075.8,26474.076,-2330601.7,8959.5754,8251.4496,9474.1953,0.001942,surface-distance,analytic ellipsoid Fe4Al13/Al interface from Stage E geometry metadata; r is radial signed distance from ellipsoid surface into Al matrix,65-70,67.5,42857,933.0190114202926,884.9121727813445,932.8378879077815,916.9230240364728,54.43908016382959,947.3216729186238,7515.108686896373,8960.840200894992,5822.842764661674,7392.888130546673,42857,1.0,120.0,157.6896654664086,0,0,0,0.0,,,,,4.641197639618466,weak_hcp,local_lattice_disturbance_no_DXA,157.6896654664086,157.6896654664086,0.32312177580588347,0.4137230578855218,65.0,70.0
step_80000,E4_phys001942_700k_80k,80000,16.0,C:\Users\dille\Documents\ilua-system\projects\physics_md_al_fe\runs\stageE_700k_dxa_confirm\20260625-102200\cases\E4_700k_dxa_confirm\E4_phys001942_700k_80k\production\dump.final.lammpstrj,C:\Users\dille\Documents\ilua-system\projects\physics_md_al_fe\runs\stageE_700k_dxa_confirm\20260625-102200\cases\E4_700k_dxa_confirm\E4_phys001942_700k_80k\production\restart.80000,288.38079,8895.0734,-2357075.8,26474.076,-2330601.7,8959.5754,8251.4496,9474.1953,0.001942,surface-distance,analytic ellipsoid Fe4Al13/Al interface from Stage E geometry metadata; r is radial signed distance from ellipsoid surface into Al matrix,70-75,72.5,42445,919.0591541413993,894.782510667932,921.3246202406513,911.7220950166608,31.166779470205018,927.2376760106383,7492.847447552011,8935.370201053387,5834.034938493493,7322.764949381877,42445,1.0,120.0,157.6896654664086,0,0,0,0.0,,,,,4.641197639618466,weak_hcp,local_lattice_disturbance_no_DXA,157.6896654664086,157.6896654664086,0.32312177580588347,0.4137230578855218,70.0,75.0
step_80000,E4_phys001942_700k_80k,80000,16.0,C:\Users\dille\Documents\ilua-system\projects\physics_md_al_fe\runs\stageE_700k_dxa_confirm\20260625-102200\cases\E4_700k_dxa_confirm\E4_phys001942_700k_80k\production\dump.final.lammpstrj,C:\Users\dille\Documents\ilua-system\projects\physics_md_al_fe\runs\stageE_700k_dxa_confirm\20260625-102200\cases\E4_700k_dxa_confirm\E4_phys001942_700k_80k\production\restart.80000,288.38079,8895.0734,-2357075.8,26474.076,-2330601.7,8959.5754,8251.4496,9474.1953,0.001942,surface-distance,analytic ellipsoid Fe4Al13/Al interface from Stage E geometry metadata; r is radial signed distance from ellipsoid surface into Al matrix,75-80,77.5,41385,876.7409288492456,892.9194509062805,875.9651245466339,881.8751681007201,31.228477095640976,901.3414731453407,7507.1803738325325,8880.833217348249,5747.003150625801,7266.818521737402,41385,1.0,120.0,157.6896654664086,0,0,0,0.0,,,,,4.641197639618466,weak_hcp,local_lattice_disturbance_no_DXA,157.6896654664086,157.6896654664086,0.32312177580588347,0.4137230578855218,75.0,80.0
step_80000,E4_phys001942_700k_80k,80000,16.0,C:\Users\dille\Documents\ilua-system\projects\physics_md_al_fe\runs\stageE_700k_dxa_confirm\20260625-102200\cases\E4_700k_dxa_confirm\E4_phys001942_700k_80k\production\dump.final.lammpstrj,C:\Users\dille\Documents\ilua-system\projects\physics_md_al_fe\runs\stageE_700k_dxa_confirm\20260625-102200\cases\E4_700k_dxa_confirm\E4_phys001942_700k_80k\production\restart.80000,288.38079,8895.0734,-2357075.8,26474.076,-2330601.7,8959.5754,8251.4496,9474.1953,0.001942,surface-distance,analytic ellipsoid Fe4Al13/Al interface from Stage E geometry metadata; r is radial signed distance from ellipsoid surface into Al matrix,80-85,82.5,38781,900.4255064233225,937.9636171622268,867.6154140571712,902.0015125475735,64.74568118686575,940.5043176938418,7509.8315162483805,8951.711625877673,5809.803280417828,7420.639907811368,38781,1.0,120.0,157.6896654664086,0,0,0,0.0,,,,,4.641197639618466,weak_hcp,local_lattice_disturbance_no_DXA,157.6896654664086,157.6896654664086,0.32312177580588347,0.4137230578855218,80.0,85.0
step_80000,E4_phys001942_700k_80k,80000,16.0,C:\Users\dille\Documents\ilua-system\projects\physics_md_al_fe\runs\stageE_700k_dxa_confirm\20260625-102200\cases\E4_700k_dxa_confirm\E4_phys001942_700k_80k\production\dump.final.lammpstrj,C:\Users\dille\Documents\ilua-system\projects\physics_md_al_fe\runs\stageE_700k_dxa_confirm\20260625-102200\cases\E4_700k_dxa_confirm\E4_phys001942_700k_80k\production\restart.80000,288.38079,8895.0734,-2357075.8,26474.076,-2330601.7,8959.5754,8251.4496,9474.1953,0.001942,surface-distance,analytic ellipsoid Fe4Al13/Al interface from Stage E geometry metadata; r is radial signed distance from ellipsoid surface into Al matrix,85-90,87.5,36307,873.3350456348182,916.4879399881037,847.8927041844056,879.238563269109,61.00430658822325,917.1918372170617,7521.809512924074,8985.098550823255,5788.110921996472,7424.669090390835,36307,1.0,120.0,157.6896654664086,0,0,0,0.0,,,,,4.641197639618466,weak_hcp,local_lattice_disturbance_no_DXA,157.6896654664086,157.6896654664086,0.32312177580588347,0.4137230578855218,85.0,90.0
step_80000,E4_phys001942_700k_80k,80000,16.0,C:\Users\dille\Documents\ilua-system\projects\physics_md_al_fe\runs\stageE_700k_dxa_confirm\20260625-102200\cases\E4_700k_dxa_confirm\E4_phys001942_700k_80k\production\dump.final.lammpstrj,C:\Users\dille\Documents\ilua-system\projects\physics_md_al_fe\runs\stageE_700k_dxa_confirm\20260625-102200\cases\E4_700k_dxa_confirm\E4_phys001942_700k_80k\production\restart.80000,288.38079,8895.0734,-2357075.8,26474.076,-2330601.7,8959.5754,8251.4496,9474.1953,0.001942,surface-distance,analytic ellipsoid Fe4Al13/Al interface from Stage E geometry metadata; r is radial signed distance from ellipsoid surface into Al matrix,90-95,92.5,33118,902.6996399500222,925.6771621316548,873.0951787683784,900.4906602833518,50.13864808920037,930.7327127554547,7502.10210853925,8865.827977390945,5786.365604781465,7271.392871493837,33118,1.0,120.0,157.6896654664086,0,0,0,0.0,,,,,4.641197639618466,weak_hcp,local_lattice_disturbance_no_DXA,157.6896654664086,157.6896654664086,0.32312177580588347,0.4137230578855218,90.0,95.0
step_80000,E4_phys001942_700k_80k,80000,16.0,C:\Users\dille\Documents\ilua-system\projects\physics_md_al_fe\runs\stageE_700k_dxa_confirm\20260625-102200\cases\E4_700k_dxa_confirm\E4_phys001942_700k_80k\production\dump.final.lammpstrj,C:\Users\dille\Documents\ilua-system\projects\physics_md_al_fe\runs\stageE_700k_dxa_confirm\20260625-102200\cases\E4_700k_dxa_confirm\E4_phys001942_700k_80k\production\restart.80000,288.38079,8895.0734,-2357075.8,26474.076,-2330601.7,8959.5754,8251.4496,9474.1953,0.001942,surface-distance,analytic ellipsoid Fe4Al13/Al interface from Stage E geometry metadata; r is radial signed distance from ellipsoid surface into Al matrix,95-100,97.5,29503,870.0192108676155,916.1743739279475,838.4242281273391,874.872604307634,74.78714386296873,920.7534477379962,7476.028745727024,8851.830743214517,5775.8380414871335,7344.578857217965,29503,1.0,120.0,157.6896654664086,0,1,0,0.0,,,,,4.641197639618466,weak_hcp,local_lattice_disturbance_no_DXA,157.6896654664086,157.6896654664086,0.32312177580588347,0.4137230578855218,95.0,100.0
step_80000,E4_phys001942_700k_80k,80000,16.0,C:\Users\dille\Documents\ilua-system\projects\physics_md_al_fe\runs\stageE_700k_dxa_confirm\20260625-102200\cases\E4_700k_dxa_confirm\E4_phys001942_700k_80k\production\dump.final.lammpstrj,C:\Users\dille\Documents\ilua-system\projects\physics_md_al_fe\runs\stageE_700k_dxa_confirm\20260625-102200\cases\E4_700k_dxa_confirm\E4_phys001942_700k_80k\production\restart.80000,288.38079,8895.0734,-2357075.8,26474.076,-2330601.7,8959.5754,8251.4496,9474.1953,0.001942,surface-distance,analytic ellipsoid Fe4Al13/Al interface from Stage E geometry metadata; r is radial signed distance from ellipsoid surface into Al matrix,100-105,102.5,25590,871.640826771189,837.5988499569632,869.8416382594141,859.6937716625222,41.20915468292134,879.6308250865353,7500.431821177534,8912.65382023962,5805.357700833446,7385.192006712857,25590,1.0,120.0,157.6896654664086,0,0,0,0.0,,,,,4.641197639618466,weak_hcp,local_lattice_disturbance_no_DXA,157.6896654664086,157.6896654664086,0.32312177580588347,0.4137230578855218,100.0,105.0
step_80000,E4_phys001942_700k_80k,80000,16.0,C:\Users\dille\Documents\ilua-system\projects\physics_md_al_fe\runs\stageE_700k_dxa_confirm\20260625-102200\cases\E4_700k_dxa_confirm\E4_phys001942_700k_80k\production\dump.final.lammpstrj,C:\Users\dille\Documents\ilua-system\projects\physics_md_al_fe\runs\stageE_700k_dxa_confirm\20260625-102200\cases\E4_700k_dxa_confirm\E4_phys001942_700k_80k\production\restart.80000,288.38079,8895.0734,-2357075.8,26474.076,-2330601.7,8959.5754,8251.4496,9474.1953,0.001942,surface-distance,analytic ellipsoid Fe4Al13/Al interface from Stage E geometry metadata; r is radial signed distance from ellipsoid surface into Al matrix,105-110,107.5,21781,916.8345288020473,881.4893448752097,870.2767931661092,889.5335556144554,49.169995384591864,920.7421956919728,7467.576569629596,8909.154121320633,5794.031942991377,7374.655718336772,21781,1.0,120.0,157.6896654664086,0,0,0,0.0,,,,,4.641197639618466,weak_hcp,local_lattice_disturbance_no_DXA,157.6896654664086,157.6896654664086,0.32312177580588347,0.4137230578855218,105.0,110.0
step_80000,E4_phys001942_700k_80k,80000,16.0,C:\Users\dille\Documents\ilua-system\projects\physics_md_al_fe\runs\stageE_700k_dxa_confirm\20260625-102200\cases\E4_700k_dxa_confirm\E4_phys001942_700k_80k\production\dump.final.lammpstrj,C:\Users\dille\Documents\ilua-system\projects\physics_md_al_fe\runs\stageE_700k_dxa_confirm\20260625-102200\cases\E4_700k_dxa_confirm\E4_phys001942_700k_80k\production\restart.80000,288.38079,8895.0734,-2357075.8,26474.076,-2330601.7,8959.5754,8251.4496,9474.1953,0.001942,surface-distance,analytic ellipsoid Fe4Al13/Al interface from Stage E geometry metadata; r is radial signed distance from ellipsoid surface into Al matrix,110-115,112.5,18331,918.9475941369792,897.9758198457214,895.1667648734934,904.0300596187313,38.62536451830102,922.5701873770067,7500.217828643289,8889.75414350844,5755.376822187285,7385.829840275311,18331,1.0,120.0,157.6896654664086,0,0,0,0.0,,,,,4.641197639618466,weak_hcp,local_lattice_disturbance_no_DXA,157.6896654664086,157.6896654664086,0.32312177580588347,0.4137230578855218,110.0,115.0
step_80000,E4_phys001942_700k_80k,80000,16.0,C:\Users\dille\Documents\ilua-system\projects\physics_md_al_fe\runs\stageE_700k_dxa_confirm\20260625-102200\cases\E4_700k_dxa_confirm\E4_phys001942_700k_80k\production\dump.final.lammpstrj,C:\Users\dille\Documents\ilua-system\projects\physics_md_al_fe\runs\stageE_700k_dxa_confirm\20260625-102200\cases\E4_700k_dxa_confirm\E4_phys001942_700k_80k\production\restart.80000,288.38079,8895.0734,-2357075.8,26474.076,-2330601.7,8959.5754,8251.4496,9474.1953,0.001942,surface-distance,analytic ellipsoid Fe4Al13/Al interface from Stage E geometry metadata; r is radial signed distance from ellipsoid surface into Al matrix,115-120,117.5,14832,863.7077570665747,835.2156033910887,873.2158588763325,857.3797397779987,47.44374148291947,887.5701676185864,7476.912403116247,8981.190411232219,5747.051289007873,7295.686507736421,14832,1.0,120.0,157.6896654664086,0,0,0,0.0,,,,,4.641197639618466,weak_hcp,local_lattice_disturbance_no_DXA,157.6896654664086,157.6896654664086,0.32312177580588347,0.4137230578855218,115.0,120.0
step_80000,E4_phys001942_700k_80k,80000,16.0,C:\Users\dille\Documents\ilua-system\projects\physics_md_al_fe\runs\stageE_700k_dxa_confirm\20260625-102200\cases\E4_700k_dxa_confirm\E4_phys001942_700k_80k\production\dump.final.lammpstrj,C:\Users\dille\Documents\ilua-system\projects\physics_md_al_fe\runs\stageE_700k_dxa_confirm\20260625-102200\cases\E4_700k_dxa_confirm\E4_phys001942_700k_80k\production\restart.80000,288.38079,8895.0734,-2357075.8,26474.076,-2330601.7,8959.5754,8251.4496,9474.1953,0.001942,surface-distance,analytic ellipsoid Fe4Al13/Al interface from Stage E geometry metadata; r is radial signed distance from ellipsoid surface into Al matrix,120-125,122.5,11000,844.0262152265603,831.0362613396612,883.0393989759121,852.7006251807112,52.346087777697214,886.1384441920432,7392.218594234054,8720.4810228492,5755.189082497202,7160.830440739403,11000,1.0,120.0,157.6896654664086,0,0,0,0.0,,,,,4.641197639618466,weak_hcp,local_lattice_disturbance_no_DXA,157.6896654664086,157.6896654664086,0.32312177580588347,0.4137230578855218,120.0,125.0
step_80000,E4_phys001942_700k_80k,80000,16.0,C:\Users\dille\Documents\ilua-system\projects\physics_md_al_fe\runs\stageE_700k_dxa_confirm\20260625-102200\cases\E4_700k_dxa_confirm\E4_phys001942_700k_80k\production\dump.final.lammpstrj,C:\Users\dille\Documents\ilua-system\projects\physics_md_al_fe\runs\stageE_700k_dxa_confirm\20260625-102200\cases\E4_700k_dxa_confirm\E4_phys001942_700k_80k\production\restart.80000,288.38079,8895.0734,-2357075.8,26474.076,-2330601.7,8959.5754,8251.4496,9474.1953,0.001942,surface-distance,analytic ellipsoid Fe4Al13/Al interface from Stage E geometry metadata; r is radial signed distance from ellipsoid surface into Al matrix,125-130,127.5,7428,743.1776897349743,779.8256997114547,803.02955886773,775.3443161047197,62.067363024228385,810.5481556765568,7471.2028521685515,8834.969059658346,5726.058140586124,7190.131070447283,7428,1.0,120.0,157.6896654664086,0,0,0,0.0,,,,,4.641197639618466,weak_hcp,local_lattice_disturbance_no_DXA,157.6896654664086,157.6896654664086,0.32312177580588347,0.4137230578855218,125.0,130.0
step_80000,E4_phys001942_700k_80k,80000,16.0,C:\Users\dille\Documents\ilua-system\projects\physics_md_al_fe\runs\stageE_700k_dxa_confirm\20260625-102200\cases\E4_700k_dxa_confirm\E4_phys001942_700k_80k\production\dump.final.lammpstrj,C:\Users\dille\Documents\ilua-system\projects\physics_md_al_fe\runs\stageE_700k_dxa_confirm\20260625-102200\cases\E4_700k_dxa_confirm\E4_phys001942_700k_80k\production\restart.80000,288.38079,8895.0734,-2357075.8,26474.076,-2330601.7,8959.5754,8251.4496,9474.1953,0.001942,surface-distance,analytic ellipsoid Fe4Al13/Al interface from Stage E geometry metadata; r is radial signed distance from ellipsoid surface into Al matrix,130-135,132.5,4651,659.2932555479409,703.3228433591681,647.7325954318934,670.1162314463342,104.07405089297337,738.7452313890334,7484.742433056185,8894.420607956334,5756.712662289793,7253.220632261522,4651,1.0,120.0,157.6896654664086,0,0,0,0.0,,,,,4.641197639618466,weak_hcp,local_lattice_disturbance_no_DXA,157.6896654664086,157.6896654664086,0.32312177580588347,0.4137230578855218,130.0,135.0
step_80000,E4_phys001942_700k_80k,80000,16.0,C:\Users\dille\Documents\ilua-system\projects\physics_md_al_fe\runs\stageE_700k_dxa_confirm\20260625-102200\cases\E4_700k_dxa_confirm\E4_phys001942_700k_80k\production\dump.final.lammpstrj,C:\Users\dille\Documents\ilua-system\projects\physics_md_al_fe\runs\stageE_700k_dxa_confirm\20260625-102200\cases\E4_700k_dxa_confirm\E4_phys001942_700k_80k\production\restart.80000,288.38079,8895.0734,-2357075.8,26474.076,-2330601.7,8959.5754,8251.4496,9474.1953,0.001942,surface-distance,analytic ellipsoid Fe4Al13/Al interface from Stage E geometry metadata; r is radial signed distance from ellipsoid surface into Al matrix,135-140,137.5,2875,746.4924160123754,774.5991066467573,628.534459725907,716.5419941283466,156.06036183016292,796.2369930767069,7529.125109508865,8947.149221809057,5758.249480137452,7469.653204977879,2875,1.0,120.0,157.6896654664086,0,0,0,0.0,,,,,4.641197639618466,weak_hcp,local_lattice_disturbance_no_DXA,157.6896654664086,157.6896654664086,0.32312177580588347,0.4137230578855218,135.0,140.0
step_80000,E4_phys001942_700k_80k,80000,16.0,C:\Users\dille\Documents\ilua-system\projects\physics_md_al_fe\runs\stageE_700k_dxa_confirm\20260625-102200\cases\E4_700k_dxa_confirm\E4_phys001942_700k_80k\production\dump.final.lammpstrj,C:\Users\dille\Documents\ilua-system\projects\physics_md_al_fe\runs\stageE_700k_dxa_confirm\20260625-102200\cases\E4_700k_dxa_confirm\E4_phys001942_700k_80k\production\restart.80000,288.38079,8895.0734,-2357075.8,26474.076,-2330601.7,8959.5754,8251.4496,9474.1953,0.001942,surface-distance,analytic ellipsoid Fe4Al13/Al interface from Stage E geometry metadata; r is radial signed distance from ellipsoid surface into Al matrix,140-145,142.5,1590,815.3969178996634,861.7873234610709,747.4001199641366,808.1947871082903,208.89547005457104,946.2236977541843,7430.461355388694,8700.179256459136,5596.73949185187,7201.167396267143,1590,1.0,120.0,157.6896654664086,0,0,0,0.0,,,,,4.641197639618466,weak_hcp,local_lattice_disturbance_no_DXA,157.6896654664086,157.6896654664086,0.32312177580588347,0.4137230578855218,140.0,145.0
step_80000,E4_phys001942_700k_80k,80000,16.0,C:\Users\dille\Documents\ilua-system\projects\physics_md_al_fe\runs\stageE_700k_dxa_confirm\20260625-102200\cases\E4_700k_dxa_confirm\E4_phys001942_700k_80k\production\dump.final.lammpstrj,C:\Users\dille\Documents\ilua-system\projects\physics_md_al_fe\runs\stageE_700k_dxa_confirm\20260625-102200\cases\E4_700k_dxa_confirm\E4_phys001942_700k_80k\production\restart.80000,288.38079,8895.0734,-2357075.8,26474.076,-2330601.7,8959.5754,8251.4496,9474.1953,0.001942,surface-distance,analytic ellipsoid Fe4Al13/Al interface from Stage E geometry metadata; r is radial signed distance from ellipsoid surface into Al matrix,145-150,147.5,674,1319.3695985952843,1193.0023884071882,1135.0475955906156,1215.8065275310294,217.9125625457833,1325.7487300884602,7254.940998192976,8315.582809567746,6248.801255726566,7784.74479002173,674,1.0,120.0,157.6896654664086,0,0,0,0.0,,,,,4.641197639618466,weak_hcp,local_lattice_disturbance_no_DXA,157.6896654664086,157.6896654664086,0.32312177580588347,0.4137230578855218,145.0,150.0
step_80000,E4_phys001942_700k_80k,80000,16.0,C:\Users\dille\Documents\ilua-system\projects\physics_md_al_fe\runs\stageE_700k_dxa_confirm\20260625-102200\cases\E4_700k_dxa_confirm\E4_phys001942_700k_80k\production\dump.final.lammpstrj,C:\Users\dille\Documents\ilua-system\projects\physics_md_al_fe\runs\stageE_700k_dxa_confirm\20260625-102200\cases\E4_700k_dxa_confirm\E4_phys001942_700k_80k\production\restart.80000,288.38079,8895.0734,-2357075.8,26474.076,-2330601.7,8959.5754,8251.4496,9474.1953,0.001942,surface-distance,analytic ellipsoid Fe4Al13/Al interface from Stage E geometry metadata; r is radial signed distance from ellipsoid surface into Al matrix,150-155,152.5,212,1021.0261482025719,948.1626110728483,1348.5741033035538,1105.9209541929913,374.5355659992092,1349.311274311144,6942.109885834732,8001.303210735288,5389.295859392857,6586.105033545154,212,1.0,120.0,157.6896654664086,0,0,0,0.0,,,,,4.641197639618466,weak_hcp,local_lattice_disturbance_no_DXA,157.6896654664086,157.6896654664086,0.32312177580588347,0.4137230578855218,150.0,155.0
step_80000,E4_phys001942_700k_80k,80000,16.0,C:\Users\dille\Documents\ilua-system\projects\physics_md_al_fe\runs\stageE_700k_dxa_confirm\20260625-102200\cases\E4_700k_dxa_confirm\E4_phys001942_700k_80k\production\dump.final.lammpstrj,C:\Users\dille\Documents\ilua-system\projects\physics_md_al_fe\runs\stageE_700k_dxa_confirm\20260625-102200\cases\E4_700k_dxa_confirm\E4_phys001942_700k_80k\production\restart.80000,288.38079,8895.0734,-2357075.8,26474.076,-2330601.7,8959.5754,8251.4496,9474.1953,0.001942,surface-distance,analytic ellipsoid Fe4Al13/Al interface from Stage E geometry metadata; r is radial signed distance from ellipsoid surface into Al matrix,155-157.69,156.3448327332043,18,1585.2327245639292,786.6054662591488,817.667038098557,1063.168409640545,1409.429394827034,1754.4415673274857,6124.456269559975,7013.551642243109,4343.390223458176,4683.235647677221,18,1.0,120.0,157.6896654664086,0,0,0,0.0,,,,,4.641197639618466,weak_hcp,local_lattice_disturbance_no_DXA,157.6896654664086,157.6896654664086,0.32312177580588347,0.4137230578855218,155.0,157.6896654664086
